{
  "type": "FeatureCollection",
  "features": [
    {
      "type": "Feature",
      "properties": {
        "research": true,
        "osm": true,
        "city": "洛阳",
        "sourceName": "汉魏洛阳古城北魏宫城城垣",
        "family": "hanweiluo",
        "period": "魏晋南北朝",
        "sourceUrl": "https://www.openstreetmap.org/way/1060279199",
        "sourceId": "osm-way-1060279199",
        "status": "现存遗迹地图标绘 · OSM",
        "note": "保留 OpenStreetMap 原始地理坐标及几何。表示所标绘的城垣或遗址构件，未覆盖的地方不补画；不代表各朝代完整城界、实测精度或全部考古保护范围。",
        "referenceUrl": "https://www.hanweimuseum.cn/exhibition",
        "label": "北魏宫城",
        "fillReference": true
      },
      "geometry": {
        "type": "Polygon",
        "coordinates": [
          [
            [
              112.6207906,
              34.7379008
            ],
            [
              112.6207074,
              34.7331181
            ],
            [
              112.6205867,
              34.7261827
            ],
            [
              112.6273781,
              34.7261386
            ],
            [
              112.6274481,
              34.7330394
            ],
            [
              112.6274961,
              34.7377686
            ],
            [
              112.6207906,
              34.7379008
            ]
          ]
        ]
      }
    },
    {
      "type": "Feature",
      "properties": {
        "research": true,
        "osm": true,
        "city": "洛阳",
        "sourceName": "汉魏洛阳故城城垣",
        "family": "hanweiluo",
        "period": "魏晋南北朝",
        "sourceUrl": "https://www.openstreetmap.org/way/1198845647",
        "sourceId": "osm-way-1198845647",
        "status": "现存遗迹地图标绘 · OSM",
        "note": "保留 OpenStreetMap 原始地理坐标及几何。表示所标绘的城垣或遗址构件，未覆盖的地方不补画；不代表各朝代完整城界、实测精度或全部考古保护范围。",
        "referenceUrl": "https://www.hanweimuseum.cn/exhibition",
        "correspondingPeriods": [
          "秦汉",
          "魏晋南北朝"
        ],
        "periods": [
          "魏晋南北朝",
          "秦汉"
        ],
        "periodNotes": {
          "秦汉": "汉晋旧城城垣位置参照；原始标绘不是东汉城墙分期实测，不含北魏外郭扩建。"
        }
      },
      "geometry": {
        "type": "LineString",
        "coordinates": [
          [
            112.616424,
            34.7452883
          ],
          [
            112.6168858,
            34.7491642
          ],
          [
            112.6144637,
            34.7494036
          ],
          [
            112.6139154,
            34.7455187
          ],
          [
            112.6136248,
            34.7434598
          ],
          [
            112.6135885,
            34.7432026
          ],
          [
            112.6131561,
            34.7423276
          ],
          [
            112.6129692,
            34.7410571
          ],
          [
            112.6127618,
            34.7398566
          ],
          [
            112.6127343,
            34.7396975
          ],
          [
            112.6124163,
            34.7378566
          ],
          [
            112.6119447,
            34.735244
          ],
          [
            112.6117564,
            34.7343535
          ],
          [
            112.6117087,
            34.7341027
          ],
          [
            112.6117065,
            34.7336338
          ],
          [
            112.6123405,
            34.7336432
          ],
          [
            112.6123412,
            34.733575
          ],
          [
            112.6123617,
            34.7314768
          ],
          [
            112.6122829,
            34.7269696
          ],
          [
            112.6122607,
            34.7260495
          ],
          [
            112.612208,
            34.7238715
          ],
          [
            112.6121464,
            34.7202957
          ],
          [
            112.6120909,
            34.7188219
          ],
          [
            112.6119929,
            34.716536
          ],
          [
            112.6119766,
            34.71546
          ],
          [
            112.6121799,
            34.715333
          ],
          [
            112.6122043,
            34.7151993
          ],
          [
            112.61231,
            34.7142101
          ],
          [
            112.6124102,
            34.7133042
          ],
          [
            112.6124319,
            34.7131073
          ],
          [
            112.6126027,
            34.7116904
          ]
        ]
      }
    },
    {
      "type": "Feature",
      "properties": {
        "research": true,
        "osm": true,
        "city": "洛阳",
        "sourceName": "汉魏洛阳故城城垣",
        "family": "hanweiluo",
        "period": "魏晋南北朝",
        "sourceUrl": "https://www.openstreetmap.org/way/1198845648",
        "sourceId": "osm-way-1198845648",
        "status": "现存遗迹地图标绘 · OSM",
        "note": "保留 OpenStreetMap 原始地理坐标及几何。表示所标绘的城垣或遗址构件，未覆盖的地方不补画；不代表各朝代完整城界、实测精度或全部考古保护范围。 汉晋旧城后成为北魏内城；北魏另筑更大的外郭城。这条记录为现存城垣构件标绘，不能当作东汉完整实测边界。",
        "referenceUrl": "https://www.hanweimuseum.cn/exhibition",
        "label": "汉晋洛阳城（北魏内城）",
        "labelCoordinates": [
          112.634,
          34.728
        ],
        "correspondingPeriods": [
          "秦汉",
          "魏晋南北朝"
        ],
        "periods": [
          "魏晋南北朝",
          "秦汉"
        ],
        "periodNotes": {
          "秦汉": "汉晋旧城城垣位置参照；原始标绘不是东汉城墙分期实测，不含北魏外郭扩建。"
        }
      },
      "geometry": {
        "type": "LineString",
        "coordinates": [
          [
            112.6392404,
            34.7105143
          ],
          [
            112.6393102,
            34.7126021
          ],
          [
            112.6393944,
            34.7151226
          ],
          [
            112.6393266,
            34.7158925
          ],
          [
            112.6396656,
            34.71764
          ],
          [
            112.6399986,
            34.7202302
          ],
          [
            112.6401125,
            34.7211457
          ],
          [
            112.6403531,
            34.7227878
          ],
          [
            112.6404295,
            34.7234268
          ],
          [
            112.6404948,
            34.7237602
          ],
          [
            112.6407304,
            34.7256212
          ],
          [
            112.6407363,
            34.7256637
          ],
          [
            112.6411134,
            34.7283808
          ],
          [
            112.6412432,
            34.7291985
          ],
          [
            112.6414496,
            34.7304994
          ],
          [
            112.6416596,
            34.7320421
          ],
          [
            112.6397191,
            34.7321861
          ],
          [
            112.6397144,
            34.7323818
          ],
          [
            112.6396983,
            34.7330478
          ],
          [
            112.6397264,
            34.7345292
          ],
          [
            112.639745,
            34.7363752
          ],
          [
            112.6398104,
            34.7381444
          ],
          [
            112.6398338,
            34.7388774
          ],
          [
            112.6397497,
            34.740021
          ],
          [
            112.639745,
            34.740681
          ],
          [
            112.6395723,
            34.7415982
          ],
          [
            112.6394462,
            34.7425921
          ],
          [
            112.6394103,
            34.7431831
          ],
          [
            112.6393006,
            34.7434623
          ],
          [
            112.6392051,
            34.7436251
          ],
          [
            112.6390175,
            34.7438287
          ],
          [
            112.6388228,
            34.7439567
          ],
          [
            112.6386353,
            34.7440352
          ],
          [
            112.638249,
            34.7441188
          ],
          [
            112.6374444,
            34.7442819
          ],
          [
            112.6325198,
            34.7450445
          ],
          [
            112.6317998,
            34.7451419
          ],
          [
            112.6314065,
            34.7451951
          ],
          [
            112.6312485,
            34.7452164
          ],
          [
            112.6302561,
            34.7452825
          ],
          [
            112.6291242,
            34.7454324
          ],
          [
            112.628577,
            34.7455206
          ],
          [
            112.6282551,
            34.7455161
          ],
          [
            112.6279816,
            34.7454456
          ],
          [
            112.6278743,
            34.7453046
          ]
        ]
      }
    },
    {
      "type": "Feature",
      "properties": {
        "research": true,
        "osm": true,
        "city": "洛阳",
        "sourceName": "汉魏洛阳故城永宁寺址",
        "family": "hanweiluo",
        "period": "魏晋南北朝",
        "sourceUrl": "https://www.openstreetmap.org/way/1198845649",
        "sourceId": "osm-way-1198845649",
        "status": "现存遗迹地图标绘 · OSM",
        "note": "保留 OpenStreetMap 原始地理坐标及几何。表示所标绘的城垣或遗址构件，未覆盖的地方不补画；不代表各朝代完整城界、实测精度或全部考古保护范围。",
        "referenceUrl": "https://www.hanweimuseum.cn/exhibition",
        "label": "永宁寺遗址"
      },
      "geometry": {
        "type": "Polygon",
        "coordinates": [
          [
            [
              112.6162809,
              34.7201753
            ],
            [
              112.6163129,
              34.7165433
            ],
            [
              112.6197087,
              34.7165265
            ],
            [
              112.6197212,
              34.7206697
            ],
            [
              112.6162809,
              34.7201753
            ]
          ]
        ]
      }
    },
    {
      "type": "Feature",
      "properties": {
        "research": true,
        "osm": true,
        "city": "洛阳",
        "sourceName": "汉魏洛阳故城城垣",
        "family": "hanweiluo",
        "period": "魏晋南北朝",
        "sourceUrl": "https://www.openstreetmap.org/way/1198845650",
        "sourceId": "osm-way-1198845650",
        "status": "现存遗迹地图标绘 · OSM",
        "note": "保留 OpenStreetMap 原始地理坐标及几何。表示所标绘的城垣或遗址构件，未覆盖的地方不补画；不代表各朝代完整城界、实测精度或全部考古保护范围。",
        "referenceUrl": "https://www.hanweimuseum.cn/exhibition",
        "correspondingPeriods": [
          "秦汉",
          "魏晋南北朝"
        ],
        "periods": [
          "魏晋南北朝",
          "秦汉"
        ],
        "periodNotes": {
          "秦汉": "汉晋旧城城垣位置参照；原始标绘不是东汉城墙分期实测，不含北魏外郭扩建。"
        }
      },
      "geometry": {
        "type": "LineString",
        "coordinates": [
          [
            112.6278743,
            34.7453046
          ],
          [
            112.6275735,
            34.741705
          ],
          [
            112.6275572,
            34.7415847
          ],
          [
            112.6205646,
            34.7424332
          ],
          [
            112.6198877,
            34.7425242
          ],
          [
            112.6174261,
            34.7428809
          ],
          [
            112.6158549,
            34.7431246
          ],
          [
            112.6157234,
            34.7431449
          ],
          [
            112.6159382,
            34.7453322
          ],
          [
            112.616424,
            34.7452883
          ]
        ]
      }
    },
    {
      "type": "Feature",
      "properties": {
        "research": true,
        "osm": true,
        "city": "洛阳",
        "sourceName": "汉魏洛阳故城（金墉城）城垣",
        "family": "hanweiluo",
        "period": "魏晋南北朝",
        "sourceUrl": "https://www.openstreetmap.org/way/1198845651",
        "sourceId": "osm-way-1198845651",
        "status": "现存遗迹地图标绘 · OSM",
        "note": "保留 OpenStreetMap 原始地理坐标及几何。表示所标绘的城垣或遗址构件，未覆盖的地方不补画；不代表各朝代完整城界、实测精度或全部考古保护范围。",
        "referenceUrl": "https://www.hanweimuseum.cn/exhibition"
      },
      "geometry": {
        "type": "LineString",
        "coordinates": [
          [
            112.6127618,
            34.7398566
          ],
          [
            112.6146186,
            34.7397044
          ],
          [
            112.6151883,
            34.7397197
          ],
          [
            112.6158549,
            34.7431246
          ]
        ]
      }
    },
    {
      "type": "Feature",
      "properties": {
        "research": true,
        "osm": true,
        "city": "洛阳",
        "sourceName": "汉魏洛阳故城金墉城",
        "family": "hanweiluo",
        "period": "魏晋南北朝",
        "sourceUrl": "https://www.openstreetmap.org/way/1198845652",
        "sourceId": "osm-way-1198845652",
        "status": "现存遗迹地图标绘 · OSM",
        "note": "保留 OpenStreetMap 原始地理坐标及几何。表示所标绘的城垣或遗址构件，未覆盖的地方不补画；不代表各朝代完整城界、实测精度或全部考古保护范围。",
        "referenceUrl": "https://www.hanweimuseum.cn/exhibition",
        "label": "金墉城"
      },
      "geometry": {
        "type": "Polygon",
        "coordinates": [
          [
            [
              112.6144637,
              34.7494036
            ],
            [
              112.6139154,
              34.7455187
            ],
            [
              112.6136248,
              34.7434598
            ],
            [
              112.6135885,
              34.7432026
            ],
            [
              112.6131561,
              34.7423276
            ],
            [
              112.6127618,
              34.7398566
            ],
            [
              112.6146186,
              34.7397044
            ],
            [
              112.6151883,
              34.7397197
            ],
            [
              112.6158549,
              34.7431246
            ],
            [
              112.6157234,
              34.7431449
            ],
            [
              112.6159382,
              34.7453322
            ],
            [
              112.616424,
              34.7452883
            ],
            [
              112.6168858,
              34.7491642
            ],
            [
              112.6144637,
              34.7494036
            ]
          ]
        ]
      }
    },
    {
      "type": "Feature",
      "properties": {
        "research": true,
        "osm": true,
        "city": "洛阳",
        "sourceName": "汉魏洛阳故城城垣",
        "family": "hanweiluo",
        "period": "魏晋南北朝",
        "sourceUrl": "https://www.openstreetmap.org/way/1198895106",
        "sourceId": "osm-way-1198895106",
        "status": "现存遗迹地图标绘 · OSM",
        "note": "保留 OpenStreetMap 原始地理坐标及几何。表示所标绘的城垣或遗址构件，未覆盖的地方不补画；不代表各朝代完整城界、实测精度或全部考古保护范围。",
        "referenceUrl": "https://www.hanweimuseum.cn/exhibition",
        "correspondingPeriods": [
          "秦汉",
          "魏晋南北朝"
        ],
        "periods": [
          "魏晋南北朝",
          "秦汉"
        ],
        "periodNotes": {
          "秦汉": "汉晋旧城城垣位置参照；原始标绘不是东汉城墙分期实测，不含北魏外郭扩建。"
        }
      },
      "geometry": {
        "type": "Polygon",
        "coordinates": [
          [
            [
              112.6119887,
              34.7195436
            ],
            [
              112.6119394,
              34.7189611
            ],
            [
              112.6119209,
              34.7182976
            ],
            [
              112.6118531,
              34.7163982
            ],
            [
              112.6118475,
              34.7156741
            ],
            [
              112.6118515,
              34.71537
            ],
            [
              112.6118759,
              34.7153333
            ],
            [
              112.6120101,
              34.7152831
            ],
            [
              112.6120711,
              34.7152363
            ],
            [
              112.6121158,
              34.7151695
            ],
            [
              112.6122215,
              34.714167
            ],
            [
              112.6122947,
              34.7133382
            ],
            [
              112.6124492,
              34.7133415
            ],
            [
              112.6125106,
              34.7133413
            ],
            [
              112.612441,
              34.7139999
            ],
            [
              112.6123841,
              34.7148186
            ],
            [
              112.6123435,
              34.7151027
            ],
            [
              112.6123069,
              34.7152497
            ],
            [
              112.6123069,
              34.7152998
            ],
            [
              112.6122906,
              34.7153466
            ],
            [
              112.6122012,
              34.7154101
            ],
            [
              112.6120467,
              34.7155471
            ],
            [
              112.6120385,
              34.715614
            ],
            [
              112.6120589,
              34.7163926
            ],
            [
              112.6121158,
              34.7178061
            ],
            [
              112.612128,
              34.7179097
            ],
            [
              112.6122012,
              34.7179331
            ],
            [
              112.6122174,
              34.7182272
            ],
            [
              112.6121971,
              34.7184979
            ],
            [
              112.6122174,
              34.7195438
            ],
            [
              112.6119887,
              34.7195436
            ]
          ]
        ]
      }
    },
    {
      "type": "Feature",
      "properties": {
        "research": true,
        "osm": true,
        "city": "洛阳",
        "sourceName": "汉魏洛阳故城城垣",
        "family": "hanweiluo",
        "period": "魏晋南北朝",
        "sourceUrl": "https://www.openstreetmap.org/way/1198895107",
        "sourceId": "osm-way-1198895107",
        "status": "现存遗迹地图标绘 · OSM",
        "note": "保留 OpenStreetMap 原始地理坐标及几何。表示所标绘的城垣或遗址构件，未覆盖的地方不补画；不代表各朝代完整城界、实测精度或全部考古保护范围。",
        "referenceUrl": "https://www.hanweimuseum.cn/exhibition",
        "correspondingPeriods": [
          "秦汉",
          "魏晋南北朝"
        ],
        "periods": [
          "魏晋南北朝",
          "秦汉"
        ],
        "periodNotes": {
          "秦汉": "汉晋旧城城垣位置参照；原始标绘不是东汉城墙分期实测，不含北魏外郭扩建。"
        }
      },
      "geometry": {
        "type": "Polygon",
        "coordinates": [
          [
            [
              112.6123038,
              34.7131971
            ],
            [
              112.6125091,
              34.7116843
            ],
            [
              112.6127179,
              34.7116814
            ],
            [
              112.6125162,
              34.7132058
            ],
            [
              112.6123038,
              34.7131971
            ]
          ]
        ]
      }
    },
    {
      "type": "Feature",
      "properties": {
        "research": true,
        "osm": true,
        "city": "洛阳",
        "sourceName": "汉魏洛阳故城城垣",
        "family": "hanweiluo",
        "period": "魏晋南北朝",
        "sourceUrl": "https://www.openstreetmap.org/way/1198895108",
        "sourceId": "osm-way-1198895108",
        "status": "现存遗迹地图标绘 · OSM",
        "note": "保留 OpenStreetMap 原始地理坐标及几何。表示所标绘的城垣或遗址构件，未覆盖的地方不补画；不代表各朝代完整城界、实测精度或全部考古保护范围。",
        "referenceUrl": "https://www.hanweimuseum.cn/exhibition",
        "correspondingPeriods": [
          "秦汉",
          "魏晋南北朝"
        ],
        "periods": [
          "魏晋南北朝",
          "秦汉"
        ],
        "periodNotes": {
          "秦汉": "汉晋旧城城垣位置参照；原始标绘不是东汉城墙分期实测，不含北魏外郭扩建。"
        }
      },
      "geometry": {
        "type": "Polygon",
        "coordinates": [
          [
            [
              112.6119597,
              34.7208407
            ],
            [
              112.6119812,
              34.7198632
            ],
            [
              112.6122524,
              34.7198809
            ],
            [
              112.6122678,
              34.7208331
            ],
            [
              112.6119597,
              34.7208407
            ]
          ]
        ]
      }
    },
    {
      "type": "Feature",
      "properties": {
        "research": true,
        "osm": true,
        "city": "洛阳",
        "sourceName": "汉魏洛阳故城城垣",
        "family": "hanweiluo",
        "period": "魏晋南北朝",
        "sourceUrl": "https://www.openstreetmap.org/way/1198895109",
        "sourceId": "osm-way-1198895109",
        "status": "现存遗迹地图标绘 · OSM",
        "note": "保留 OpenStreetMap 原始地理坐标及几何。表示所标绘的城垣或遗址构件，未覆盖的地方不补画；不代表各朝代完整城界、实测精度或全部考古保护范围。",
        "referenceUrl": "https://www.hanweimuseum.cn/exhibition",
        "correspondingPeriods": [
          "秦汉",
          "魏晋南北朝"
        ],
        "periods": [
          "魏晋南北朝",
          "秦汉"
        ],
        "periodNotes": {
          "秦汉": "汉晋旧城城垣位置参照；原始标绘不是东汉城墙分期实测，不含北魏外郭扩建。"
        }
      },
      "geometry": {
        "type": "Polygon",
        "coordinates": [
          [
            [
              112.6120955,
              34.725227
            ],
            [
              112.6119085,
              34.7226942
            ],
            [
              112.6119329,
              34.7213242
            ],
            [
              112.61225,
              34.7213041
            ],
            [
              112.6123476,
              34.7252203
            ],
            [
              112.6120955,
              34.725227
            ]
          ]
        ]
      }
    },
    {
      "type": "Feature",
      "properties": {
        "research": true,
        "osm": true,
        "city": "洛阳",
        "sourceName": "汉魏洛阳故城城垣",
        "family": "hanweiluo",
        "period": "魏晋南北朝",
        "sourceUrl": "https://www.openstreetmap.org/way/1198895110",
        "sourceId": "osm-way-1198895110",
        "status": "现存遗迹地图标绘 · OSM",
        "note": "保留 OpenStreetMap 原始地理坐标及几何。表示所标绘的城垣或遗址构件，未覆盖的地方不补画；不代表各朝代完整城界、实测精度或全部考古保护范围。",
        "referenceUrl": "https://www.hanweimuseum.cn/exhibition",
        "correspondingPeriods": [
          "秦汉",
          "魏晋南北朝"
        ],
        "periods": [
          "魏晋南北朝",
          "秦汉"
        ],
        "periodNotes": {
          "秦汉": "汉晋旧城城垣位置参照；原始标绘不是东汉城墙分期实测，不含北魏外郭扩建。"
        }
      },
      "geometry": {
        "type": "Polygon",
        "coordinates": [
          [
            [
              112.6391261,
              34.7124941
            ],
            [
              112.6390457,
              34.7105891
            ],
            [
              112.6394426,
              34.7105847
            ],
            [
              112.6394534,
              34.7124941
            ],
            [
              112.6391261,
              34.7124941
            ]
          ]
        ]
      }
    },
    {
      "type": "Feature",
      "properties": {
        "research": true,
        "osm": true,
        "city": "洛阳",
        "sourceName": "汉魏洛阳故城大夏门遗址",
        "family": "hanweiluo",
        "period": "魏晋南北朝",
        "sourceUrl": "https://www.openstreetmap.org/way/1198895112",
        "sourceId": "osm-way-1198895112",
        "status": "现存遗迹地图标绘 · OSM",
        "note": "保留 OpenStreetMap 原始地理坐标及几何。表示所标绘的城垣或遗址构件，未覆盖的地方不补画；不代表各朝代完整城界、实测精度或全部考古保护范围。",
        "referenceUrl": "https://www.hanweimuseum.cn/exhibition"
      },
      "geometry": {
        "type": "Polygon",
        "coordinates": [
          [
            [
              112.6196808,
              34.7426554
            ],
            [
              112.6196454,
              34.742526
            ],
            [
              112.6200559,
              34.7424547
            ],
            [
              112.6200754,
              34.7425885
            ],
            [
              112.6196808,
              34.7426554
            ]
          ]
        ]
      }
    },
    {
      "type": "Feature",
      "properties": {
        "research": true,
        "osm": true,
        "city": "洛阳",
        "sourceName": "汉魏洛阳故城城垣",
        "family": "hanweiluo",
        "period": "魏晋南北朝",
        "sourceUrl": "https://www.openstreetmap.org/way/1198895115",
        "sourceId": "osm-way-1198895115",
        "status": "现存遗迹地图标绘 · OSM",
        "note": "保留 OpenStreetMap 原始地理坐标及几何。表示所标绘的城垣或遗址构件，未覆盖的地方不补画；不代表各朝代完整城界、实测精度或全部考古保护范围。",
        "referenceUrl": "https://www.hanweimuseum.cn/exhibition",
        "correspondingPeriods": [
          "秦汉",
          "魏晋南北朝"
        ],
        "periods": [
          "魏晋南北朝",
          "秦汉"
        ],
        "periodNotes": {
          "秦汉": "汉晋旧城城垣位置参照；原始标绘不是东汉城墙分期实测，不含北魏外郭扩建。"
        }
      },
      "geometry": {
        "type": "Polygon",
        "coordinates": [
          [
            [
              112.6143298,
              34.7495178
            ],
            [
              112.6141524,
              34.7479944
            ],
            [
              112.6143719,
              34.7479868
            ],
            [
              112.61454,
              34.7492876
            ],
            [
              112.6145773,
              34.7493336
            ],
            [
              112.6152124,
              34.7492492
            ],
            [
              112.616039,
              34.7491648
            ],
            [
              112.6167108,
              34.7490543
            ],
            [
              112.6166041,
              34.7480021
            ],
            [
              112.6168081,
              34.7479835
            ],
            [
              112.6169357,
              34.7491916
            ],
            [
              112.6143298,
              34.7495178
            ]
          ]
        ]
      }
    },
    {
      "type": "Feature",
      "properties": {
        "research": true,
        "osm": true,
        "city": "洛阳",
        "sourceName": "汉魏洛阳故城城垣",
        "family": "hanweiluo",
        "period": "魏晋南北朝",
        "sourceUrl": "https://www.openstreetmap.org/way/1207091784",
        "sourceId": "osm-way-1207091784",
        "status": "现存遗迹地图标绘 · OSM",
        "note": "保留 OpenStreetMap 原始地理坐标及几何。表示所标绘的城垣或遗址构件，未覆盖的地方不补画；不代表各朝代完整城界、实测精度或全部考古保护范围。",
        "referenceUrl": "https://www.hanweimuseum.cn/exhibition",
        "correspondingPeriods": [
          "秦汉",
          "魏晋南北朝"
        ],
        "periods": [
          "魏晋南北朝",
          "秦汉"
        ],
        "periodNotes": {
          "秦汉": "汉晋旧城城垣位置参照；原始标绘不是东汉城墙分期实测，不含北魏外郭扩建。"
        }
      },
      "geometry": {
        "type": "Polygon",
        "coordinates": [
          [
            [
              112.6396864,
              34.718273
            ],
            [
              112.6395661,
              34.7177377
            ],
            [
              112.6394882,
              34.7171442
            ],
            [
              112.6392193,
              34.7159108
            ],
            [
              112.6391626,
              34.7155733
            ],
            [
              112.6393042,
              34.7149275
            ],
            [
              112.6393042,
              34.7148402
            ],
            [
              112.6394812,
              34.7148634
            ],
            [
              112.639559,
              34.7154918
            ],
            [
              112.6395378,
              34.7164111
            ],
            [
              112.6396369,
              34.7170221
            ],
            [
              112.6397289,
              34.7174991
            ],
            [
              112.6398068,
              34.7179937
            ],
            [
              112.6396864,
              34.718273
            ]
          ]
        ]
      }
    },
    {
      "type": "Feature",
      "properties": {
        "research": true,
        "osm": true,
        "city": "洛阳",
        "sourceName": "汉魏洛阳故城城垣",
        "family": "hanweiluo",
        "period": "魏晋南北朝",
        "sourceUrl": "https://www.openstreetmap.org/way/1207091785",
        "sourceId": "osm-way-1207091785",
        "status": "现存遗迹地图标绘 · OSM",
        "note": "保留 OpenStreetMap 原始地理坐标及几何。表示所标绘的城垣或遗址构件，未覆盖的地方不补画；不代表各朝代完整城界、实测精度或全部考古保护范围。",
        "referenceUrl": "https://www.hanweimuseum.cn/exhibition",
        "correspondingPeriods": [
          "秦汉",
          "魏晋南北朝"
        ],
        "periods": [
          "魏晋南北朝",
          "秦汉"
        ],
        "periodNotes": {
          "秦汉": "汉晋旧城城垣位置参照；原始标绘不是东汉城墙分期实测，不含北魏外郭扩建。"
        }
      },
      "geometry": {
        "type": "Polygon",
        "coordinates": [
          [
            [
              112.6401182,
              34.7217347
            ],
            [
              112.6399979,
              34.7211704
            ],
            [
              112.6399342,
              34.7209202
            ],
            [
              112.6398351,
              34.72003
            ],
            [
              112.6397289,
              34.7192155
            ],
            [
              112.639736,
              34.7190061
            ],
            [
              112.6397926,
              34.7190293
            ],
            [
              112.6399979,
              34.7194133
            ],
            [
              112.6400687,
              34.7200766
            ],
            [
              112.6401678,
              34.7206817
            ],
            [
              112.6402315,
              34.7212344
            ],
            [
              112.6401182,
              34.7217347
            ]
          ]
        ]
      }
    },
    {
      "type": "Feature",
      "properties": {
        "research": true,
        "osm": true,
        "city": "洛阳",
        "sourceName": "汉魏洛阳故城城垣",
        "family": "hanweiluo",
        "period": "魏晋南北朝",
        "sourceUrl": "https://www.openstreetmap.org/way/1207091786",
        "sourceId": "osm-way-1207091786",
        "status": "现存遗迹地图标绘 · OSM",
        "note": "保留 OpenStreetMap 原始地理坐标及几何。表示所标绘的城垣或遗址构件，未覆盖的地方不补画；不代表各朝代完整城界、实测精度或全部考古保护范围。",
        "referenceUrl": "https://www.hanweimuseum.cn/exhibition",
        "correspondingPeriods": [
          "秦汉",
          "魏晋南北朝"
        ],
        "periods": [
          "魏晋南北朝",
          "秦汉"
        ],
        "periodNotes": {
          "秦汉": "汉晋旧城城垣位置参照；原始标绘不是东汉城墙分期实测，不含北魏外郭扩建。"
        }
      },
      "geometry": {
        "type": "Polygon",
        "coordinates": [
          [
            [
              112.6405012,
              34.7242353
            ],
            [
              112.640395,
              34.7237146
            ],
            [
              112.6405224,
              34.723703
            ],
            [
              112.6406109,
              34.7242236
            ],
            [
              112.6405012,
              34.7242353
            ]
          ]
        ]
      }
    },
    {
      "type": "Feature",
      "properties": {
        "research": true,
        "osm": true,
        "city": "洛阳",
        "sourceName": "汉魏洛阳故城城垣",
        "family": "hanweiluo",
        "period": "魏晋南北朝",
        "sourceUrl": "https://www.openstreetmap.org/way/1207091787",
        "sourceId": "osm-way-1207091787",
        "status": "现存遗迹地图标绘 · OSM",
        "note": "保留 OpenStreetMap 原始地理坐标及几何。表示所标绘的城垣或遗址构件，未覆盖的地方不补画；不代表各朝代完整城界、实测精度或全部考古保护范围。",
        "referenceUrl": "https://www.hanweimuseum.cn/exhibition",
        "correspondingPeriods": [
          "秦汉",
          "魏晋南北朝"
        ],
        "periods": [
          "魏晋南北朝",
          "秦汉"
        ],
        "periodNotes": {
          "秦汉": "汉晋旧城城垣位置参照；原始标绘不是东汉城墙分期实测，不含北魏外郭扩建。"
        }
      },
      "geometry": {
        "type": "Polygon",
        "coordinates": [
          [
            [
              112.6403738,
              34.7234092
            ],
            [
              112.6403313,
              34.7232637
            ],
            [
              112.6404666,
              34.72327
            ],
            [
              112.6404814,
              34.72341
            ],
            [
              112.6403738,
              34.7234092
            ]
          ]
        ]
      }
    },
    {
      "type": "Feature",
      "properties": {
        "research": true,
        "osm": true,
        "city": "洛阳",
        "sourceName": "汉魏洛阳故城城垣",
        "family": "hanweiluo",
        "period": "魏晋南北朝",
        "sourceUrl": "https://www.openstreetmap.org/way/1207091788",
        "sourceId": "osm-way-1207091788",
        "status": "现存遗迹地图标绘 · OSM",
        "note": "保留 OpenStreetMap 原始地理坐标及几何。表示所标绘的城垣或遗址构件，未覆盖的地方不补画；不代表各朝代完整城界、实测精度或全部考古保护范围。",
        "referenceUrl": "https://www.hanweimuseum.cn/exhibition",
        "correspondingPeriods": [
          "秦汉",
          "魏晋南北朝"
        ],
        "periods": [
          "魏晋南北朝",
          "秦汉"
        ],
        "periodNotes": {
          "秦汉": "汉晋旧城城垣位置参照；原始标绘不是东汉城墙分期实测，不含北魏外郭扩建。"
        }
      },
      "geometry": {
        "type": "Polygon",
        "coordinates": [
          [
            [
              112.641041,
              34.728351
            ],
            [
              112.640971,
              34.7280401
            ],
            [
              112.6409383,
              34.7276179
            ],
            [
              112.6409056,
              34.7271919
            ],
            [
              112.6408122,
              34.7267275
            ],
            [
              112.6407608,
              34.7262822
            ],
            [
              112.6406955,
              34.7258792
            ],
            [
              112.6408215,
              34.7259214
            ],
            [
              112.640957,
              34.7266353
            ],
            [
              112.6410644,
              34.7271995
            ],
            [
              112.6410784,
              34.7276678
            ],
            [
              112.6411625,
              34.7280593
            ],
            [
              112.6411671,
              34.7282205
            ],
            [
              112.641041,
              34.728351
            ]
          ]
        ]
      }
    },
    {
      "type": "Feature",
      "properties": {
        "research": true,
        "osm": true,
        "city": "洛阳",
        "sourceName": "汉魏洛阳故城城垣",
        "family": "hanweiluo",
        "period": "魏晋南北朝",
        "sourceUrl": "https://www.openstreetmap.org/way/1207091789",
        "sourceId": "osm-way-1207091789",
        "status": "现存遗迹地图标绘 · OSM",
        "note": "保留 OpenStreetMap 原始地理坐标及几何。表示所标绘的城垣或遗址构件，未覆盖的地方不补画；不代表各朝代完整城界、实测精度或全部考古保护范围。",
        "referenceUrl": "https://www.hanweimuseum.cn/exhibition",
        "correspondingPeriods": [
          "秦汉",
          "魏晋南北朝"
        ],
        "periods": [
          "魏晋南北朝",
          "秦汉"
        ],
        "periodNotes": {
          "秦汉": "汉晋旧城城垣位置参照；原始标绘不是东汉城墙分期实测，不含北魏外郭扩建。"
        }
      },
      "geometry": {
        "type": "Polygon",
        "coordinates": [
          [
            [
              112.6410823,
              34.7289565
            ],
            [
              112.6411624,
              34.7289464
            ],
            [
              112.6412432,
              34.7291985
            ],
            [
              112.6413781,
              34.7296706
            ],
            [
              112.6414828,
              34.7301416
            ],
            [
              112.6415568,
              34.7307797
            ],
            [
              112.6416246,
              34.7312861
            ],
            [
              112.6417231,
              34.7317014
            ],
            [
              112.6415013,
              34.7316355
            ],
            [
              112.6413966,
              34.7310785
            ],
            [
              112.6413781,
              34.7305113
            ],
            [
              112.6412733,
              34.7299289
            ],
            [
              112.6411377,
              34.729311
            ],
            [
              112.6410823,
              34.7289565
            ]
          ]
        ]
      }
    },
    {
      "type": "Feature",
      "properties": {
        "research": true,
        "osm": true,
        "city": "洛阳",
        "sourceName": "汉魏洛阳故城城垣",
        "family": "hanweiluo",
        "period": "魏晋南北朝",
        "sourceUrl": "https://www.openstreetmap.org/way/1207091790",
        "sourceId": "osm-way-1207091790",
        "status": "现存遗迹地图标绘 · OSM",
        "note": "保留 OpenStreetMap 原始地理坐标及几何。表示所标绘的城垣或遗址构件，未覆盖的地方不补画；不代表各朝代完整城界、实测精度或全部考古保护范围。",
        "referenceUrl": "https://www.hanweimuseum.cn/exhibition",
        "correspondingPeriods": [
          "秦汉",
          "魏晋南北朝"
        ],
        "periods": [
          "魏晋南北朝",
          "秦汉"
        ],
        "periodNotes": {
          "秦汉": "汉晋旧城城垣位置参照；原始标绘不是东汉城墙分期实测，不含北魏外郭扩建。"
        }
      },
      "geometry": {
        "type": "Polygon",
        "coordinates": [
          [
            [
              112.6277645,
              34.7452863
            ],
            [
              112.6278252,
              34.7454321
            ],
            [
              112.6280727,
              34.7455856
            ],
            [
              112.6287079,
              34.7455817
            ],
            [
              112.6295298,
              34.7454436
            ],
            [
              112.6301929,
              34.7453477
            ],
            [
              112.630786,
              34.7453477
            ],
            [
              112.6312623,
              34.7452632
            ],
            [
              112.6314024,
              34.7452441
            ],
            [
              112.6314065,
              34.7451951
            ],
            [
              112.630842,
              34.7452018
            ],
            [
              112.6303844,
              34.7452364
            ],
            [
              112.6294971,
              34.7453361
            ],
            [
              112.6286378,
              34.7454628
            ],
            [
              112.62804,
              34.7454206
            ],
            [
              112.627928,
              34.7452747
            ],
            [
              112.6277645,
              34.7452863
            ]
          ]
        ]
      }
    },
    {
      "type": "Feature",
      "properties": {
        "research": true,
        "osm": true,
        "city": "洛阳",
        "sourceName": "汉魏洛阳故城城垣",
        "family": "hanweiluo",
        "period": "魏晋南北朝",
        "sourceUrl": "https://www.openstreetmap.org/way/1207091791",
        "sourceId": "osm-way-1207091791",
        "status": "现存遗迹地图标绘 · OSM",
        "note": "保留 OpenStreetMap 原始地理坐标及几何。表示所标绘的城垣或遗址构件，未覆盖的地方不补画；不代表各朝代完整城界、实测精度或全部考古保护范围。",
        "referenceUrl": "https://www.hanweimuseum.cn/exhibition",
        "correspondingPeriods": [
          "秦汉",
          "魏晋南北朝"
        ],
        "periods": [
          "魏晋南北朝",
          "秦汉"
        ],
        "periodNotes": {
          "秦汉": "汉晋旧城城垣位置参照；原始标绘不是东汉城墙分期实测，不含北魏外郭扩建。"
        }
      },
      "geometry": {
        "type": "Polygon",
        "coordinates": [
          [
            [
              112.6322011,
              34.7451448
            ],
            [
              112.632158,
              34.7450233
            ],
            [
              112.6332548,
              34.7448663
            ],
            [
              112.6344441,
              34.7446942
            ],
            [
              112.6359723,
              34.7444613
            ],
            [
              112.6370815,
              34.7442385
            ],
            [
              112.6380058,
              34.7440967
            ],
            [
              112.6384248,
              34.7439954
            ],
            [
              112.6388377,
              34.7438739
            ],
            [
              112.6391889,
              34.7433929
            ],
            [
              112.6393245,
              34.7429625
            ],
            [
              112.6393306,
              34.7427751
            ],
            [
              112.6394107,
              34.7422688
            ],
            [
              112.6395032,
              34.7415042
            ],
            [
              112.6395648,
              34.7411041
            ],
            [
              112.6395956,
              34.7404206
            ],
            [
              112.6396634,
              34.7400256
            ],
            [
              112.6397096,
              34.7398814
            ],
            [
              112.6398852,
              34.7397168
            ],
            [
              112.6398667,
              34.7401852
            ],
            [
              112.6398698,
              34.7409473
            ],
            [
              112.6398627,
              34.7412199
            ],
            [
              112.6396646,
              34.7420517
            ],
            [
              112.6395796,
              34.7423018
            ],
            [
              112.6395017,
              34.7428427
            ],
            [
              112.6393395,
              34.7434696
            ],
            [
              112.6391571,
              34.7437495
            ],
            [
              112.6388325,
              34.7440118
            ],
            [
              112.63828,
              34.7441705
            ],
            [
              112.6373861,
              34.7443392
            ],
            [
              112.6363447,
              34.7445196
            ],
            [
              112.6350138,
              34.744723
            ],
            [
              112.6335661,
              34.7449455
            ],
            [
              112.6322011,
              34.7451448
            ]
          ]
        ]
      }
    },
    {
      "type": "Feature",
      "properties": {
        "research": true,
        "osm": true,
        "city": "洛阳",
        "sourceName": "汉魏洛阳故城城垣",
        "family": "hanweiluo",
        "period": "魏晋南北朝",
        "sourceUrl": "https://www.openstreetmap.org/way/1207091792",
        "sourceId": "osm-way-1207091792",
        "status": "现存遗迹地图标绘 · OSM",
        "note": "保留 OpenStreetMap 原始地理坐标及几何。表示所标绘的城垣或遗址构件，未覆盖的地方不补画；不代表各朝代完整城界、实测精度或全部考古保护范围。",
        "referenceUrl": "https://www.hanweimuseum.cn/exhibition",
        "correspondingPeriods": [
          "秦汉",
          "魏晋南北朝"
        ],
        "periods": [
          "魏晋南北朝",
          "秦汉"
        ],
        "periodNotes": {
          "秦汉": "汉晋旧城城垣位置参照；原始标绘不是东汉城墙分期实测，不含北魏外郭扩建。"
        }
      },
      "geometry": {
        "type": "Polygon",
        "coordinates": [
          [
            [
              112.6122504,
              34.7314896
            ],
            [
              112.6122343,
              34.7308062
            ],
            [
              112.6122236,
              34.7305329
            ],
            [
              112.6122182,
              34.7301978
            ],
            [
              112.612245,
              34.7292852
            ],
            [
              112.6122182,
              34.728862
            ],
            [
              112.6121967,
              34.728161
            ],
            [
              112.6121967,
              34.7273542
            ],
            [
              112.6121163,
              34.7266355
            ],
            [
              112.6120894,
              34.7264636
            ],
            [
              112.6123094,
              34.7264724
            ],
            [
              112.612363,
              34.7277289
            ],
            [
              112.6123899,
              34.7284079
            ],
            [
              112.6123791,
              34.7292764
            ],
            [
              112.6124113,
              34.729876
            ],
            [
              112.6123952,
              34.7304227
            ],
            [
              112.612465,
              34.7315116
            ],
            [
              112.6122504,
              34.7314896
            ]
          ]
        ]
      }
    },
    {
      "type": "Feature",
      "properties": {
        "research": true,
        "osm": true,
        "city": "郑州",
        "sourceName": "郑州商城内城南侧城墙遗迹（地图标绘）",
        "family": "shangzhengzhou",
        "period": "夏商",
        "sourceUrl": "https://www.openstreetmap.org/way/730973822",
        "sourceId": "osm-way-730973822",
        "status": "现存城垣地图标绘 · OSM",
        "note": "原始记录标为城墙，按与郑州商城城垣的地理位置关系接入；未命名记录的名称仅说明方位，不能作为考古断代依据。保留原始线形，未覆盖处不补画，不等于完整商代城界或全部保护范围。",
        "referenceUrl": "https://www.zhengzhou.gov.cn/view22/6472622.jhtml"
      },
      "geometry": {
        "type": "LineString",
        "coordinates": [
          [
            113.6699313,
            34.7472084
          ],
          [
            113.6690623,
            34.7473252
          ],
          [
            113.6688933,
            34.7472833
          ],
          [
            113.6667797,
            34.7476249
          ],
          [
            113.6665745,
            34.7478387
          ],
          [
            113.6664149,
            34.747874
          ],
          [
            113.6656116,
            34.7480426
          ],
          [
            113.6655217,
            34.7480227
          ],
          [
            113.6653769,
            34.7479787
          ],
          [
            113.6653139,
            34.7479632
          ],
          [
            113.665098,
            34.7479588
          ],
          [
            113.6649343,
            34.7480679
          ],
          [
            113.6647707,
            34.7481946
          ],
          [
            113.6647412,
            34.7482674
          ],
          [
            113.6647452,
            34.748361
          ],
          [
            113.6647774,
            34.7485219
          ],
          [
            113.66487,
            34.749171
          ],
          [
            113.6649182,
            34.7494475
          ]
        ]
      }
    },
    {
      "type": "Feature",
      "properties": {
        "research": true,
        "osm": true,
        "city": "郑州",
        "sourceName": "郑州商城内城南侧城墙遗迹（地图标绘）",
        "family": "shangzhengzhou",
        "period": "夏商",
        "sourceUrl": "https://www.openstreetmap.org/way/731174581",
        "sourceId": "osm-way-731174581",
        "status": "现存城垣地图标绘 · OSM",
        "note": "原始记录标为城墙，按与郑州商城城垣的地理位置关系接入；未命名记录的名称仅说明方位，不能作为考古断代依据。保留原始线形，未覆盖处不补画，不等于完整商代城界或全部保护范围。",
        "referenceUrl": "https://www.zhengzhou.gov.cn/view22/6472622.jhtml"
      },
      "geometry": {
        "type": "LineString",
        "coordinates": [
          [
            113.6756826,
            34.7463941
          ],
          [
            113.6756149,
            34.7462007
          ],
          [
            113.6755651,
            34.7462085
          ],
          [
            113.6718075,
            34.7467935
          ]
        ]
      }
    },
    {
      "type": "Feature",
      "properties": {
        "research": true,
        "osm": true,
        "city": "郑州",
        "sourceName": "郑州商城内城南侧城墙遗迹（地图标绘）",
        "family": "shangzhengzhou",
        "period": "夏商",
        "sourceUrl": "https://www.openstreetmap.org/way/731174584",
        "sourceId": "osm-way-731174584",
        "status": "现存城垣地图标绘 · OSM",
        "note": "原始记录标为城墙，按与郑州商城城垣的地理位置关系接入；未命名记录的名称仅说明方位，不能作为考古断代依据。保留原始线形，未覆盖处不补画，不等于完整商代城界或全部保护范围。",
        "referenceUrl": "https://www.zhengzhou.gov.cn/view22/6472622.jhtml"
      },
      "geometry": {
        "type": "LineString",
        "coordinates": [
          [
            113.6717163,
            34.746858
          ],
          [
            113.6714816,
            34.7468833
          ],
          [
            113.6713891,
            34.7469054
          ],
          [
            113.6713395,
            34.7469296
          ],
          [
            113.6712912,
            34.746966
          ],
          [
            113.6703309,
            34.7471324
          ],
          [
            113.6703148,
            34.74715
          ],
          [
            113.6703296,
            34.7473098
          ]
        ]
      }
    },
    {
      "type": "Feature",
      "properties": {
        "research": true,
        "osm": true,
        "city": "郑州",
        "sourceName": "郑州商城内城南侧城墙遗迹（地图标绘）",
        "family": "shangzhengzhou",
        "period": "夏商",
        "sourceUrl": "https://www.openstreetmap.org/way/731174585",
        "sourceId": "osm-way-731174585",
        "status": "现存城垣地图标绘 · OSM",
        "note": "原始记录标为城墙，按与郑州商城城垣的地理位置关系接入；未命名记录的名称仅说明方位，不能作为考古断代依据。保留原始线形，未覆盖处不补画，不等于完整商代城界或全部保护范围。",
        "referenceUrl": "https://www.zhengzhou.gov.cn/view22/6472622.jhtml"
      },
      "geometry": {
        "type": "LineString",
        "coordinates": [
          [
            113.6699621,
            34.7473506
          ],
          [
            113.6699313,
            34.7472084
          ]
        ]
      }
    },
    {
      "type": "Feature",
      "properties": {
        "research": true,
        "osm": true,
        "city": "郑州",
        "sourceName": "郑州商城内城东侧城墙遗迹（地图标绘）",
        "family": "shangzhengzhou",
        "period": "夏商",
        "sourceUrl": "https://www.openstreetmap.org/way/731262038",
        "sourceId": "osm-way-731262038",
        "status": "现存城垣地图标绘 · OSM",
        "note": "原始记录标为城墙，按与郑州商城城垣的地理位置关系接入；未命名记录的名称仅说明方位，不能作为考古断代依据。保留原始线形，未覆盖处不补画，不等于完整商代城界或全部保护范围。",
        "referenceUrl": "https://www.zhengzhou.gov.cn/view22/6472622.jhtml"
      },
      "geometry": {
        "type": "Polygon",
        "coordinates": [
          [
            [
              113.6837473,
              34.7486387
            ],
            [
              113.6835938,
              34.7486542
            ],
            [
              113.6838111,
              34.7501109
            ],
            [
              113.6839646,
              34.7500955
            ],
            [
              113.6837473,
              34.7486387
            ]
          ]
        ]
      }
    },
    {
      "type": "Feature",
      "properties": {
        "research": true,
        "osm": true,
        "city": "郑州",
        "sourceName": "郑州商城内城南侧城墙遗迹（地图标绘）",
        "family": "shangzhengzhou",
        "period": "夏商",
        "sourceUrl": "https://www.openstreetmap.org/way/731262039",
        "sourceId": "osm-way-731262039",
        "status": "现存城垣地图标绘 · OSM",
        "note": "原始记录标为城墙，按与郑州商城城垣的地理位置关系接入；未命名记录的名称仅说明方位，不能作为考古断代依据。保留原始线形，未覆盖处不补画，不等于完整商代城界或全部保护范围。",
        "referenceUrl": "https://www.zhengzhou.gov.cn/view22/6472622.jhtml"
      },
      "geometry": {
        "type": "LineString",
        "coordinates": [
          [
            113.6762452,
            34.7463224
          ],
          [
            113.6762251,
            34.7460947
          ],
          [
            113.6764088,
            34.7460785
          ],
          [
            113.6770387,
            34.7459724
          ],
          [
            113.6773901,
            34.7459206
          ],
          [
            113.6814934,
            34.7452833
          ],
          [
            113.6826369,
            34.7450912
          ],
          [
            113.6832188,
            34.745024
          ],
          [
            113.6832376,
            34.7451437
          ],
          [
            113.6832623,
            34.745463
          ],
          [
            113.6833495,
            34.7456579
          ],
          [
            113.6834443,
            34.7464295
          ],
          [
            113.6835757,
            34.7473715
          ],
          [
            113.6837192,
            34.7480933
          ],
          [
            113.6834952,
            34.7481417
          ]
        ]
      }
    },
    {
      "type": "Feature",
      "properties": {
        "research": true,
        "osm": true,
        "city": "郑州",
        "sourceName": "郑州商城内城东侧城墙遗迹（地图标绘）",
        "family": "shangzhengzhou",
        "period": "夏商",
        "sourceUrl": "https://www.openstreetmap.org/way/1369417269",
        "sourceId": "osm-way-1369417269",
        "status": "现存城垣地图标绘 · OSM",
        "note": "原始记录标为城墙，按与郑州商城城垣的地理位置关系接入；未命名记录的名称仅说明方位，不能作为考古断代依据。保留原始线形，未覆盖处不补画，不等于完整商代城界或全部保护范围。",
        "referenceUrl": "https://www.zhengzhou.gov.cn/view22/6472622.jhtml"
      },
      "geometry": {
        "type": "Polygon",
        "coordinates": [
          [
            [
              113.6838189,
              34.7502008
            ],
            [
              113.6839202,
              34.7501893
            ],
            [
              113.6841614,
              34.7518522
            ],
            [
              113.684074,
              34.7518522
            ],
            [
              113.6840915,
              34.7517
            ],
            [
              113.6840111,
              34.7511946
            ],
            [
              113.6838189,
              34.7502008
            ]
          ]
        ]
      }
    },
    {
      "type": "Feature",
      "properties": {
        "research": true,
        "osm": true,
        "city": "郑州",
        "sourceName": "郑州商城内城 · 商城北城墙遗址人民广场段",
        "family": "shangzhengzhou",
        "period": "夏商",
        "sourceUrl": "https://www.openstreetmap.org/way/1371019236",
        "sourceId": "osm-way-1371019236",
        "status": "现存城垣地图标绘 · OSM",
        "note": "原始记录标为城墙，按与郑州商城城垣的地理位置关系接入；未命名记录的名称仅说明方位，不能作为考古断代依据。保留原始线形，未覆盖处不补画，不等于完整商代城界或全部保护范围。",
        "referenceUrl": "https://www.zhengzhou.gov.cn/view22/6472622.jhtml"
      },
      "geometry": {
        "type": "Polygon",
        "coordinates": [
          [
            [
              113.6729133,
              34.7647066
            ],
            [
              113.6728953,
              34.7645374
            ],
            [
              113.6741192,
              34.7644597
            ],
            [
              113.6741342,
              34.7646289
            ],
            [
              113.6729133,
              34.7647066
            ]
          ]
        ]
      }
    },
    {
      "type": "Feature",
      "properties": {
        "research": true,
        "osm": true,
        "city": "郑州",
        "sourceName": "郑州商城内城 · 商城城墙遗址紫荆山公园残留段",
        "family": "shangzhengzhou",
        "period": "夏商",
        "sourceUrl": "https://www.openstreetmap.org/way/1371019237",
        "sourceId": "osm-way-1371019237",
        "status": "现存城垣地图标绘 · OSM",
        "note": "原始记录标为城墙，按与郑州商城城垣的地理位置关系接入；未命名记录的名称仅说明方位，不能作为考古断代依据。保留原始线形，未覆盖处不补画，不等于完整商代城界或全部保护范围。",
        "referenceUrl": "https://www.zhengzhou.gov.cn/view22/6472622.jhtml"
      },
      "geometry": {
        "type": "LineString",
        "coordinates": [
          [
            113.6777058,
            34.7638447
          ],
          [
            113.6792314,
            34.7633071
          ]
        ]
      }
    },
    {
      "type": "Feature",
      "properties": {
        "research": true,
        "osm": true,
        "city": "郑州",
        "sourceName": "郑州商城内城东侧城墙遗迹（地图标绘）",
        "family": "shangzhengzhou",
        "period": "夏商",
        "sourceUrl": "https://www.openstreetmap.org/way/1371019238",
        "sourceId": "osm-way-1371019238",
        "status": "现存城垣地图标绘 · OSM",
        "note": "原始记录标为城墙，按与郑州商城城垣的地理位置关系接入；未命名记录的名称仅说明方位，不能作为考古断代依据。保留原始线形，未覆盖处不补画，不等于完整商代城界或全部保护范围。",
        "referenceUrl": "https://www.zhengzhou.gov.cn/view22/6472622.jhtml"
      },
      "geometry": {
        "type": "LineString",
        "coordinates": [
          [
            113.6849387,
            34.7598285
          ],
          [
            113.6849229,
            34.7590018
          ]
        ]
      }
    },
    {
      "type": "Feature",
      "properties": {
        "research": true,
        "osm": true,
        "city": "郑州",
        "sourceName": "郑州商城内城东侧城墙遗迹（地图标绘）",
        "family": "shangzhengzhou",
        "period": "夏商",
        "sourceUrl": "https://www.openstreetmap.org/way/1371019239",
        "sourceId": "osm-way-1371019239",
        "status": "现存城垣地图标绘 · OSM",
        "note": "原始记录标为城墙，按与郑州商城城垣的地理位置关系接入；未命名记录的名称仅说明方位，不能作为考古断代依据。保留原始线形，未覆盖处不补画，不等于完整商代城界或全部保护范围。",
        "referenceUrl": "https://www.zhengzhou.gov.cn/view22/6472622.jhtml"
      },
      "geometry": {
        "type": "LineString",
        "coordinates": [
          [
            113.6848294,
            34.7570347
          ],
          [
            113.6847504,
            34.7566085
          ]
        ]
      }
    },
    {
      "type": "Feature",
      "properties": {
        "research": true,
        "osm": true,
        "city": "郑州",
        "sourceName": "郑州商城内城东侧城墙遗迹（地图标绘）",
        "family": "shangzhengzhou",
        "period": "夏商",
        "sourceUrl": "https://www.openstreetmap.org/way/1371019240",
        "sourceId": "osm-way-1371019240",
        "status": "现存城垣地图标绘 · OSM",
        "note": "原始记录标为城墙，按与郑州商城城垣的地理位置关系接入；未命名记录的名称仅说明方位，不能作为考古断代依据。保留原始线形，未覆盖处不补画，不等于完整商代城界或全部保护范围。",
        "referenceUrl": "https://www.zhengzhou.gov.cn/view22/6472622.jhtml"
      },
      "geometry": {
        "type": "Polygon",
        "coordinates": [
          [
            [
              113.6842364,
              34.7546386
            ],
            [
              113.6841385,
              34.7543744
            ],
            [
              113.6842515,
              34.7543562
            ],
            [
              113.6846227,
              34.7542962
            ],
            [
              113.6846847,
              34.7542947
            ],
            [
              113.6847249,
              34.7545927
            ],
            [
              113.6846611,
              34.7546099
            ],
            [
              113.6844942,
              34.7546207
            ],
            [
              113.6844994,
              34.7545877
            ],
            [
              113.6842364,
              34.7546386
            ]
          ]
        ]
      }
    },
    {
      "type": "Feature",
      "properties": {
        "research": true,
        "osm": true,
        "city": "郑州",
        "sourceName": "郑州商城内城东侧城墙遗迹（地图标绘）",
        "family": "shangzhengzhou",
        "period": "夏商",
        "sourceUrl": "https://www.openstreetmap.org/way/1371019241",
        "sourceId": "osm-way-1371019241",
        "status": "现存城垣地图标绘 · OSM",
        "note": "原始记录标为城墙，按与郑州商城城垣的地理位置关系接入；未命名记录的名称仅说明方位，不能作为考古断代依据。保留原始线形，未覆盖处不补画，不等于完整商代城界或全部保护范围。",
        "referenceUrl": "https://www.zhengzhou.gov.cn/view22/6472622.jhtml"
      },
      "geometry": {
        "type": "Polygon",
        "coordinates": [
          [
            [
              113.6840616,
              34.7522347
            ],
            [
              113.6843338,
              34.7521942
            ],
            [
              113.6846227,
              34.7542962
            ],
            [
              113.6842515,
              34.7543562
            ],
            [
              113.6843511,
              34.7542373
            ],
            [
              113.6843772,
              34.7541256
            ],
            [
              113.6842117,
              34.7533309
            ],
            [
              113.6841601,
              34.7530243
            ],
            [
              113.6840616,
              34.7522347
            ]
          ]
        ]
      }
    },
    {
      "type": "Feature",
      "properties": {
        "research": true,
        "osm": true,
        "city": "郑州",
        "sourceName": "郑州商城内城西侧城墙遗迹（地图标绘）",
        "family": "shangzhengzhou",
        "period": "夏商",
        "sourceUrl": "https://www.openstreetmap.org/way/1373271225",
        "sourceId": "osm-way-1373271225",
        "status": "现存城垣地图标绘 · OSM",
        "note": "原始记录标为城墙，按与郑州商城城垣的地理位置关系接入；未命名记录的名称仅说明方位，不能作为考古断代依据。保留原始线形，未覆盖处不补画，不等于完整商代城界或全部保护范围。",
        "referenceUrl": "https://www.zhengzhou.gov.cn/view22/6472622.jhtml"
      },
      "geometry": {
        "type": "Polygon",
        "coordinates": [
          [
            [
              113.6648246,
              34.7496023
            ],
            [
              113.6650533,
              34.7495667
            ],
            [
              113.6653023,
              34.7507987
            ],
            [
              113.6652068,
              34.7508202
            ],
            [
              113.6651691,
              34.7507131
            ],
            [
              113.6650476,
              34.7507322
            ],
            [
              113.6648246,
              34.7496023
            ]
          ]
        ]
      }
    },
    {
      "type": "Feature",
      "properties": {
        "research": true,
        "osm": true,
        "city": "新郑",
        "sourceName": "郑韩故城城墙遗迹",
        "family": "zhou",
        "period": "周",
        "sourceId": "osm-way-1378859552",
        "sourceUrl": "https://www.openstreetmap.org/way/1378859552",
        "referenceUrl": "https://wwj.zhengzhou.gov.cn/country/3176064.jhtml",
        "status": "现存城垣地图标绘 · OSM",
        "note": "郑韩故城为春秋郑国、战国韩国都城遗址。此图保留 OSM 中明确命名为郑韩故城城墙的23段原始线形，不表示分别复原了郑国和韩国时期的完整城界，不补画未标绘缺口；地图精度未经考古实测核定。"
      },
      "geometry": {
        "type": "LineString",
        "coordinates": [
          [
            113.7018111,
            34.41027
          ],
          [
            113.7024823,
            34.4104199
          ]
        ]
      }
    },
    {
      "type": "Feature",
      "properties": {
        "research": true,
        "osm": true,
        "city": "新郑",
        "sourceName": "郑韩故城城墙遗迹",
        "family": "zhou",
        "period": "周",
        "sourceId": "osm-way-1378859553",
        "sourceUrl": "https://www.openstreetmap.org/way/1378859553",
        "referenceUrl": "https://wwj.zhengzhou.gov.cn/country/3176064.jhtml",
        "status": "现存城垣地图标绘 · OSM",
        "note": "郑韩故城为春秋郑国、战国韩国都城遗址。此图保留 OSM 中明确命名为郑韩故城城墙的23段原始线形，不表示分别复原了郑国和韩国时期的完整城界，不补画未标绘缺口；地图精度未经考古实测核定。"
      },
      "geometry": {
        "type": "LineString",
        "coordinates": [
          [
            113.7035221,
            34.4105191
          ],
          [
            113.7050846,
            34.4106715
          ],
          [
            113.706983,
            34.4108567
          ]
        ]
      }
    },
    {
      "type": "Feature",
      "properties": {
        "research": true,
        "osm": true,
        "city": "新郑",
        "sourceName": "郑韩故城城墙遗迹",
        "family": "zhou",
        "period": "周",
        "sourceId": "osm-way-1378859554",
        "sourceUrl": "https://www.openstreetmap.org/way/1378859554",
        "referenceUrl": "https://wwj.zhengzhou.gov.cn/country/3176064.jhtml",
        "status": "现存城垣地图标绘 · OSM",
        "note": "郑韩故城为春秋郑国、战国韩国都城遗址。此图保留 OSM 中明确命名为郑韩故城城墙的23段原始线形，不表示分别复原了郑国和韩国时期的完整城界，不补画未标绘缺口；地图精度未经考古实测核定。"
      },
      "geometry": {
        "type": "LineString",
        "coordinates": [
          [
            113.7072478,
            34.4108667
          ],
          [
            113.7115754,
            34.4113334
          ]
        ]
      }
    },
    {
      "type": "Feature",
      "properties": {
        "research": true,
        "osm": true,
        "city": "新郑",
        "sourceName": "郑韩故城城墙遗迹",
        "family": "zhou",
        "period": "周",
        "sourceId": "osm-way-1378859555",
        "sourceUrl": "https://www.openstreetmap.org/way/1378859555",
        "referenceUrl": "https://wwj.zhengzhou.gov.cn/country/3176064.jhtml",
        "status": "现存城垣地图标绘 · OSM",
        "note": "郑韩故城为春秋郑国、战国韩国都城遗址。此图保留 OSM 中明确命名为郑韩故城城墙的23段原始线形，不表示分别复原了郑国和韩国时期的完整城界，不补画未标绘缺口；地图精度未经考古实测核定。"
      },
      "geometry": {
        "type": "LineString",
        "coordinates": [
          [
            113.7117439,
            34.4113533
          ],
          [
            113.7136463,
            34.411561
          ],
          [
            113.7148681,
            34.4116944
          ],
          [
            113.7150182,
            34.4117108
          ]
        ]
      }
    },
    {
      "type": "Feature",
      "properties": {
        "research": true,
        "osm": true,
        "city": "新郑",
        "sourceName": "郑韩故城城墙遗迹",
        "family": "zhou",
        "period": "周",
        "sourceId": "osm-way-1378859556",
        "sourceUrl": "https://www.openstreetmap.org/way/1378859556",
        "referenceUrl": "https://wwj.zhengzhou.gov.cn/country/3176064.jhtml",
        "status": "现存城垣地图标绘 · OSM",
        "note": "郑韩故城为春秋郑国、战国韩国都城遗址。此图保留 OSM 中明确命名为郑韩故城城墙的23段原始线形，不表示分别复原了郑国和韩国时期的完整城界，不补画未标绘缺口；地图精度未经考古实测核定。"
      },
      "geometry": {
        "type": "LineString",
        "coordinates": [
          [
            113.7176003,
            34.4119005
          ],
          [
            113.7178423,
            34.4119227
          ]
        ]
      }
    },
    {
      "type": "Feature",
      "properties": {
        "research": true,
        "osm": true,
        "city": "新郑",
        "sourceName": "郑韩故城城墙遗迹",
        "family": "zhou",
        "period": "周",
        "sourceId": "osm-way-1378859557",
        "sourceUrl": "https://www.openstreetmap.org/way/1378859557",
        "referenceUrl": "https://wwj.zhengzhou.gov.cn/country/3176064.jhtml",
        "status": "现存城垣地图标绘 · OSM",
        "note": "郑韩故城为春秋郑国、战国韩国都城遗址。此图保留 OSM 中明确命名为郑韩故城城墙的23段原始线形，不表示分别复原了郑国和韩国时期的完整城界，不补画未标绘缺口；地图精度未经考古实测核定。"
      },
      "geometry": {
        "type": "LineString",
        "coordinates": [
          [
            113.718334,
            34.411929
          ],
          [
            113.72004,
            34.4121746
          ],
          [
            113.7219781,
            34.4123285
          ]
        ]
      }
    },
    {
      "type": "Feature",
      "properties": {
        "research": true,
        "osm": true,
        "city": "新郑",
        "sourceName": "郑韩故城城墙遗迹",
        "family": "zhou",
        "period": "周",
        "sourceId": "osm-way-1378859563",
        "sourceUrl": "https://www.openstreetmap.org/way/1378859563",
        "referenceUrl": "https://wwj.zhengzhou.gov.cn/country/3176064.jhtml",
        "status": "现存城垣地图标绘 · OSM",
        "note": "郑韩故城为春秋郑国、战国韩国都城遗址。此图保留 OSM 中明确命名为郑韩故城城墙的23段原始线形，不表示分别复原了郑国和韩国时期的完整城界，不补画未标绘缺口；地图精度未经考古实测核定。"
      },
      "geometry": {
        "type": "LineString",
        "coordinates": [
          [
            113.7230946,
            34.412325
          ],
          [
            113.7238037,
            34.4123616
          ],
          [
            113.7249365,
            34.4122071
          ],
          [
            113.7261925,
            34.412017
          ],
          [
            113.7279094,
            34.411662
          ],
          [
            113.7285202,
            34.411548
          ]
        ]
      }
    },
    {
      "type": "Feature",
      "properties": {
        "research": true,
        "osm": true,
        "city": "新郑",
        "sourceName": "郑韩故城城墙遗迹",
        "family": "zhou",
        "period": "周",
        "sourceId": "osm-way-1378859564",
        "sourceUrl": "https://www.openstreetmap.org/way/1378859564",
        "referenceUrl": "https://wwj.zhengzhou.gov.cn/country/3176064.jhtml",
        "status": "现存城垣地图标绘 · OSM",
        "note": "郑韩故城为春秋郑国、战国韩国都城遗址。此图保留 OSM 中明确命名为郑韩故城城墙的23段原始线形，不表示分别复原了郑国和韩国时期的完整城界，不补画未标绘缺口；地图精度未经考古实测核定。"
      },
      "geometry": {
        "type": "LineString",
        "coordinates": [
          [
            113.7292965,
            34.4112719
          ],
          [
            113.7330708,
            34.4102634
          ],
          [
            113.7337177,
            34.4100757
          ]
        ]
      }
    },
    {
      "type": "Feature",
      "properties": {
        "research": true,
        "osm": true,
        "city": "新郑",
        "sourceName": "郑韩故城城墙遗迹",
        "family": "zhou",
        "period": "周",
        "sourceId": "osm-way-1378859565",
        "sourceUrl": "https://www.openstreetmap.org/way/1378859565",
        "referenceUrl": "https://wwj.zhengzhou.gov.cn/country/3176064.jhtml",
        "status": "现存城垣地图标绘 · OSM",
        "note": "郑韩故城为春秋郑国、战国韩国都城遗址。此图保留 OSM 中明确命名为郑韩故城城墙的23段原始线形，不表示分别复原了郑国和韩国时期的完整城界，不补画未标绘缺口；地图精度未经考古实测核定。"
      },
      "geometry": {
        "type": "LineString",
        "coordinates": [
          [
            113.7343423,
            34.409807
          ],
          [
            113.7352137,
            34.4094806
          ],
          [
            113.7370057,
            34.4088095
          ]
        ]
      }
    },
    {
      "type": "Feature",
      "properties": {
        "research": true,
        "osm": true,
        "city": "新郑",
        "sourceName": "郑韩故城城墙遗迹",
        "family": "zhou",
        "period": "周",
        "sourceId": "osm-way-1378859566",
        "sourceUrl": "https://www.openstreetmap.org/way/1378859566",
        "referenceUrl": "https://wwj.zhengzhou.gov.cn/country/3176064.jhtml",
        "status": "现存城垣地图标绘 · OSM",
        "note": "郑韩故城为春秋郑国、战国韩国都城遗址。此图保留 OSM 中明确命名为郑韩故城城墙的23段原始线形，不表示分别复原了郑国和韩国时期的完整城界，不补画未标绘缺口；地图精度未经考古实测核定。"
      },
      "geometry": {
        "type": "LineString",
        "coordinates": [
          [
            113.737591,
            34.4086989
          ],
          [
            113.7389821,
            34.4081654
          ]
        ]
      }
    },
    {
      "type": "Feature",
      "properties": {
        "research": true,
        "osm": true,
        "city": "新郑",
        "sourceName": "郑韩故城城墙遗迹",
        "family": "zhou",
        "period": "周",
        "sourceId": "osm-way-1378859567",
        "sourceUrl": "https://www.openstreetmap.org/way/1378859567",
        "referenceUrl": "https://wwj.zhengzhou.gov.cn/country/3176064.jhtml",
        "status": "现存城垣地图标绘 · OSM",
        "note": "郑韩故城为春秋郑国、战国韩国都城遗址。此图保留 OSM 中明确命名为郑韩故城城墙的23段原始线形，不表示分别复原了郑国和韩国时期的完整城界，不补画未标绘缺口；地图精度未经考古实测核定。"
      },
      "geometry": {
        "type": "LineString",
        "coordinates": [
          [
            113.7283513,
            34.4110933
          ],
          [
            113.7283022,
            34.4101842
          ]
        ]
      }
    },
    {
      "type": "Feature",
      "properties": {
        "research": true,
        "osm": true,
        "city": "新郑",
        "sourceName": "郑韩故城城墙遗迹",
        "family": "zhou",
        "period": "周",
        "sourceId": "osm-way-1378859568",
        "sourceUrl": "https://www.openstreetmap.org/way/1378859568",
        "referenceUrl": "https://wwj.zhengzhou.gov.cn/country/3176064.jhtml",
        "status": "现存城垣地图标绘 · OSM",
        "note": "郑韩故城为春秋郑国、战国韩国都城遗址。此图保留 OSM 中明确命名为郑韩故城城墙的23段原始线形，不表示分别复原了郑国和韩国时期的完整城界，不补画未标绘缺口；地图精度未经考古实测核定。"
      },
      "geometry": {
        "type": "LineString",
        "coordinates": [
          [
            113.7282977,
            34.4099854
          ],
          [
            113.7283201,
            34.4092751
          ]
        ]
      }
    },
    {
      "type": "Feature",
      "properties": {
        "research": true,
        "osm": true,
        "city": "新郑",
        "sourceName": "郑韩故城城墙遗迹",
        "family": "zhou",
        "period": "周",
        "sourceId": "osm-way-1378859569",
        "sourceUrl": "https://www.openstreetmap.org/way/1378859569",
        "referenceUrl": "https://wwj.zhengzhou.gov.cn/country/3176064.jhtml",
        "status": "现存城垣地图标绘 · OSM",
        "note": "郑韩故城为春秋郑国、战国韩国都城遗址。此图保留 OSM 中明确命名为郑韩故城城墙的23段原始线形，不表示分别复原了郑国和韩国时期的完整城界，不补画未标绘缺口；地图精度未经考古实测核定。"
      },
      "geometry": {
        "type": "LineString",
        "coordinates": [
          [
            113.7283557,
            34.4087671
          ],
          [
            113.7284762,
            34.4077218
          ],
          [
            113.7284737,
            34.4075215
          ]
        ]
      }
    },
    {
      "type": "Feature",
      "properties": {
        "research": true,
        "osm": true,
        "city": "新郑",
        "sourceName": "郑韩故城城墙遗迹",
        "family": "zhou",
        "period": "周",
        "sourceId": "osm-way-1378859576",
        "sourceUrl": "https://www.openstreetmap.org/way/1378859576",
        "referenceUrl": "https://wwj.zhengzhou.gov.cn/country/3176064.jhtml",
        "status": "现存城垣地图标绘 · OSM",
        "note": "郑韩故城为春秋郑国、战国韩国都城遗址。此图保留 OSM 中明确命名为郑韩故城城墙的23段原始线形，不表示分别复原了郑国和韩国时期的完整城界，不补画未标绘缺口；地图精度未经考古实测核定。"
      },
      "geometry": {
        "type": "LineString",
        "coordinates": [
          [
            113.7397647,
            34.4079632
          ],
          [
            113.7426557,
            34.4072271
          ],
          [
            113.7443108,
            34.4067265
          ],
          [
            113.7444001,
            34.4067118
          ]
        ]
      }
    },
    {
      "type": "Feature",
      "properties": {
        "research": true,
        "osm": true,
        "city": "新郑",
        "sourceName": "郑韩故城城墙遗迹",
        "family": "zhou",
        "period": "周",
        "sourceId": "osm-way-1378859577",
        "sourceUrl": "https://www.openstreetmap.org/way/1378859577",
        "referenceUrl": "https://wwj.zhengzhou.gov.cn/country/3176064.jhtml",
        "status": "现存城垣地图标绘 · OSM",
        "note": "郑韩故城为春秋郑国、战国韩国都城遗址。此图保留 OSM 中明确命名为郑韩故城城墙的23段原始线形，不表示分别复原了郑国和韩国时期的完整城界，不补画未标绘缺口；地图精度未经考古实测核定。"
      },
      "geometry": {
        "type": "LineString",
        "coordinates": [
          [
            113.744742,
            34.4065323
          ],
          [
            113.7468271,
            34.4057547
          ],
          [
            113.7467245,
            34.4040394
          ]
        ]
      }
    },
    {
      "type": "Feature",
      "properties": {
        "research": true,
        "osm": true,
        "city": "新郑",
        "sourceName": "郑韩故城城墙遗迹",
        "family": "zhou",
        "period": "周",
        "sourceId": "osm-way-1378859578",
        "sourceUrl": "https://www.openstreetmap.org/way/1378859578",
        "referenceUrl": "https://wwj.zhengzhou.gov.cn/country/3176064.jhtml",
        "status": "现存城垣地图标绘 · OSM",
        "note": "郑韩故城为春秋郑国、战国韩国都城遗址。此图保留 OSM 中明确命名为郑韩故城城墙的23段原始线形，不表示分别复原了郑国和韩国时期的完整城界，不补画未标绘缺口；地图精度未经考古实测核定。"
      },
      "geometry": {
        "type": "LineString",
        "coordinates": [
          [
            113.7466989,
            34.4018527
          ],
          [
            113.7467386,
            34.4035062
          ]
        ]
      }
    },
    {
      "type": "Feature",
      "properties": {
        "research": true,
        "osm": true,
        "city": "新郑",
        "sourceName": "郑韩故城城墙遗迹",
        "family": "zhou",
        "period": "周",
        "sourceId": "osm-way-1378859579",
        "sourceUrl": "https://www.openstreetmap.org/way/1378859579",
        "referenceUrl": "https://wwj.zhengzhou.gov.cn/country/3176064.jhtml",
        "status": "现存城垣地图标绘 · OSM",
        "note": "郑韩故城为春秋郑国、战国韩国都城遗址。此图保留 OSM 中明确命名为郑韩故城城墙的23段原始线形，不表示分别复原了郑国和韩国时期的完整城界，不补画未标绘缺口；地图精度未经考古实测核定。"
      },
      "geometry": {
        "type": "LineString",
        "coordinates": [
          [
            113.746732,
            34.4013277
          ],
          [
            113.7467089,
            34.4000156
          ]
        ]
      }
    },
    {
      "type": "Feature",
      "properties": {
        "research": true,
        "osm": true,
        "city": "新郑",
        "sourceName": "郑韩故城城墙遗迹",
        "family": "zhou",
        "period": "周",
        "sourceId": "osm-way-1378859580",
        "sourceUrl": "https://www.openstreetmap.org/way/1378859580",
        "referenceUrl": "https://wwj.zhengzhou.gov.cn/country/3176064.jhtml",
        "status": "现存城垣地图标绘 · OSM",
        "note": "郑韩故城为春秋郑国、战国韩国都城遗址。此图保留 OSM 中明确命名为郑韩故城城墙的23段原始线形，不表示分别复原了郑国和韩国时期的完整城界，不补画未标绘缺口；地图精度未经考古实测核定。"
      },
      "geometry": {
        "type": "LineString",
        "coordinates": [
          [
            113.7465931,
            34.3974861
          ],
          [
            113.7466501,
            34.3989008
          ],
          [
            113.7466814,
            34.3996793
          ]
        ]
      }
    },
    {
      "type": "Feature",
      "properties": {
        "research": true,
        "osm": true,
        "city": "新郑",
        "sourceName": "郑韩故城城墙遗迹",
        "family": "zhou",
        "period": "周",
        "sourceId": "osm-way-1378859581",
        "sourceUrl": "https://www.openstreetmap.org/way/1378859581",
        "referenceUrl": "https://wwj.zhengzhou.gov.cn/country/3176064.jhtml",
        "status": "现存城垣地图标绘 · OSM",
        "note": "郑韩故城为春秋郑国、战国韩国都城遗址。此图保留 OSM 中明确命名为郑韩故城城墙的23段原始线形，不表示分别复原了郑国和韩国时期的完整城界，不补画未标绘缺口；地图精度未经考古实测核定。"
      },
      "geometry": {
        "type": "LineString",
        "coordinates": [
          [
            113.746619,
            34.3969877
          ],
          [
            113.7465649,
            34.3934118
          ]
        ]
      }
    },
    {
      "type": "Feature",
      "properties": {
        "research": true,
        "osm": true,
        "city": "新郑",
        "sourceName": "郑韩故城城墙遗迹",
        "family": "zhou",
        "period": "周",
        "sourceId": "osm-way-1378859582",
        "sourceUrl": "https://www.openstreetmap.org/way/1378859582",
        "referenceUrl": "https://wwj.zhengzhou.gov.cn/country/3176064.jhtml",
        "status": "现存城垣地图标绘 · OSM",
        "note": "郑韩故城为春秋郑国、战国韩国都城遗址。此图保留 OSM 中明确命名为郑韩故城城墙的23段原始线形，不表示分别复原了郑国和韩国时期的完整城界，不补画未标绘缺口；地图精度未经考古实测核定。"
      },
      "geometry": {
        "type": "LineString",
        "coordinates": [
          [
            113.7465709,
            34.3930443
          ],
          [
            113.746595,
            34.3924483
          ],
          [
            113.7467515,
            34.3923043
          ],
          [
            113.7469982,
            34.3921205
          ],
          [
            113.7509165,
            34.3907745
          ]
        ]
      }
    },
    {
      "type": "Feature",
      "properties": {
        "research": true,
        "osm": true,
        "city": "新郑",
        "sourceName": "郑韩故城城墙遗迹",
        "family": "zhou",
        "period": "周",
        "sourceId": "osm-way-1378859583",
        "sourceUrl": "https://www.openstreetmap.org/way/1378859583",
        "referenceUrl": "https://wwj.zhengzhou.gov.cn/country/3176064.jhtml",
        "status": "现存城垣地图标绘 · OSM",
        "note": "郑韩故城为春秋郑国、战国韩国都城遗址。此图保留 OSM 中明确命名为郑韩故城城墙的23段原始线形，不表示分别复原了郑国和韩国时期的完整城界，不补画未标绘缺口；地图精度未经考古实测核定。"
      },
      "geometry": {
        "type": "LineString",
        "coordinates": [
          [
            113.7512596,
            34.3906007
          ],
          [
            113.7528541,
            34.3899891
          ],
          [
            113.7533963,
            34.3897811
          ],
          [
            113.7536912,
            34.3895427
          ]
        ]
      }
    },
    {
      "type": "Feature",
      "properties": {
        "research": true,
        "osm": true,
        "city": "新郑",
        "sourceName": "郑韩故城城墙遗迹",
        "family": "zhou",
        "period": "周",
        "sourceId": "osm-way-1378859585",
        "sourceUrl": "https://www.openstreetmap.org/way/1378859585",
        "referenceUrl": "https://wwj.zhengzhou.gov.cn/country/3176064.jhtml",
        "status": "现存城垣地图标绘 · OSM",
        "note": "郑韩故城为春秋郑国、战国韩国都城遗址。此图保留 OSM 中明确命名为郑韩故城城墙的23段原始线形，不表示分别复原了郑国和韩国时期的完整城界，不补画未标绘缺口；地图精度未经考古实测核定。"
      },
      "geometry": {
        "type": "LineString",
        "coordinates": [
          [
            113.7545635,
            34.3864664
          ],
          [
            113.7548669,
            34.3849974
          ]
        ]
      }
    },
    {
      "type": "Feature",
      "properties": {
        "research": true,
        "osm": true,
        "city": "新郑",
        "sourceName": "郑韩故城城墙遗迹",
        "family": "zhou",
        "period": "周",
        "sourceId": "osm-way-1378899484",
        "sourceUrl": "https://www.openstreetmap.org/way/1378899484",
        "referenceUrl": "https://wwj.zhengzhou.gov.cn/country/3176064.jhtml",
        "status": "现存城垣地图标绘 · OSM",
        "note": "郑韩故城为春秋郑国、战国韩国都城遗址。此图保留 OSM 中明确命名为郑韩故城城墙的23段原始线形，不表示分别复原了郑国和韩国时期的完整城界，不补画未标绘缺口；地图精度未经考古实测核定。"
      },
      "geometry": {
        "type": "LineString",
        "coordinates": [
          [
            113.7158333,
            34.4118145
          ],
          [
            113.7172024,
            34.4119291
          ]
        ]
      }
    },
    {
      "type": "Feature",
      "properties": {
        "research": true,
        "osm": true,
        "city": "偃师",
        "sourceName": "二里头遗址标绘范围",
        "family": "shangzhengzhou",
        "period": "夏商",
        "sourceId": "osm-way-851367302",
        "sourceUrl": "https://www.openstreetmap.org/way/851367302",
        "referenceUrl": "https://www.yanshi.gov.cn/upload/content/file/20240329/1711679169300361.pdf#page=1",
        "status": "遗址区域地图标绘 · OSM",
        "note": "采用 OSM 标为“夏都二里头遗址”的闭合范围，仅表示地图所标绘的遗址区域，不是完整遗址分布、法定保护范围、古城墙或夏代都城确界。二里头文化与夏王朝的对应仍需区分考古与历史解释。",
        "label": "二里头遗址"
      },
      "geometry": {
        "type": "Polygon",
        "coordinates": [
          [
            [
              112.6878807,
              34.6982981
            ],
            [
              112.6885593,
              34.6982805
            ],
            [
              112.6885544,
              34.6981526
            ],
            [
              112.6893077,
              34.698133
            ],
            [
              112.689312,
              34.6982452
            ],
            [
              112.690689,
              34.6982165
            ],
            [
              112.6906621,
              34.6978108
            ],
            [
              112.6915446,
              34.6977579
            ],
            [
              112.6927864,
              34.6916315
            ],
            [
              112.6926212,
              34.6916089
            ],
            [
              112.6926872,
              34.6905332
            ],
            [
              112.6927918,
              34.6905266
            ],
            [
              112.6930225,
              34.6895959
            ],
            [
              112.6930627,
              34.6887358
            ],
            [
              112.6938352,
              34.6891813
            ],
            [
              112.6941007,
              34.6889674
            ],
            [
              112.6946264,
              34.6896136
            ],
            [
              112.6953801,
              34.6894967
            ],
            [
              112.6954713,
              34.6897238
            ],
            [
              112.6960963,
              34.6896599
            ],
            [
              112.6952219,
              34.6857275
            ],
            [
              112.692647,
              34.6858664
            ],
            [
              112.6925719,
              34.6843755
            ],
            [
              112.6906648,
              34.6844064
            ],
            [
              112.6906031,
              34.6846931
            ],
            [
              112.6903319,
              34.6846536
            ],
            [
              112.6902913,
              34.6848422
            ],
            [
              112.6902391,
              34.6850848
            ],
            [
              112.6880711,
              34.6849004
            ],
            [
              112.6854479,
              34.6851496
            ],
            [
              112.685802,
              34.687428
            ],
            [
              112.6860702,
              34.687675
            ],
            [
              112.6880926,
              34.6875118
            ],
            [
              112.6888972,
              34.6875029
            ],
            [
              112.6884775,
              34.6897646
            ],
            [
              112.6884976,
              34.689844
            ],
            [
              112.688456,
              34.6900955
            ],
            [
              112.6884037,
              34.6901352
            ],
            [
              112.6882803,
              34.6911949
            ],
            [
              112.6880041,
              34.6912257
            ],
            [
              112.6880282,
              34.6916315
            ],
            [
              112.6881516,
              34.6916315
            ],
            [
              112.6880282,
              34.6926769
            ],
            [
              112.688162,
              34.6926875
            ],
            [
              112.6880751,
              34.6934241
            ],
            [
              112.6878941,
              34.6934333
            ],
            [
              112.6877573,
              34.694322
            ],
            [
              112.6876583,
              34.6943117
            ],
            [
              112.6873094,
              34.6960598
            ],
            [
              112.6879343,
              34.6976564
            ],
            [
              112.6878807,
              34.6982981
            ]
          ]
        ]
      }
    },
    {
      "type": "Feature",
      "properties": {
        "research": true,
        "city": "洛阳",
        "sourceName": "东周王城保护区划外缘（参考）",
        "family": "zhou",
        "period": "周",
        "sourceId": "wangcheng-protection-reference",
        "sourceUrl": "https://oss.ly.gov.cn/luoyang_xigongqu/ueditor/upload/file/20251029/1761707495019000846.pdf#page=114",
        "sourceTitle": "王城保护区划原图（PDF第114页）",
        "status": "保护区划图 · 近似配准参考线",
        "note": "根据公开环评所附2014年王城保护区划图描绘保护区划的外缘参考线。原图还有城墙保护带、局部宫殿区及公园保护区，不能把此线内部全部解释为保护范围或古城范围。不是城墙实测轮廓；现代路口三点配准，中州桥独立检查约157米，仅用于区域尺度参照，具体区划须查看原图。",
        "validationMeters": 157,
        "label": "东周王城保护范围（参考）",
        "fillReference": true
      },
      "geometry": {
        "type": "Polygon",
        "coordinates": [
          [
            [
              112.408215,
              34.678437
            ],
            [
              112.439259,
              34.685161
            ],
            [
              112.444201,
              34.656384
            ],
            [
              112.407083,
              34.648725
            ],
            [
              112.405958,
              34.660655
            ],
            [
              112.411693,
              34.662646
            ],
            [
              112.408215,
              34.678437
            ]
          ]
        ]
      }
    },
    {
      "type": "Feature",
      "properties": {
        "research": true,
        "osm": true,
        "city": "西安",
        "sourceName": "汉长安城未央宫宫墙展示线",
        "family": "qinhan",
        "period": "秦汉",
        "sourceId": "osm-way-821525299",
        "sourceUrl": "https://www.openstreetmap.org/way/821525299",
        "status": "宫墙展示线 · OSM",
        "note": "原始 OSM 同时标为 historic=citywalls、barrier=hedge，表示未央宫区域的宫墙绿篱展示线；不是考古实测城墙，也不是汉长安城外城城界。保留原始线形，不补画缺口。",
        "referenceUrl": "https://wwj.xa.gov.cn/xwzx/gzdt/62d51305f8fd1c4c210a03bb.html"
      },
      "geometry": {
        "type": "LineString",
        "coordinates": [
          [
            108.8696462,
            34.3134625
          ],
          [
            108.8696891,
            34.3063906
          ]
        ]
      }
    },
    {
      "type": "Feature",
      "properties": {
        "research": true,
        "osm": true,
        "city": "西安",
        "sourceName": "汉长安城未央宫宫墙展示线",
        "family": "qinhan",
        "period": "秦汉",
        "sourceId": "osm-way-821525300",
        "sourceUrl": "https://www.openstreetmap.org/way/821525300",
        "status": "宫墙展示线 · OSM",
        "note": "原始 OSM 同时标为 historic=citywalls、barrier=hedge，表示未央宫区域的宫墙绿篱展示线；不是考古实测城墙，也不是汉长安城外城城界。保留原始线形，不补画缺口。",
        "referenceUrl": "https://wwj.xa.gov.cn/xwzx/gzdt/62d51305f8fd1c4c210a03bb.html"
      },
      "geometry": {
        "type": "LineString",
        "coordinates": [
          [
            108.8673449,
            34.3137815
          ],
          [
            108.8696355,
            34.3137903
          ],
          [
            108.8696355,
            34.3136175
          ]
        ]
      }
    },
    {
      "type": "Feature",
      "properties": {
        "research": true,
        "osm": true,
        "city": "西安",
        "sourceName": "汉长安城未央宫宫墙展示线",
        "family": "qinhan",
        "period": "秦汉",
        "sourceId": "osm-way-821525301",
        "sourceUrl": "https://www.openstreetmap.org/way/821525301",
        "status": "宫墙展示线 · OSM",
        "note": "原始 OSM 同时标为 historic=citywalls、barrier=hedge，表示未央宫区域的宫墙绿篱展示线；不是考古实测城墙，也不是汉长安城外城城界。保留原始线形，不补画缺口。",
        "referenceUrl": "https://wwj.xa.gov.cn/xwzx/gzdt/62d51305f8fd1c4c210a03bb.html"
      },
      "geometry": {
        "type": "LineString",
        "coordinates": [
          [
            108.8617122,
            34.313777
          ],
          [
            108.8645661,
            34.313777
          ]
        ]
      }
    },
    {
      "type": "Feature",
      "properties": {
        "research": true,
        "osm": true,
        "city": "西安",
        "sourceName": "汉长安城未央宫宫墙展示线",
        "family": "qinhan",
        "period": "秦汉",
        "sourceId": "osm-way-821525302",
        "sourceUrl": "https://www.openstreetmap.org/way/821525302",
        "status": "宫墙展示线 · OSM",
        "note": "原始 OSM 同时标为 historic=citywalls、barrier=hedge，表示未央宫区域的宫墙绿篱展示线；不是考古实测城墙，也不是汉长安城外城城界。保留原始线形，不补画缺口。",
        "referenceUrl": "https://wwj.xa.gov.cn/xwzx/gzdt/62d51305f8fd1c4c210a03bb.html"
      },
      "geometry": {
        "type": "LineString",
        "coordinates": [
          [
            108.8612723,
            34.3137948
          ],
          [
            108.8614976,
            34.3137992
          ]
        ]
      }
    },
    {
      "type": "Feature",
      "properties": {
        "research": true,
        "osm": true,
        "city": "西安",
        "sourceName": "汉长安城未央宫宫墙展示线",
        "family": "qinhan",
        "period": "秦汉",
        "sourceId": "osm-way-821525304",
        "sourceUrl": "https://www.openstreetmap.org/way/821525304",
        "status": "宫墙展示线 · OSM",
        "note": "原始 OSM 同时标为 historic=citywalls、barrier=hedge，表示未央宫区域的宫墙绿篱展示线；不是考古实测城墙，也不是汉长安城外城城界。保留原始线形，不补画缺口。",
        "referenceUrl": "https://wwj.xa.gov.cn/xwzx/gzdt/62d51305f8fd1c4c210a03bb.html"
      },
      "geometry": {
        "type": "LineString",
        "coordinates": [
          [
            108.8453958,
            34.3122573
          ],
          [
            108.8453937,
            34.3137505
          ],
          [
            108.8477808,
            34.3137017
          ],
          [
            108.8477808,
            34.3138878
          ],
          [
            108.8488805,
            34.3139011
          ],
          [
            108.8488591,
            34.3138081
          ],
          [
            108.8609129,
            34.3137859
          ]
        ]
      }
    },
    {
      "type": "Feature",
      "properties": {
        "research": true,
        "osm": true,
        "city": "西安",
        "sourceName": "汉长安城石渠阁遗址",
        "family": "qinhan",
        "period": "秦汉",
        "sourceId": "osm-way-1265896607",
        "sourceUrl": "https://www.openstreetmap.org/way/1265896607",
        "status": "遗址构件地图标绘 · OSM",
        "note": "原始 OSM 记录为石渠阁遗迹范围。不是整座汉长安城范围，地图标绘未经考古实测核定。",
        "referenceUrl": "https://wwj.xa.gov.cn/xwzx/gzdt/62d51305f8fd1c4c210a03bb.html",
        "label": "石渠阁"
      },
      "geometry": {
        "type": "Polygon",
        "coordinates": [
          [
            [
              108.8512288,
              34.3132773
            ],
            [
              108.8523904,
              34.3132841
            ],
            [
              108.8523982,
              34.3123648
            ],
            [
              108.8512367,
              34.3123581
            ],
            [
              108.8512288,
              34.3132773
            ]
          ]
        ]
      }
    },
    {
      "type": "Feature",
      "properties": {
        "research": true,
        "osm": true,
        "city": "咸阳",
        "sourceName": "秦咸阳宫正殿六号宫殿遗址",
        "family": "qinhan",
        "period": "秦汉",
        "sourceId": "osm-way-1236884831",
        "sourceUrl": "https://www.openstreetmap.org/way/1236884831",
        "status": "遗址构件地图标绘 · OSM",
        "note": "原始 OSM 标绘的秦咸阳遗址构件范围，不是全城边界或考古实测精度。",
        "referenceUrl": "https://www.yixi.tv/h5/speech/558/",
        "label": "秦咸阳宫六号宫殿"
      },
      "geometry": {
        "type": "Polygon",
        "coordinates": [
          [
            [
              108.861166,
              34.4170604
            ],
            [
              108.863555,
              34.417489
            ],
            [
              108.8640097,
              34.4145715
            ],
            [
              108.8622126,
              34.4145834
            ],
            [
              108.8619311,
              34.4154111
            ],
            [
              108.8616135,
              34.4157147
            ],
            [
              108.861166,
              34.4170604
            ]
          ]
        ]
      }
    },
    {
      "type": "Feature",
      "properties": {
        "research": true,
        "osm": true,
        "city": "咸阳",
        "sourceName": "秦咸阳宫府库遗址",
        "family": "qinhan",
        "period": "秦汉",
        "sourceId": "osm-way-1236884832",
        "sourceUrl": "https://www.openstreetmap.org/way/1236884832",
        "status": "遗址构件地图标绘 · OSM",
        "note": "原始 OSM 标绘的秦咸阳遗址构件范围，不是全城边界或考古实测精度。",
        "referenceUrl": "https://www.yixi.tv/h5/speech/558/",
        "label": "秦咸阳宫府库"
      },
      "geometry": {
        "type": "Polygon",
        "coordinates": [
          [
            [
              108.848493,
              34.4129444
            ],
            [
              108.8492516,
              34.4128693
            ],
            [
              108.8494458,
              34.4122384
            ],
            [
              108.8511998,
              34.4124687
            ],
            [
              108.8510542,
              34.4134301
            ],
            [
              108.8508114,
              34.4137805
            ],
            [
              108.8502652,
              34.4157783
            ],
            [
              108.8478982,
              34.4153527
            ],
            [
              108.848493,
              34.4129444
            ]
          ]
        ]
      }
    },
    {
      "type": "Feature",
      "properties": {
        "research": true,
        "osm": true,
        "city": "咸阳",
        "sourceName": "秦咸阳城遗址保护区",
        "family": "qinhan",
        "period": "秦汉",
        "sourceId": "osm-way-1263385448",
        "sourceUrl": "https://www.openstreetmap.org/way/1263385448",
        "status": "遗址保护区地图标绘 · OSM",
        "note": "原始 OSM 标签为遗址保护区。只表示该地图的保护区标绘范围，不代表完整秦咸阳城界，也不是已发现的外城城墙或经本项目核定的法定保护区划。",
        "referenceUrl": "https://www.yixi.tv/h5/speech/558/",
        "label": "秦咸阳遗址保护区"
      },
      "geometry": {
        "type": "Polygon",
        "coordinates": [
          [
            [
              108.7879485,
              34.4060742
            ],
            [
              108.7921337,
              34.393349
            ],
            [
              108.7928438,
              34.3918094
            ],
            [
              108.7937427,
              34.390296
            ],
            [
              108.7966601,
              34.3908969
            ],
            [
              108.7970112,
              34.3909692
            ],
            [
              108.7973267,
              34.3910342
            ],
            [
              108.7992246,
              34.3915241
            ],
            [
              108.8006793,
              34.3918191
            ],
            [
              108.801387,
              34.39228
            ],
            [
              108.8022182,
              34.3931261
            ],
            [
              108.802651,
              34.3939772
            ],
            [
              108.8030844,
              34.3946347
            ],
            [
              108.8034873,
              34.395436
            ],
            [
              108.8038186,
              34.3959322
            ],
            [
              108.8043059,
              34.3962819
            ],
            [
              108.8050645,
              34.3967127
            ],
            [
              108.8054457,
              34.3969679
            ],
            [
              108.8057856,
              34.3971458
            ],
            [
              108.8070089,
              34.3973399
            ],
            [
              108.8076476,
              34.3973831
            ],
            [
              108.8097817,
              34.397416
            ],
            [
              108.8104403,
              34.397403
            ],
            [
              108.8117583,
              34.3974851
            ],
            [
              108.8128739,
              34.3977516
            ],
            [
              108.8150188,
              34.3981678
            ],
            [
              108.8164243,
              34.398566
            ],
            [
              108.8171769,
              34.3989066
            ],
            [
              108.8194495,
              34.4000324
            ],
            [
              108.8204615,
              34.4006591
            ],
            [
              108.8226613,
              34.401997
            ],
            [
              108.8247043,
              34.4031384
            ],
            [
              108.8278461,
              34.4041392
            ],
            [
              108.8291951,
              34.4044196
            ],
            [
              108.8326976,
              34.4052271
            ],
            [
              108.8338842,
              34.4054444
            ],
            [
              108.834883,
              34.4057578
            ],
            [
              108.8353216,
              34.4059373
            ],
            [
              108.8379327,
              34.406572
            ],
            [
              108.8385787,
              34.4068654
            ],
            [
              108.8394446,
              34.4070374
            ],
            [
              108.8399494,
              34.4079677
            ],
            [
              108.8494732,
              34.4099845
            ],
            [
              108.8495674,
              34.4109937
            ],
            [
              108.8519852,
              34.4113453
            ],
            [
              108.8513169,
              34.4144031
            ],
            [
              108.8472492,
              34.4301253
            ],
            [
              108.8464502,
              34.4294947
            ],
            [
              108.8453192,
              34.4283872
            ],
            [
              108.845298,
              34.4273581
            ],
            [
              108.8453887,
              34.4253072
            ],
            [
              108.8455591,
              34.4244021
            ],
            [
              108.8460038,
              34.422364
            ],
            [
              108.8461861,
              34.4214025
            ],
            [
              108.8460843,
              34.4210572
            ],
            [
              108.8455169,
              34.4208253
            ],
            [
              108.8360093,
              34.4190545
            ],
            [
              108.8355143,
              34.4191865
            ],
            [
              108.8351963,
              34.4198604
            ],
            [
              108.8350896,
              34.4199383
            ],
            [
              108.8349724,
              34.4197257
            ],
            [
              108.8348986,
              34.4194949
            ],
            [
              108.8347924,
              34.4192422
            ],
            [
              108.8346999,
              34.4189933
            ],
            [
              108.8339078,
              34.4181694
            ],
            [
              108.8333699,
              34.4179497
            ],
            [
              108.8313071,
              34.4174892
            ],
            [
              108.8282825,
              34.4173428
            ],
            [
              108.8276645,
              34.4173677
            ],
            [
              108.8273691,
              34.4173966
            ],
            [
              108.8269221,
              34.4173821
            ],
            [
              108.8264301,
              34.4173056
            ],
            [
              108.8262161,
              34.4171736
            ],
            [
              108.8261021,
              34.4171272
            ],
            [
              108.8258055,
              34.4169379
            ],
            [
              108.8254981,
              34.4168487
            ],
            [
              108.8250703,
              34.4167131
            ],
            [
              108.8248119,
              34.4165335
            ],
            [
              108.8222487,
              34.4145555
            ],
            [
              108.8212974,
              34.413832
            ],
            [
              108.8205111,
              34.4132467
            ],
            [
              108.8197742,
              34.4128924
            ],
            [
              108.8191809,
              34.4126789
            ],
            [
              108.8186578,
              34.4124451
            ],
            [
              108.8182217,
              34.412375
            ],
            [
              108.8173323,
              34.4123831
            ],
            [
              108.816759,
              34.4121862
            ],
            [
              108.8164227,
              34.412032
            ],
            [
              108.8155171,
              34.411845
            ],
            [
              108.8113991,
              34.4110987
            ],
            [
              108.8110626,
              34.4111906
            ],
            [
              108.8105516,
              34.4115024
            ],
            [
              108.8103508,
              34.4116155
            ],
            [
              108.8100334,
              34.4113603
            ],
            [
              108.8098936,
              34.4111877
            ],
            [
              108.8096816,
              34.4111317
            ],
            [
              108.8073389,
              34.4104026
            ],
            [
              108.8045335,
              34.4109376
            ],
            [
              108.8010685,
              34.4103148
            ],
            [
              108.796816,
              34.4086983
            ],
            [
              108.7958843,
              34.4085471
            ],
            [
              108.7951489,
              34.4074717
            ],
            [
              108.7943529,
              34.406913
            ],
            [
              108.7937612,
              34.4065191
            ],
            [
              108.7931975,
              34.4064476
            ],
            [
              108.7879485,
              34.4060742
            ]
          ]
        ]
      }
    },
    {
      "type": "Feature",
      "properties": {
        "research": true,
        "early": true,
        "city": "洛阳",
        "sourceName": "隋唐洛阳城 · 外郭城北、东、南侧测绘参考线",
        "family": "suitangluo",
        "period": "隋唐",
        "sourceId": "suitang-luoyang-survey-0",
        "sourceUrl": "https://www.chnmuseum.cn/fw/jyhdyy/202604/t20260416_279032.shtml",
        "sourceTitle": "国博原始实测图（图2）",
        "status": "实测图描绘 · 近似配准参考线",
        "note": "依据《隋唐洛阳城：1959—2001年考古发掘报告》第一册第5页图件描绘。以定鼎门与中州、定鼎路口作两点相似变换，按宫城南门轴线附近与现代应天门作辅助核对约45米，此数值不是全图精度。保留图中可辨认城垣走向，未闭合或补画缺失西墙，不作宫城、皇城完整分期城界或现存实测线使用。",
        "validationMeters": 45
      },
      "geometry": {
        "type": "LineString",
        "coordinates": [
          [
            112.439843,
            34.692745
          ],
          [
            112.50804,
            34.704127
          ],
          [
            112.518007,
            34.638788
          ],
          [
            112.436706,
            34.630409
          ]
        ]
      }
    },
    {
      "type": "Feature",
      "properties": {
        "research": true,
        "early": true,
        "city": "洛阳",
        "sourceName": "隋唐洛阳城 · 宫城区北侧城垣测绘参考线",
        "family": "suitangluo",
        "period": "隋唐",
        "sourceId": "suitang-luoyang-survey-1",
        "sourceUrl": "https://www.chnmuseum.cn/fw/jyhdyy/202604/t20260416_279032.shtml",
        "sourceTitle": "国博原始实测图（图2）",
        "status": "实测图描绘 · 近似配准参考线",
        "note": "依据《隋唐洛阳城：1959—2001年考古发掘报告》第一册第5页图件描绘。以定鼎门与中州、定鼎路口作两点相似变换，按宫城南门轴线附近与现代应天门作辅助核对约45米，此数值不是全图精度。保留图中可辨认城垣走向，未闭合或补画缺失西墙，不作宫城、皇城完整分期城界或现存实测线使用。",
        "validationMeters": 45
      },
      "geometry": {
        "type": "LineString",
        "coordinates": [
          [
            112.441004,
            34.685135
          ],
          [
            112.462393,
            34.68734
          ]
        ]
      }
    },
    {
      "type": "Feature",
      "properties": {
        "research": true,
        "early": true,
        "city": "洛阳",
        "sourceName": "隋唐洛阳城 · 宫城、东城南侧城垣测绘参考线",
        "family": "suitangluo",
        "period": "隋唐",
        "sourceId": "suitang-luoyang-survey-2",
        "sourceUrl": "https://www.chnmuseum.cn/fw/jyhdyy/202604/t20260416_279032.shtml",
        "sourceTitle": "国博原始实测图（图2）",
        "status": "实测图描绘 · 近似配准参考线",
        "note": "依据《隋唐洛阳城：1959—2001年考古发掘报告》第一册第5页图件描绘。以定鼎门与中州、定鼎路口作两点相似变换，按宫城南门轴线附近与现代应天门作辅助核对约45米，此数值不是全图精度。保留图中可辨认城垣走向，未闭合或补画缺失西墙，不作宫城、皇城完整分期城界或现存实测线使用。",
        "validationMeters": 45
      },
      "geometry": {
        "type": "LineString",
        "coordinates": [
          [
            112.442431,
            34.675776
          ],
          [
            112.472999,
            34.678749
          ]
        ]
      }
    },
    {
      "type": "Feature",
      "properties": {
        "research": true,
        "early": true,
        "city": "洛阳",
        "sourceName": "隋唐洛阳城 · 皇城南侧城垣测绘参考线",
        "family": "suitangluo",
        "period": "隋唐",
        "sourceId": "suitang-luoyang-survey-3",
        "sourceUrl": "https://www.chnmuseum.cn/fw/jyhdyy/202604/t20260416_279032.shtml",
        "sourceTitle": "国博原始实测图（图2）",
        "status": "实测图描绘 · 近似配准参考线",
        "note": "依据《隋唐洛阳城：1959—2001年考古发掘报告》第一册第5页图件描绘。以定鼎门与中州、定鼎路口作两点相似变换，按宫城南门轴线附近与现代应天门作辅助核对约45米，此数值不是全图精度。保留图中可辨认城垣走向，未闭合或补画缺失西墙，不作宫城、皇城完整分期城界或现存实测线使用。",
        "validationMeters": 45
      },
      "geometry": {
        "type": "LineString",
        "coordinates": [
          [
            112.443285,
            34.670178
          ],
          [
            112.467123,
            34.672635
          ]
        ]
      }
    },
    {
      "type": "Feature",
      "properties": {
        "research": true,
        "early": true,
        "osm": true,
        "city": "洛阳",
        "sourceName": "隋唐洛阳城 · 天堂",
        "family": "suitangluo",
        "period": "隋唐",
        "sourceId": "osm-way-389370423",
        "sourceUrl": "https://www.openstreetmap.org/way/389370423",
        "referenceUrl": "https://www.ly.gov.cn/2023/08-22/29769.html",
        "status": "保护展示构件 · OSM",
        "note": "原始 OSM 标绘的现代保护展示建筑或城墙，不是隋唐建筑基址的考古测绘范围。",
        "label": "天堂"
      },
      "geometry": {
        "type": "Polygon",
        "coordinates": [
          [
            [
              112.4522872,
              34.682552
            ],
            [
              112.4521813,
              34.6825239
            ],
            [
              112.4520949,
              34.6824662
            ],
            [
              112.4520397,
              34.6823867
            ],
            [
              112.4520231,
              34.6822962
            ],
            [
              112.4520475,
              34.6822069
            ],
            [
              112.4521094,
              34.6821309
            ],
            [
              112.4522005,
              34.6820784
            ],
            [
              112.4523085,
              34.6820564
            ],
            [
              112.4524189,
              34.6820681
            ],
            [
              112.4525167,
              34.6821118
            ],
            [
              112.4525887,
              34.6821815
            ],
            [
              112.4526252,
              34.682268
            ],
            [
              112.4526212,
              34.6823594
            ],
            [
              112.4525774,
              34.6824435
            ],
            [
              112.4524996,
              34.6825089
            ],
            [
              112.4523983,
              34.6825468
            ],
            [
              112.4522872,
              34.682552
            ]
          ]
        ]
      }
    },
    {
      "type": "Feature",
      "properties": {
        "research": true,
        "early": true,
        "osm": true,
        "city": "洛阳",
        "sourceName": "隋唐洛阳城 · 明堂",
        "family": "suitangluo",
        "period": "隋唐",
        "sourceId": "osm-way-389370519",
        "sourceUrl": "https://www.openstreetmap.org/way/389370519",
        "referenceUrl": "https://www.ly.gov.cn/2023/08-22/29769.html",
        "status": "保护展示构件 · OSM",
        "note": "原始 OSM 标绘的现代保护展示建筑或城墙，不是隋唐建筑基址的考古测绘范围。",
        "label": "明堂"
      },
      "geometry": {
        "type": "Polygon",
        "coordinates": [
          [
            [
              112.4537731,
              34.6817475
            ],
            [
              112.4542097,
              34.6817915
            ],
            [
              112.4545848,
              34.6815505
            ],
            [
              112.45464,
              34.681181
            ],
            [
              112.4543573,
              34.6808835
            ],
            [
              112.4539089,
              34.6808382
            ],
            [
              112.4535333,
              34.6810796
            ],
            [
              112.4534796,
              34.6814389
            ],
            [
              112.4537731,
              34.6817475
            ]
          ]
        ]
      }
    },
    {
      "type": "Feature",
      "properties": {
        "research": true,
        "early": true,
        "osm": true,
        "city": "洛阳",
        "sourceName": "隋唐洛阳城 · 应天门",
        "family": "suitangluo",
        "period": "隋唐",
        "sourceId": "osm-way-865951589",
        "sourceUrl": "https://www.openstreetmap.org/way/865951589",
        "referenceUrl": "https://www.ly.gov.cn/2023/08-22/29769.html",
        "status": "保护展示构件 · OSM",
        "note": "原始 OSM 标绘的现代保护展示建筑或城墙，不是隋唐建筑基址的考古测绘范围。",
        "label": "应天门"
      },
      "geometry": {
        "type": "Polygon",
        "coordinates": [
          [
            [
              112.4538223,
              34.6773623
            ],
            [
              112.4538396,
              34.6772393
            ],
            [
              112.453674,
              34.6772235
            ],
            [
              112.4537104,
              34.6769654
            ],
            [
              112.4538051,
              34.6769745
            ],
            [
              112.4538188,
              34.6768771
            ],
            [
              112.4537379,
              34.6768694
            ],
            [
              112.4537523,
              34.676767
            ],
            [
              112.4536587,
              34.6767581
            ],
            [
              112.4536944,
              34.6765044
            ],
            [
              112.4547556,
              34.6766052
            ],
            [
              112.4555557,
              34.6766812
            ],
            [
              112.4555237,
              34.6769091
            ],
            [
              112.4554346,
              34.6769007
            ],
            [
              112.4554181,
              34.6770183
            ],
            [
              112.4553506,
              34.6770119
            ],
            [
              112.4553344,
              34.6771271
            ],
            [
              112.4554474,
              34.6771379
            ],
            [
              112.4554114,
              34.6773928
            ],
            [
              112.4552449,
              34.677377
            ],
            [
              112.4552281,
              34.6774965
            ],
            [
              112.4538223,
              34.6773623
            ]
          ]
        ]
      }
    },
    {
      "type": "Feature",
      "properties": {
        "research": true,
        "early": true,
        "osm": true,
        "city": "洛阳",
        "sourceName": "隋唐洛阳城 · 含嘉仓遗址",
        "family": "suitangluo",
        "period": "隋唐",
        "sourceId": "osm-way-1207094406",
        "sourceUrl": "https://www.openstreetmap.org/way/1207094406",
        "referenceUrl": "https://www.ly.gov.cn/2023/08-22/29769.html",
        "status": "遗址构件地图标绘 · OSM",
        "note": "原始 OSM 标绘的遗址构件/展示范围，不是整座隋唐洛阳城界，精度未经考古测绘核定。",
        "label": "含嘉仓遗址"
      },
      "geometry": {
        "type": "Polygon",
        "coordinates": [
          [
            [
              112.4668759,
              34.6939633
            ],
            [
              112.4670389,
              34.693779
            ],
            [
              112.4672474,
              34.6939257
            ],
            [
              112.4672112,
              34.6939649
            ],
            [
              112.4673145,
              34.6940288
            ],
            [
              112.4673024,
              34.6940608
            ],
            [
              112.4674513,
              34.694138
            ],
            [
              112.4673775,
              34.6942042
            ],
            [
              112.4673051,
              34.6941656
            ],
            [
              112.4672675,
              34.6941799
            ],
            [
              112.4672219,
              34.6941501
            ],
            [
              112.4671897,
              34.6941634
            ],
            [
              112.4668759,
              34.6939633
            ]
          ]
        ]
      }
    },
    {
      "type": "Feature",
      "properties": {
        "research": true,
        "early": true,
        "osm": true,
        "city": "洛阳",
        "sourceName": "隋唐洛阳城 · 隋唐洛阳城天街址",
        "family": "suitangluo",
        "period": "隋唐",
        "sourceId": "osm-way-1417204157",
        "sourceUrl": "https://www.openstreetmap.org/way/1417204157",
        "referenceUrl": "https://www.ly.gov.cn/2023/08-22/29769.html",
        "status": "遗址构件地图标绘 · OSM",
        "note": "原始 OSM 标绘的遗址构件/展示范围，不是整座隋唐洛阳城界，精度未经考古测绘核定。",
        "label": "隋唐洛阳城天街址"
      },
      "geometry": {
        "type": "Polygon",
        "coordinates": [
          [
            [
              112.4571905,
              34.6602695
            ],
            [
              112.4567666,
              34.6602325
            ],
            [
              112.4557239,
              34.6680834
            ],
            [
              112.4561477,
              34.6681215
            ],
            [
              112.4571905,
              34.6602695
            ]
          ]
        ]
      }
    },
    {
      "type": "Feature",
      "properties": {
        "research": true,
        "early": true,
        "osm": true,
        "city": "洛阳",
        "sourceName": "隋唐洛阳城 · 玄武门遗址",
        "family": "suitangluo",
        "period": "隋唐",
        "sourceId": "osm-way-1447130747",
        "sourceUrl": "https://www.openstreetmap.org/way/1447130747",
        "referenceUrl": "https://www.ly.gov.cn/2023/08-22/29769.html",
        "status": "遗址构件地图标绘 · OSM",
        "note": "原始 OSM 标绘的遗址构件/展示范围，不是整座隋唐洛阳城界，精度未经考古测绘核定。",
        "label": "玄武门遗址"
      },
      "geometry": {
        "type": "Polygon",
        "coordinates": [
          [
            [
              112.4531416,
              34.6856237
            ],
            [
              112.4531367,
              34.6854419
            ],
            [
              112.4532554,
              34.6854432
            ],
            [
              112.453231,
              34.685268
            ],
            [
              112.4532879,
              34.685272
            ],
            [
              112.453301,
              34.6851717
            ],
            [
              112.453701,
              34.6851971
            ],
            [
              112.4536685,
              34.6853509
            ],
            [
              112.4537042,
              34.685383
            ],
            [
              112.4537059,
              34.6855341
            ],
            [
              112.4536408,
              34.6855475
            ],
            [
              112.4536457,
              34.6856331
            ],
            [
              112.4531416,
              34.6856237
            ]
          ]
        ]
      }
    },
    {
      "type": "Feature",
      "properties": {
        "research": true,
        "early": true,
        "osm": true,
        "city": "洛阳",
        "sourceName": "隋唐洛阳城 · 定鼎门片区城墙标绘",
        "family": "suitangluo",
        "period": "隋唐",
        "sourceId": "osm-way-387176287",
        "sourceUrl": "https://www.openstreetmap.org/way/387176287",
        "referenceUrl": "https://www.ly.gov.cn/2023/08-22/29769.html",
        "status": "保护展示构件 · OSM",
        "note": "原始 OSM 标绘的现代保护展示建筑或城墙，不是隋唐建筑基址的考古测绘范围。"
      },
      "geometry": {
        "type": "LineString",
        "coordinates": [
          [
            112.4627863,
            34.6331494
          ],
          [
            112.464124,
            34.6332888
          ]
        ]
      }
    },
    {
      "type": "Feature",
      "properties": {
        "research": true,
        "early": true,
        "osm": true,
        "city": "洛阳",
        "sourceName": "隋唐洛阳城 · 定鼎门片区城墙标绘",
        "family": "suitangluo",
        "period": "隋唐",
        "sourceId": "osm-way-387176288",
        "sourceUrl": "https://www.openstreetmap.org/way/387176288",
        "referenceUrl": "https://www.ly.gov.cn/2023/08-22/29769.html",
        "status": "保护展示构件 · OSM",
        "note": "原始 OSM 标绘的现代保护展示建筑或城墙，不是隋唐建筑基址的考古测绘范围。"
      },
      "geometry": {
        "type": "LineString",
        "coordinates": [
          [
            112.4642682,
            34.6333075
          ],
          [
            112.4651482,
            34.6333949
          ]
        ]
      }
    },
    {
      "type": "Feature",
      "properties": {
        "research": true,
        "early": true,
        "osm": true,
        "city": "洛阳",
        "sourceName": "隋唐洛阳城 · 定鼎门片区城墙标绘",
        "family": "suitangluo",
        "period": "隋唐",
        "sourceId": "osm-way-387176289",
        "sourceUrl": "https://www.openstreetmap.org/way/387176289",
        "referenceUrl": "https://www.ly.gov.cn/2023/08-22/29769.html",
        "status": "保护展示构件 · OSM",
        "note": "原始 OSM 标绘的现代保护展示建筑或城墙，不是隋唐建筑基址的考古测绘范围。"
      },
      "geometry": {
        "type": "LineString",
        "coordinates": [
          [
            112.461452,
            34.6330319
          ],
          [
            112.462368,
            34.6331173
          ]
        ]
      }
    },
    {
      "type": "Feature",
      "properties": {
        "research": true,
        "early": true,
        "osm": true,
        "city": "洛阳",
        "sourceName": "隋唐洛阳城 · 定鼎门片区城墙标绘",
        "family": "suitangluo",
        "period": "隋唐",
        "sourceId": "osm-way-387176290",
        "sourceUrl": "https://www.openstreetmap.org/way/387176290",
        "referenceUrl": "https://www.ly.gov.cn/2023/08-22/29769.html",
        "status": "保护展示构件 · OSM",
        "note": "原始 OSM 标绘的现代保护展示建筑或城墙，不是隋唐建筑基址的考古测绘范围。"
      },
      "geometry": {
        "type": "LineString",
        "coordinates": [
          [
            112.4583911,
            34.6327877
          ],
          [
            112.4588489,
            34.6327907
          ],
          [
            112.4598362,
            34.6328989
          ]
        ]
      }
    },
    {
      "type": "Feature",
      "properties": {
        "research": true,
        "early": true,
        "osm": true,
        "city": "洛阳",
        "sourceName": "隋唐洛阳城 · 定鼎门遗址",
        "family": "suitangluo",
        "period": "隋唐",
        "sourceId": "osm-way-387176568",
        "sourceUrl": "https://www.openstreetmap.org/way/387176568",
        "referenceUrl": "https://www.ly.gov.cn/2023/08-22/29769.html",
        "status": "保护展示构件 · OSM",
        "note": "原始 OSM 标绘的现代保护展示建筑或城墙，不是隋唐建筑基址的考古测绘范围。",
        "label": "定鼎门遗址"
      },
      "geometry": {
        "type": "Polygon",
        "coordinates": [
          [
            [
              112.4603512,
              34.6330654
            ],
            [
              112.4608898,
              34.6331112
            ],
            [
              112.4608977,
              34.6330485
            ],
            [
              112.4614441,
              34.633095
            ],
            [
              112.461452,
              34.6330319
            ],
            [
              112.461463,
              34.6329442
            ],
            [
              112.4612241,
              34.6329239
            ],
            [
              112.4612176,
              34.6329763
            ],
            [
              112.46091,
              34.6329501
            ],
            [
              112.4609246,
              34.6328344
            ],
            [
              112.4603859,
              34.6327886
            ],
            [
              112.4603714,
              34.6329043
            ],
            [
              112.4600849,
              34.63288
            ],
            [
              112.4600915,
              34.6328276
            ],
            [
              112.4598477,
              34.6328069
            ],
            [
              112.4598362,
              34.6328989
            ],
            [
              112.4598288,
              34.6329577
            ],
            [
              112.460359,
              34.6330028
            ],
            [
              112.4603512,
              34.6330654
            ]
          ]
        ]
      }
    },
    {
      "type": "Feature",
      "properties": {
        "research": true,
        "early": true,
        "osm": true,
        "city": "洛阳",
        "sourceName": "隋唐洛阳城 · 定鼎门片区城墙标绘",
        "family": "suitangluo",
        "period": "隋唐",
        "sourceId": "osm-way-1084209059",
        "sourceUrl": "https://www.openstreetmap.org/way/1084209059",
        "referenceUrl": "https://www.ly.gov.cn/2023/08-22/29769.html",
        "status": "遗址构件地图标绘 · OSM",
        "note": "原始 OSM 标绘的遗址构件/展示范围，不是整座隋唐洛阳城界，精度未经考古测绘核定。",
        "fillReference": true
      },
      "geometry": {
        "type": "Polygon",
        "coordinates": [
          [
            [
              112.4464792,
              34.6317458
            ],
            [
              112.4407814,
              34.6312818
            ],
            [
              112.4380717,
              34.6310612
            ],
            [
              112.438078,
              34.6310087
            ],
            [
              112.4364567,
              34.6308767
            ],
            [
              112.4363696,
              34.6316014
            ],
            [
              112.4365394,
              34.6316152
            ],
            [
              112.4366097,
              34.6310302
            ],
            [
              112.438058,
              34.6311481
            ],
            [
              112.4380612,
              34.6311215
            ],
            [
              112.4464719,
              34.6318063
            ],
            [
              112.4464792,
              34.6317458
            ]
          ]
        ]
      }
    },
    {
      "type": "Feature",
      "properties": {
        "research": true,
        "early": true,
        "osm": true,
        "city": "洛阳",
        "sourceName": "隋唐洛阳城 · 隋唐洛阳城天街",
        "family": "suitangluo",
        "period": "隋唐",
        "sourceId": "osm-way-1203892879",
        "sourceUrl": "https://www.openstreetmap.org/way/1203892879",
        "referenceUrl": "https://www.ly.gov.cn/2023/08-22/29769.html",
        "status": "遗址构件地图标绘 · OSM",
        "note": "原始 OSM 标绘的遗址构件/展示范围，不是整座隋唐洛阳城界，精度未经考古测绘核定。",
        "label": "隋唐洛阳城天街"
      },
      "geometry": {
        "type": "Polygon",
        "coordinates": [
          [
            [
              112.4571905,
              34.6602695
            ],
            [
              112.4576757,
              34.6566162
            ],
            [
              112.4577342,
              34.6561756
            ],
            [
              112.4587064,
              34.6488541
            ],
            [
              112.459314,
              34.6442781
            ],
            [
              112.4600562,
              34.6386875
            ],
            [
              112.4607311,
              34.6336038
            ],
            [
              112.461053,
              34.6336327
            ],
            [
              112.4610714,
              34.6334937
            ],
            [
              112.4607496,
              34.6334647
            ],
            [
              112.4603257,
              34.6334266
            ],
            [
              112.4600284,
              34.6333999
            ],
            [
              112.4600099,
              34.633539
            ],
            [
              112.4603073,
              34.6335657
            ],
            [
              112.4596312,
              34.6386582
            ],
            [
              112.4588893,
              34.6442458
            ],
            [
              112.4582836,
              34.6488078
            ],
            [
              112.4573293,
              34.6559948
            ],
            [
              112.457271,
              34.6564338
            ],
            [
              112.4567666,
              34.6602325
            ],
            [
              112.4571905,
              34.6602695
            ]
          ]
        ]
      }
    },
    {
      "type": "Feature",
      "properties": {
        "research": true,
        "early": true,
        "osm": true,
        "city": "洛阳",
        "sourceName": "隋唐洛阳城 · 定鼎门片区城墙标绘",
        "family": "suitangluo",
        "period": "隋唐",
        "sourceId": "osm-way-1207094398",
        "sourceUrl": "https://www.openstreetmap.org/way/1207094398",
        "referenceUrl": "https://www.ly.gov.cn/2023/08-22/29769.html",
        "status": "遗址构件地图标绘 · OSM",
        "note": "原始 OSM 标绘的遗址构件/展示范围，不是整座隋唐洛阳城界，精度未经考古测绘核定。"
      },
      "geometry": {
        "type": "LineString",
        "coordinates": [
          [
            112.449541,
            34.6320233
          ],
          [
            112.4504982,
            34.6321166
          ],
          [
            112.4519882,
            34.6322563
          ],
          [
            112.4538109,
            34.6324049
          ],
          [
            112.4579871,
            34.6327675
          ],
          [
            112.4583911,
            34.6327877
          ]
        ]
      }
    },
    {
      "type": "Feature",
      "properties": {
        "research": true,
        "early": true,
        "osm": true,
        "city": "洛阳",
        "sourceName": "隋唐洛阳城 · 定鼎门片区城墙标绘",
        "family": "suitangluo",
        "period": "隋唐",
        "sourceId": "osm-way-1207094399",
        "sourceUrl": "https://www.openstreetmap.org/way/1207094399",
        "referenceUrl": "https://www.ly.gov.cn/2023/08-22/29769.html",
        "status": "遗址构件地图标绘 · OSM",
        "note": "原始 OSM 标绘的遗址构件/展示范围，不是整座隋唐洛阳城界，精度未经考古测绘核定。"
      },
      "geometry": {
        "type": "LineString",
        "coordinates": [
          [
            112.4664437,
            34.6335008
          ],
          [
            112.4678055,
            34.6336225
          ],
          [
            112.4707572,
            34.6338608
          ],
          [
            112.4739183,
            34.6341802
          ],
          [
            112.4780284,
            34.6344083
          ],
          [
            112.4831571,
            34.6348497
          ],
          [
            112.4844741,
            34.6349803
          ]
        ]
      }
    },
    {
      "type": "Feature",
      "properties": {
        "research": true,
        "early": true,
        "osm": true,
        "city": "洛阳",
        "sourceName": "隋唐洛阳城 · 定鼎门片区城墙标绘",
        "family": "suitangluo",
        "period": "隋唐",
        "sourceId": "osm-way-1207094405",
        "sourceUrl": "https://www.openstreetmap.org/way/1207094405",
        "referenceUrl": "https://www.ly.gov.cn/2023/08-22/29769.html",
        "status": "遗址构件地图标绘 · OSM",
        "note": "原始 OSM 标绘的遗址构件/展示范围，不是整座隋唐洛阳城界，精度未经考古测绘核定。"
      },
      "geometry": {
        "type": "LineString",
        "coordinates": [
          [
            112.4362353,
            34.6337676
          ],
          [
            112.4362623,
            34.6330255
          ],
          [
            112.4365313,
            34.6309229
          ],
          [
            112.4407814,
            34.6312818
          ],
          [
            112.4456897,
            34.6317093
          ],
          [
            112.4479686,
            34.6319015
          ]
        ]
      }
    },
    {
      "type": "Feature",
      "properties": {
        "research": true,
        "early": true,
        "city": "洛阳",
        "sourceName": "隋唐洛阳城 · 宫城西侧城垣测绘参考线",
        "family": "suitangluo",
        "period": "隋唐",
        "sourceId": "suitang-luoyang-survey-4",
        "sourceUrl": "https://www.chnmuseum.cn/fw/jyhdyy/202604/t20260416_279032.shtml",
        "sourceTitle": "国博原始实测图（图2）",
        "status": "实测图描绘 · 近似配准参考线",
        "note": "依据《隋唐洛阳城：1959—2001年考古发掘报告》第一册第5页图件描绘。以定鼎门与中州、定鼎路口作两点相似变换，按宫城南门轴线附近与现代应天门作辅助核对约45米，此数值不是全图精度。保留图中可辨认城垣走向，未闭合或补画缺失西墙，不作宫城、皇城完整分期城界或现存实测线使用。",
        "validationMeters": 45
      },
      "geometry": {
        "type": "LineString",
        "coordinates": [
          [
            112.441004,
            34.685135
          ],
          [
            112.442325,
            34.676476
          ]
        ]
      }
    },
    {
      "type": "Feature",
      "properties": {
        "research": true,
        "early": true,
        "city": "洛阳",
        "sourceName": "隋唐洛阳城 · 宫城东侧城垣测绘参考线",
        "family": "suitangluo",
        "period": "隋唐",
        "sourceId": "suitang-luoyang-survey-5",
        "sourceUrl": "https://www.chnmuseum.cn/fw/jyhdyy/202604/t20260416_279032.shtml",
        "sourceTitle": "国博原始实测图（图2）",
        "status": "实测图描绘 · 近似配准参考线",
        "note": "依据《隋唐洛阳城：1959—2001年考古发掘报告》第一册第5页图件描绘。以定鼎门与中州、定鼎路口作两点相似变换，按宫城南门轴线附近与现代应天门作辅助核对约45米，此数值不是全图精度。保留图中可辨认城垣走向，未闭合或补画缺失西墙，不作宫城、皇城完整分期城界或现存实测线使用。",
        "validationMeters": 45
      },
      "geometry": {
        "type": "LineString",
        "coordinates": [
          [
            112.458882,
            34.686978
          ],
          [
            112.460203,
            34.678319
          ]
        ]
      }
    },
    {
      "type": "Feature",
      "properties": {
        "research": true,
        "early": true,
        "city": "洛阳",
        "sourceName": "隋唐洛阳城 · 含嘉仓城西侧城垣测绘参考线",
        "family": "suitangluo",
        "period": "隋唐",
        "sourceId": "suitang-luoyang-survey-6",
        "sourceUrl": "https://www.chnmuseum.cn/fw/jyhdyy/202604/t20260416_279032.shtml",
        "sourceTitle": "国博原始实测图（图2）",
        "status": "实测图描绘 · 近似配准参考线",
        "note": "依据《隋唐洛阳城：1959—2001年考古发掘报告》第一册第5页图件描绘。以定鼎门与中州、定鼎路口作两点相似变换，按宫城南门轴线附近与现代应天门作辅助核对约45米，此数值不是全图精度。保留图中可辨认城垣走向，未闭合或补画缺失西墙，不作宫城、皇城完整分期城界或现存实测线使用。",
        "validationMeters": 45
      },
      "geometry": {
        "type": "LineString",
        "coordinates": [
          [
            112.463427,
            34.696864
          ],
          [
            112.464494,
            34.689866
          ]
        ]
      }
    },
    {
      "type": "Feature",
      "properties": {
        "research": true,
        "early": true,
        "city": "洛阳",
        "sourceName": "隋唐洛阳城 · 皇城西侧城垣测绘参考线",
        "family": "suitangluo",
        "period": "隋唐",
        "sourceId": "suitang-luoyang-survey-7",
        "sourceUrl": "https://www.chnmuseum.cn/fw/jyhdyy/202604/t20260416_279032.shtml",
        "sourceTitle": "国博原始实测图（图2）",
        "status": "实测图描绘 · 近似配准参考线",
        "note": "依据《隋唐洛阳城：1959—2001年考古发掘报告》第一册第5页图件描绘。以定鼎门与中州、定鼎路口作两点相似变换，按宫城南门轴线附近与现代应天门作辅助核对约45米，此数值不是全图精度。保留图中可辨认城垣走向，未闭合或补画缺失西墙，不作宫城、皇城完整分期城界或现存实测线使用。",
        "validationMeters": 45
      },
      "geometry": {
        "type": "LineString",
        "coordinates": [
          [
            112.442725,
            34.674563
          ],
          [
            112.443378,
            34.670277
          ]
        ]
      }
    },
    {
      "type": "Feature",
      "properties": {
        "research": true,
        "early": true,
        "city": "洛阳",
        "sourceName": "隋唐洛阳城 · 北部西侧城垣测绘参考线",
        "family": "suitangluo",
        "period": "隋唐",
        "sourceId": "suitang-luoyang-survey-8",
        "sourceUrl": "https://www.chnmuseum.cn/fw/jyhdyy/202604/t20260416_279032.shtml",
        "sourceTitle": "国博原始实测图（图2）",
        "status": "实测图描绘 · 近似配准参考线",
        "note": "依据《隋唐洛阳城：1959—2001年考古发掘报告》第一册第5页图件描绘。以定鼎门与中州、定鼎路口作两点相似变换，按宫城南门轴线附近与现代应天门作辅助核对约45米，此数值不是全图精度。保留图中可辨认城垣走向，未闭合或补画缺失西墙，不作宫城、皇城完整分期城界或现存实测线使用。",
        "validationMeters": 45
      },
      "geometry": {
        "type": "LineString",
        "coordinates": [
          [
            112.439843,
            34.692745
          ],
          [
            112.441004,
            34.685135
          ]
        ]
      }
    },
    {
      "type": "Feature",
      "properties": {
        "research": true,
        "early": true,
        "city": "洛阳",
        "sourceName": "隋唐洛阳城 · 东城东侧城垣测绘参考线",
        "family": "suitangluo",
        "period": "隋唐",
        "sourceId": "suitang-luoyang-survey-9",
        "sourceUrl": "https://www.chnmuseum.cn/fw/jyhdyy/202604/t20260416_279032.shtml",
        "sourceTitle": "国博原始实测图（图2）",
        "status": "实测图描绘 · 近似配准参考线",
        "note": "依据《隋唐洛阳城：1959—2001年考古发掘报告》第一册第5页图件描绘。以定鼎门与中州、定鼎路口作两点相似变换，按宫城南门轴线附近与现代应天门作辅助核对约45米，此数值不是全图精度。保留图中可辨认城垣走向，未闭合或补画缺失西墙，不作宫城、皇城完整分期城界或现存实测线使用。",
        "validationMeters": 45
      },
      "geometry": {
        "type": "LineString",
        "coordinates": [
          [
            112.470131,
            34.697555
          ],
          [
            112.472999,
            34.678749
          ]
        ]
      }
    },
    {
      "type": "Feature",
      "properties": {
        "research": true,
        "early": true,
        "city": "洛阳",
        "sourceName": "隋唐洛阳城 · 皇城东侧城垣测绘参考线",
        "family": "suitangluo",
        "period": "隋唐",
        "sourceId": "suitang-luoyang-survey-10",
        "sourceUrl": "https://www.chnmuseum.cn/fw/jyhdyy/202604/t20260416_279032.shtml",
        "sourceTitle": "国博原始实测图（图2）",
        "status": "实测图描绘 · 近似配准参考线",
        "note": "依据《隋唐洛阳城：1959—2001年考古发掘报告》第一册第5页图件描绘。以定鼎门与中州、定鼎路口作两点相似变换，按宫城南门轴线附近与现代应天门作辅助核对约45米，此数值不是全图精度。保留图中可辨认城垣走向，未闭合或补画缺失西墙，不作宫城、皇城完整分期城界或现存实测线使用。",
        "validationMeters": 45
      },
      "geometry": {
        "type": "LineString",
        "coordinates": [
          [
            112.466295,
            34.678058
          ],
          [
            112.467123,
            34.672635
          ]
        ]
      }
    },
    {
      "type": "Feature",
      "properties": {
        "research": true,
        "early": true,
        "city": "洛阳",
        "sourceName": "隋唐洛阳城 · 含嘉仓城南侧城垣测绘参考线",
        "family": "suitangluo",
        "period": "隋唐",
        "sourceId": "suitang-luoyang-survey-11",
        "sourceUrl": "https://www.chnmuseum.cn/fw/jyhdyy/202604/t20260416_279032.shtml",
        "sourceTitle": "国博原始实测图（图2）",
        "status": "实测图描绘 · 近似配准参考线",
        "note": "依据《隋唐洛阳城：1959—2001年考古发掘报告》第一册第5页图件描绘。以定鼎门与中州、定鼎路口作两点相似变换，按宫城南门轴线附近与现代应天门作辅助核对约45米，此数值不是全图精度。保留图中可辨认城垣走向，未闭合或补画缺失西墙，不作宫城、皇城完整分期城界或现存实测线使用。",
        "validationMeters": 45
      },
      "geometry": {
        "type": "LineString",
        "coordinates": [
          [
            112.464494,
            34.689866
          ],
          [
            112.471198,
            34.690557
          ]
        ]
      }
    },
    {
      "type": "Feature",
      "properties": {
        "research": true,
        "early": true,
        "city": "洛阳",
        "sourceName": "隋唐洛阳城 · 宫城区东侧分隔城垣测绘参考线",
        "family": "suitangluo",
        "period": "隋唐",
        "sourceId": "suitang-luoyang-survey-12",
        "sourceUrl": "https://www.chnmuseum.cn/fw/jyhdyy/202604/t20260416_279032.shtml",
        "sourceTitle": "国博原始实测图（图2）",
        "status": "实测图描绘 · 近似配准参考线",
        "note": "依据《隋唐洛阳城：1959—2001年考古发掘报告》第一册第5页图件描绘。以定鼎门与中州、定鼎路口作两点相似变换，按宫城南门轴线附近与现代应天门作辅助核对约45米，此数值不是全图精度。保留图中可辨认城垣走向，未闭合或补画缺失西墙，不作宫城、皇城完整分期城界或现存实测线使用。",
        "validationMeters": 45
      },
      "geometry": {
        "type": "LineString",
        "coordinates": [
          [
            112.462393,
            34.68734
          ],
          [
            112.463821,
            34.677981
          ]
        ]
      }
    },
    {
      "type": "Feature",
      "properties": {
        "research": true,
        "early": true,
        "city": "洛阳",
        "sourceName": "隋唐洛阳城 · 北部内侧城垣测绘参考线",
        "family": "suitangluo",
        "period": "隋唐",
        "sourceId": "suitang-luoyang-survey-13",
        "sourceUrl": "https://www.chnmuseum.cn/fw/jyhdyy/202604/t20260416_279032.shtml",
        "sourceTitle": "国博原始实测图（图2）",
        "status": "实测图描绘 · 近似配准参考线",
        "note": "依据《隋唐洛阳城：1959—2001年考古发掘报告》第一册第5页图件描绘。以定鼎门与中州、定鼎路口作两点相似变换，按宫城南门轴线附近与现代应天门作辅助核对约45米，此数值不是全图精度。保留图中可辨认城垣走向，未闭合或补画缺失西墙，不作宫城、皇城完整分期城界或现存实测线使用。",
        "validationMeters": 45
      },
      "geometry": {
        "type": "LineString",
        "coordinates": [
          [
            112.440443,
            34.688809
          ],
          [
            112.452043,
            34.690005
          ]
        ]
      }
    },
    {
      "type": "Feature",
      "properties": {
        "research": true,
        "osm": true,
        "city": "西安",
        "sourceName": "汉长安城未央宫 · 中央官署遗址",
        "family": "qinhan",
        "period": "秦汉",
        "sourceId": "osm-way-821525294",
        "sourceUrl": "https://www.openstreetmap.org/way/821525294",
        "status": "遗址构件地图标绘 · OSM",
        "note": "原始 OSM 未央宫遗址构件标绘，中文名按原始英文标签对应；不是完整城界，亦非本项目核定的考古实测范围。",
        "referenceUrl": "https://wwj.xa.gov.cn/xwzx/gzdt/62d51305f8fd1c4c210a03bb.html",
        "label": "未央宫中央官署"
      },
      "geometry": {
        "type": "Polygon",
        "coordinates": [
          [
            [
              108.8484228,
              34.3070383
            ],
            [
              108.8468966,
              34.3070412
            ],
            [
              108.8468948,
              34.306392
            ],
            [
              108.848421,
              34.3063891
            ],
            [
              108.8484228,
              34.3070383
            ]
          ]
        ]
      }
    },
    {
      "type": "Feature",
      "properties": {
        "research": true,
        "osm": true,
        "city": "西安",
        "sourceName": "汉长安城未央宫 · 前殿遗址",
        "family": "qinhan",
        "period": "秦汉",
        "sourceId": "osm-way-821525295",
        "sourceUrl": "https://www.openstreetmap.org/way/821525295",
        "status": "遗址构件地图标绘 · OSM",
        "note": "原始 OSM 未央宫遗址构件标绘，中文名按原始英文标签对应；不是完整城界，亦非本项目核定的考古实测范围。",
        "referenceUrl": "https://wwj.xa.gov.cn/xwzx/gzdt/62d51305f8fd1c4c210a03bb.html",
        "label": "未央宫前殿"
      },
      "geometry": {
        "type": "Polygon",
        "coordinates": [
          [
            [
              108.8576973,
              34.3059391
            ],
            [
              108.8577861,
              34.3025106
            ],
            [
              108.8596546,
              34.3025437
            ],
            [
              108.8595658,
              34.3059721
            ],
            [
              108.8576973,
              34.3059391
            ]
          ]
        ]
      }
    },
    {
      "type": "Feature",
      "properties": {
        "research": true,
        "osm": true,
        "city": "西安",
        "sourceName": "汉长安城未央宫宫墙展示线",
        "family": "qinhan",
        "period": "秦汉",
        "sourceId": "osm-way-821525296",
        "sourceUrl": "https://www.openstreetmap.org/way/821525296",
        "status": "宫墙展示线 · OSM",
        "note": "原始 OSM 同时标为 historic=citywalls、barrier=hedge，表示未央宫区域的宫墙绿篱展示线；不是考古实测城墙，也不是汉长安城外城城界。保留原始线形，不补画缺口。",
        "referenceUrl": "https://wwj.xa.gov.cn/xwzx/gzdt/62d51305f8fd1c4c210a03bb.html"
      },
      "geometry": {
        "type": "LineString",
        "coordinates": [
          [
            108.8696703,
            34.3006254
          ],
          [
            108.8696945,
            34.2963666
          ],
          [
            108.8622433,
            34.2962115
          ]
        ]
      }
    },
    {
      "type": "Feature",
      "properties": {
        "research": true,
        "osm": true,
        "city": "西安",
        "sourceName": "汉长安城未央宫宫墙展示线",
        "family": "qinhan",
        "period": "秦汉",
        "sourceId": "osm-way-821525297",
        "sourceUrl": "https://www.openstreetmap.org/way/821525297",
        "status": "宫墙展示线 · OSM",
        "note": "原始 OSM 同时标为 historic=citywalls、barrier=hedge，表示未央宫区域的宫墙绿篱展示线；不是考古实测城墙，也不是汉长安城外城城界。保留原始线形，不补画缺口。",
        "referenceUrl": "https://wwj.xa.gov.cn/xwzx/gzdt/62d51305f8fd1c4c210a03bb.html"
      },
      "geometry": {
        "type": "LineString",
        "coordinates": [
          [
            108.8696623,
            34.3008868
          ],
          [
            108.869673,
            34.3007362
          ]
        ]
      }
    },
    {
      "type": "Feature",
      "properties": {
        "research": true,
        "osm": true,
        "city": "西安",
        "sourceName": "汉长安城未央宫宫墙展示线",
        "family": "qinhan",
        "period": "秦汉",
        "sourceId": "osm-way-821525298",
        "sourceUrl": "https://www.openstreetmap.org/way/821525298",
        "status": "宫墙展示线 · OSM",
        "note": "原始 OSM 同时标为 historic=citywalls、barrier=hedge，表示未央宫区域的宫墙绿篱展示线；不是考古实测城墙，也不是汉长安城外城城界。保留原始线形，不补画缺口。",
        "referenceUrl": "https://wwj.xa.gov.cn/xwzx/gzdt/62d51305f8fd1c4c210a03bb.html"
      },
      "geometry": {
        "type": "LineString",
        "coordinates": [
          [
            108.869673,
            34.3060183
          ],
          [
            108.8696891,
            34.3016402
          ]
        ]
      }
    },
    {
      "type": "Feature",
      "properties": {
        "research": true,
        "osm": true,
        "city": "西安",
        "sourceName": "汉长安城未央宫宫墙展示线",
        "family": "qinhan",
        "period": "秦汉",
        "sourceId": "osm-way-821525303",
        "sourceUrl": "https://www.openstreetmap.org/way/821525303",
        "status": "宫墙展示线 · OSM",
        "note": "原始 OSM 同时标为 historic=citywalls、barrier=hedge，表示未央宫区域的宫墙绿篱展示线；不是考古实测城墙，也不是汉长安城外城城界。保留原始线形，不补画缺口。",
        "referenceUrl": "https://wwj.xa.gov.cn/xwzx/gzdt/62d51305f8fd1c4c210a03bb.html"
      },
      "geometry": {
        "type": "LineString",
        "coordinates": [
          [
            108.8454044,
            34.3064482
          ],
          [
            108.845396,
            34.3121642
          ]
        ]
      }
    },
    {
      "type": "Feature",
      "properties": {
        "research": true,
        "osm": true,
        "city": "西安",
        "sourceName": "汉长安城未央宫宫墙展示线",
        "family": "qinhan",
        "period": "秦汉",
        "sourceId": "osm-way-821525306",
        "sourceUrl": "https://www.openstreetmap.org/way/821525306",
        "status": "宫墙展示线 · OSM",
        "note": "原始 OSM 同时标为 historic=citywalls、barrier=hedge，表示未央宫区域的宫墙绿篱展示线；不是考古实测城墙，也不是汉长安城外城城界。保留原始线形，不补画缺口。",
        "referenceUrl": "https://wwj.xa.gov.cn/xwzx/gzdt/62d51305f8fd1c4c210a03bb.html"
      },
      "geometry": {
        "type": "LineString",
        "coordinates": [
          [
            108.8606554,
            34.296176
          ],
          [
            108.8605106,
            34.2961805
          ],
          [
            108.8604838,
            34.2959234
          ],
          [
            108.8543522,
            34.2959234
          ],
          [
            108.8543576,
            34.2955955
          ],
          [
            108.8455331,
            34.2953916
          ],
          [
            108.8455063,
            34.3007672
          ]
        ]
      }
    },
    {
      "type": "Feature",
      "properties": {
        "research": true,
        "osm": true,
        "city": "西安",
        "sourceName": "汉长安城未央宫 · 少府遗址",
        "family": "qinhan",
        "period": "秦汉",
        "sourceId": "osm-way-821525311",
        "sourceUrl": "https://www.openstreetmap.org/way/821525311",
        "status": "遗址构件地图标绘 · OSM",
        "note": "原始 OSM 未央宫遗址构件标绘，中文名按原始英文标签对应；不是完整城界，亦非本项目核定的考古实测范围。",
        "referenceUrl": "https://wwj.xa.gov.cn/xwzx/gzdt/62d51305f8fd1c4c210a03bb.html",
        "label": "未央宫少府"
      },
      "geometry": {
        "type": "Polygon",
        "coordinates": [
          [
            [
              108.8530422,
              34.3088036
            ],
            [
              108.8530417,
              34.3081534
            ],
            [
              108.8542621,
              34.3081527
            ],
            [
              108.8542626,
              34.308803
            ],
            [
              108.8530422,
              34.3088036
            ]
          ]
        ]
      }
    },
    {
      "type": "Feature",
      "properties": {
        "research": true,
        "osm": true,
        "city": "西安",
        "sourceName": "汉长安城未央宫 · 椒房殿遗址",
        "family": "qinhan",
        "period": "秦汉",
        "sourceId": "osm-way-821525312",
        "sourceUrl": "https://www.openstreetmap.org/way/821525312",
        "status": "遗址构件地图标绘 · OSM",
        "note": "原始 OSM 未央宫遗址构件标绘，中文名按原始英文标签对应；不是完整城界，亦非本项目核定的考古实测范围。",
        "referenceUrl": "https://wwj.xa.gov.cn/xwzx/gzdt/62d51305f8fd1c4c210a03bb.html",
        "label": "椒房殿"
      },
      "geometry": {
        "type": "Polygon",
        "coordinates": [
          [
            [
              108.8567813,
              34.3095163
            ],
            [
              108.8568155,
              34.3078019
            ],
            [
              108.8587853,
              34.3078287
            ],
            [
              108.8587754,
              34.3083222
            ],
            [
              108.8591389,
              34.3083271
            ],
            [
              108.8591146,
              34.3095481
            ],
            [
              108.8567813,
              34.3095163
            ]
          ]
        ]
      }
    },
    {
      "type": "Feature",
      "properties": {
        "research": true,
        "osm": true,
        "city": "西安",
        "sourceName": "汉长安城未央宫 · 沧池遗址",
        "family": "qinhan",
        "period": "秦汉",
        "sourceId": "osm-way-1265896606",
        "sourceUrl": "https://www.openstreetmap.org/way/1265896606",
        "status": "遗址构件地图标绘 · OSM",
        "note": "原始 OSM 未央宫遗址构件标绘，中文名按原始英文标签对应；不是完整城界，亦非本项目核定的考古实测范围。",
        "referenceUrl": "https://wwj.xa.gov.cn/xwzx/gzdt/62d51305f8fd1c4c210a03bb.html",
        "label": "沧池"
      },
      "geometry": {
        "type": "Polygon",
        "coordinates": [
          [
            [
              108.8567018,
              34.3003551
            ],
            [
              108.8466275,
              34.2999474
            ],
            [
              108.8465309,
              34.295888
            ],
            [
              108.8513482,
              34.2959146
            ],
            [
              108.8513374,
              34.2969161
            ],
            [
              108.8567984,
              34.2969782
            ],
            [
              108.8567018,
              34.3003551
            ]
          ]
        ]
      }
    },
    {
      "type": "Feature",
      "properties": {
        "research": true,
        "city": "丰镐",
        "sourceName": "丰京 · 1992年一般保护范围参考线",
        "family": "zhou",
        "period": "周",
        "sourceId": "fenghao-1992-general-protection-0",
        "sourceUrl": "https://www.cssn.cn/lsx/lsx_kgx/202210/t20221024_5552703.shtml",
        "sourceTitle": "考古研究原文 · 丰镐保护范围与遗址分布图",
        "status": "1992年保护范围图描绘 · 近似配准参考线",
        "note": "仅描绘原图标示的1992年一般保护范围，非现行法定边界核验结果；不等于重点保护范围、古代城垣或考古遗存分布面。低分辨率历史图以现代村落参照作三点近似配准，村落位置和图上聚落中心不完全对应，不能作精确测绘或用地依据。斗门辅助对照偏差约663米，亦非全图精度。",
        "validationMeters": 663,
        "label": "丰京保护范围（1992）",
        "fillReference": true
      },
      "geometry": {
        "type": "Polygon",
        "coordinates": [
          [
            [
              108.6857634,
              34.2071656
            ],
            [
              108.7345026,
              34.213744
            ],
            [
              108.7288324,
              34.1803926
            ],
            [
              108.6814106,
              34.1739919
            ],
            [
              108.6857634,
              34.2071656
            ]
          ]
        ]
      }
    },
    {
      "type": "Feature",
      "properties": {
        "research": true,
        "city": "丰镐",
        "sourceName": "镐京 · 1992年一般保护范围参考线",
        "family": "zhou",
        "period": "周",
        "sourceId": "fenghao-1992-general-protection-1",
        "sourceUrl": "https://www.cssn.cn/lsx/lsx_kgx/202210/t20221024_5552703.shtml",
        "sourceTitle": "考古研究原文 · 丰镐保护范围与遗址分布图",
        "status": "1992年保护范围图描绘 · 近似配准参考线",
        "note": "仅描绘原图标示的1992年一般保护范围，非现行法定边界核验结果；不等于重点保护范围、古代城垣或考古遗存分布面。低分辨率历史图以现代村落参照作三点近似配准，村落位置和图上聚落中心不完全对应，不能作精确测绘或用地依据。斗门辅助对照偏差约663米，亦非全图精度。",
        "validationMeters": 663,
        "label": "镐京保护范围（1992）",
        "fillReference": true
      },
      "geometry": {
        "type": "Polygon",
        "coordinates": [
          [
            [
              108.7505756,
              34.2392692
            ],
            [
              108.7854833,
              34.2439808
            ],
            [
              108.7823635,
              34.2202039
            ],
            [
              108.746358,
              34.2153442
            ],
            [
              108.7505756,
              34.2392692
            ]
          ]
        ]
      }
    },
    {
      "type": "Feature",
      "properties": {
        "research": true,
        "city": "西安",
        "sourceName": "汉长安 · 长乐宫（东宫）图示宫区",
        "family": "qinhan",
        "period": "秦汉",
        "sourceId": "han-palaces-plan2005-0",
        "sourceUrl": "https://ygx.sxu.edu.cn/db/%E5%AD%A6%E4%BD%8D/Y796727.pdf#page=75",
        "sourceTitle": "2005年保护总体规划 · 遗址分布现状图（图号05）",
        "status": "保护规划现状图描绘 · 宫址参考线",
        "note": "替换此前示意图两点配准。采用现状图底图所示未央宫四角与公开宫墙展示位置作四点仿射配准，前殿独立构件辅助检查约61米；展示位置不是考古测绘控制点，此偏差不代表全图精度。按2005年原图描绘，不代表现行保护范围、所有时期宫区或现存城墙。建章宫原图西侧截断，保留开放线，未补画缺失边界。",
        "validationMeters": 61,
        "label": "长乐宫",
        "fillReference": true
      },
      "geometry": {
        "type": "Polygon",
        "coordinates": [
          [
            [
              108.8792725,
              34.3237065
            ],
            [
              108.9038364,
              34.3242215
            ],
            [
              108.9038413,
              34.3233329
            ],
            [
              108.9105801,
              34.3234741
            ],
            [
              108.9106894,
              34.3037463
            ],
            [
              108.8954729,
              34.3034273
            ],
            [
              108.895461,
              34.30556
            ],
            [
              108.8849544,
              34.3053398
            ],
            [
              108.8849609,
              34.3041549
            ],
            [
              108.8793815,
              34.3040379
            ],
            [
              108.8792725,
              34.3237065
            ]
          ]
        ]
      }
    },
    {
      "type": "Feature",
      "properties": {
        "research": true,
        "city": "西安",
        "sourceName": "汉长安 · 桂宫图示宫区",
        "family": "qinhan",
        "period": "秦汉",
        "sourceId": "han-palaces-plan2005-1",
        "sourceUrl": "https://ygx.sxu.edu.cn/db/%E5%AD%A6%E4%BD%8D/Y796727.pdf#page=75",
        "sourceTitle": "2005年保护总体规划 · 遗址分布现状图（图号05）",
        "status": "保护规划现状图描绘 · 宫址参考线",
        "note": "替换此前示意图两点配准。采用现状图底图所示未央宫四角与公开宫墙展示位置作四点仿射配准，前殿独立构件辅助检查约61米；展示位置不是考古测绘控制点，此偏差不代表全图精度。按2005年原图描绘，不代表现行保护范围、所有时期宫区或现存城墙。建章宫原图西侧截断，保留开放线，未补画缺失边界。",
        "validationMeters": 61,
        "label": "桂宫",
        "fillReference": true
      },
      "geometry": {
        "type": "Polygon",
        "coordinates": [
          [
            [
              108.8483648,
              34.3302277
            ],
            [
              108.8575672,
              34.3304206
            ],
            [
              108.8577985,
              34.3148428
            ],
            [
              108.8483787,
              34.3146454
            ],
            [
              108.8483648,
              34.3302277
            ]
          ]
        ]
      }
    },
    {
      "type": "Feature",
      "properties": {
        "research": true,
        "city": "西安",
        "sourceName": "汉长安 · 北宫图示宫区",
        "family": "qinhan",
        "period": "秦汉",
        "sourceId": "han-palaces-plan2005-2",
        "sourceUrl": "https://ygx.sxu.edu.cn/db/%E5%AD%A6%E4%BD%8D/Y796727.pdf#page=75",
        "sourceTitle": "2005年保护总体规划 · 遗址分布现状图（图号05）",
        "status": "保护规划现状图描绘 · 宫址参考线",
        "note": "替换此前示意图两点配准。采用现状图底图所示未央宫四角与公开宫墙展示位置作四点仿射配准，前殿独立构件辅助检查约61米；展示位置不是考古测绘控制点，此偏差不代表全图精度。按2005年原图描绘，不代表现行保护范围、所有时期宫区或现存城墙。建章宫原图西侧截断，保留开放线，未补画缺失边界。",
        "validationMeters": 61,
        "label": "北宫",
        "fillReference": true
      },
      "geometry": {
        "type": "Polygon",
        "coordinates": [
          [
            [
              108.8706828,
              34.3306364
            ],
            [
              108.8775665,
              34.3307807
            ],
            [
              108.8776433,
              34.3169179
            ],
            [
              108.8707596,
              34.3167736
            ],
            [
              108.8706828,
              34.3306364
            ]
          ]
        ]
      }
    },
    {
      "type": "Feature",
      "properties": {
        "research": true,
        "city": "西安",
        "sourceName": "汉长安 · 明光宫图示宫区",
        "family": "qinhan",
        "period": "秦汉",
        "sourceId": "han-palaces-plan2005-3",
        "sourceUrl": "https://ygx.sxu.edu.cn/db/%E5%AD%A6%E4%BD%8D/Y796727.pdf#page=75",
        "sourceTitle": "2005年保护总体规划 · 遗址分布现状图（图号05）",
        "status": "保护规划现状图描绘 · 宫址参考线",
        "note": "替换此前示意图两点配准。采用现状图底图所示未央宫四角与公开宫墙展示位置作四点仿射配准，前殿独立构件辅助检查约61米；展示位置不是考古测绘控制点，此偏差不代表全图精度。按2005年原图描绘，不代表现行保护范围、所有时期宫区或现存城墙。建章宫原图西侧截断，保留开放线，未补画缺失边界。",
        "validationMeters": 61,
        "label": "明光宫",
        "fillReference": true
      },
      "geometry": {
        "type": "Polygon",
        "coordinates": [
          [
            [
              108.8781529,
              34.3426429
            ],
            [
              108.9104631,
              34.3445645
            ],
            [
              108.9109138,
              34.3286359
            ],
            [
              108.8782344,
              34.3279507
            ],
            [
              108.8781529,
              34.3426429
            ]
          ]
        ]
      }
    },
    {
      "type": "Feature",
      "properties": {
        "research": true,
        "city": "西安",
        "sourceName": "汉长安 · 建章宫图示宫区",
        "family": "qinhan",
        "period": "秦汉",
        "sourceId": "han-palaces-plan2005-4",
        "sourceUrl": "https://ygx.sxu.edu.cn/db/%E5%AD%A6%E4%BD%8D/Y796727.pdf#page=75",
        "sourceTitle": "2005年保护总体规划 · 遗址分布现状图（图号05）",
        "status": "保护规划现状图描绘 · 宫址参考线",
        "note": "东、北、南段采用2005年规划现状图原有描绘；西侧及截断的北、南延伸段改据史念海《西安历史地图集》（1996）建章宫图补充。以两图共用的东北角、东南折角作关联变换，继承原有近似配准；不是独立测绘控制点或实测西墙。历史图有西墙局部外凸，保留其图示折点。补齐的是研究图示宫区轮廓，不表示现存墙体、法定保护界或各时期相同边界。",
        "validationMeters": 61,
        "label": "建章宫（历史图参考）",
        "referenceUrl": "https://kyoto-art.repo.nii.ac.jp/record/373/files/%EF%BC%882019%EF%BC%8951611001_%E5%AE%8B%E4%BD%B3%E9%9F%B3_%E5%85%A8%E6%96%87.pdf#page=326",
        "fillReference": true
      },
      "geometry": {
        "type": "Polygon",
        "coordinates": [
          [
            [
              108.8214459,
              34.3231459
            ],
            [
              108.8398507,
              34.3235317
            ],
            [
              108.8399354,
              34.3082471
            ],
            [
              108.8384862,
              34.3082167
            ],
            [
              108.8384915,
              34.3072689
            ],
            [
              108.8375495,
              34.3072491
            ],
            [
              108.8375567,
              34.3059458
            ],
            [
              108.8215431,
              34.30561
            ],
            [
              108.8107582,
              34.3041513
            ],
            [
              108.8107321,
              34.3109228
            ],
            [
              108.8101734,
              34.3111099
            ],
            [
              108.8102437,
              34.3114722
            ],
            [
              108.8108379,
              34.3116674
            ],
            [
              108.8109212,
              34.3218663
            ],
            [
              108.8214459,
              34.3231459
            ]
          ]
        ]
      }
    },
    {
      "type": "Feature",
      "properties": {
        "research": true,
        "city": "琉璃河",
        "sourceName": "琉璃河燕都 · 保护范围参考线",
        "family": "zhou",
        "period": "周",
        "sourceId": "liulihe-plan2020-0",
        "sourceUrl": "https://www.beijing.gov.cn/zhengce/zhengcefagui/202103/W020210317359243597782.pdf#page=52",
        "sourceTitle": "琉璃河遗址保护规划（2020—2035年）· 图16",
        "status": "官方规划描绘 · 两点近似配准",
        "note": "依据规划文物本体保护措施图二，采用博物馆原馆建筑和京广铁路跨大石河桥中心配准。保护范围不等于古城墙；内城墙保留图示残段，不补画缺失南墙。原规划早于2024—2025年外城发现，不能作为最新外城完整轮廓。两点变换未取得独立测绘控制点，精度未经全面核定。",
        "label": "琉璃河燕都保护范围",
        "fillReference": true
      },
      "geometry": {
        "type": "Polygon",
        "coordinates": [
          [
            [
              116.038809,
              39.6186812
            ],
            [
              116.0591556,
              39.6206348
            ],
            [
              116.0618863,
              39.6057074
            ],
            [
              116.0605076,
              39.604263
            ],
            [
              116.0578955,
              39.6054197
            ],
            [
              116.0555407,
              39.607244
            ],
            [
              116.0542662,
              39.6079506
            ],
            [
              116.0528683,
              39.6079395
            ],
            [
              116.0511429,
              39.6075162
            ],
            [
              116.0495576,
              39.6065821
            ],
            [
              116.047846,
              39.605135
            ],
            [
              116.0467885,
              39.6045635
            ],
            [
              116.045326,
              39.6043982
            ],
            [
              116.0436569,
              39.6047433
            ],
            [
              116.0422534,
              39.6051417
            ],
            [
              116.040795,
              39.6046694
            ],
            [
              116.038809,
              39.6186812
            ]
          ]
        ]
      }
    },
    {
      "type": "Feature",
      "properties": {
        "research": true,
        "city": "琉璃河",
        "sourceName": "琉璃河燕都 · 已知内城北墙及东西侧残段",
        "family": "zhou",
        "period": "周",
        "sourceId": "liulihe-plan2020-1",
        "sourceUrl": "https://www.beijing.gov.cn/zhengce/zhengcefagui/202103/W020210317359243597782.pdf#page=52",
        "sourceTitle": "琉璃河遗址保护规划（2020—2035年）· 图16",
        "status": "官方规划描绘 · 两点近似配准",
        "note": "依据规划文物本体保护措施图二，采用博物馆原馆建筑和京广铁路跨大石河桥中心配准。保护范围不等于古城墙；内城墙保留图示残段，不补画缺失南墙。原规划早于2024—2025年外城发现，不能作为最新外城完整轮廓。两点变换未取得独立测绘控制点，精度未经全面核定。"
      },
      "geometry": {
        "type": "LineString",
        "coordinates": [
          [
            116.0395173,
            39.6155127
          ],
          [
            116.0392125,
            39.6183772
          ],
          [
            116.0485887,
            39.6192197
          ],
          [
            116.0498338,
            39.6157483
          ]
        ]
      }
    },
    {
      "type": "Feature",
      "properties": {
        "research": true,
        "city": "西安",
        "sourceName": "汉长安城 · 外郭城图示轮廓",
        "family": "qinhan",
        "period": "秦汉",
        "sourceId": "han-changan-outer-plan2005",
        "sourceUrl": "https://ygx.sxu.edu.cn/db/%E5%AD%A6%E4%BD%8D/Y796727.pdf#page=75",
        "sourceTitle": "2005年保护总体规划 · 遗址分布现状图（图号05）",
        "status": "保护规划现状图描绘 · 宫址参考线",
        "note": "依据2005年保护规划遗址分布现状图的外郭城垣走向描绘，保留北墙曲折和南墙凹凸，不是方框或现代公园界。沿用未央宫四角仿射配准，前殿辅助检查约61米，该检查位于宫区内，不能代表远处城垣精度；不是现存城墙实测线或现行法定保护区划。",
        "validationMeters": 61,
        "label": "汉长安城",
        "fillReference": true
      },
      "geometry": {
        "type": "Polygon",
        "coordinates": [
          [
            [
              108.8451507,
              34.2956178
            ],
            [
              108.8448254,
              34.3020099
            ],
            [
              108.8450515,
              34.3135091
            ],
            [
              108.8469325,
              34.3140818
            ],
            [
              108.8467474,
              34.3344005
            ],
            [
              108.8537487,
              34.339465
            ],
            [
              108.8589652,
              34.3396929
            ],
            [
              108.8693115,
              34.3426945
            ],
            [
              108.8701013,
              34.3440146
            ],
            [
              108.8737243,
              34.3440905
            ],
            [
              108.8835463,
              34.3501622
            ],
            [
              108.8861546,
              34.3502761
            ],
            [
              108.8867214,
              34.3525987
            ],
            [
              108.909684,
              34.3543836
            ],
            [
              108.9115606,
              34.3034683
            ],
            [
              108.8851128,
              34.3029138
            ],
            [
              108.8850882,
              34.2942629
            ],
            [
              108.8742917,
              34.2940365
            ],
            [
              108.8742796,
              34.2962285
            ],
            [
              108.8451507,
              34.2956178
            ]
          ]
        ]
      }
    },
    {
      "type": "Feature",
      "properties": {
        "research": true,
        "city": "北京",
        "sourceName": "金中都城址地下文物埋藏区（二期）· 道路四至参考线",
        "family": "beijingjin",
        "period": "宋辽金西夏",
        "sourceId": "beijing-jin-buriedarea-2019",
        "sourceUrl": "https://www.beijing.gov.cn/zhengce/zfgb/lsgb/201905/W020191128337649953400.pdf",
        "sourceTitle": "北京市第五批地下文物埋藏区说明 · 附件2",
        "status": "官方文字四至 · 现代道路近似参考线",
        "note": "按北新华街、南新华街、虎坊路、北纬路、太平街，丽泽路及右安门滨河路，西三环，复兴门大街及西长安街的公布四至核对现代OSM道路描绘。少量路口和连接处为近似参考，非原始法定区划矢量。此区域面积原文为2647.6公顷；地下文物埋藏区包含辽金及其他时期遗存，绝不能作为金中都、辽南京外郭城城墙。 闭合范围以淡色填充，仅表示公布埋藏区的道路四至参考，不表示金代全城或宫城实测边界。",
        "label": "金中都（埋藏区参考）"
      },
      "geometry": {
        "type": "Polygon",
        "coordinates": [
          [
            [
              116.3035,
              39.9062
            ],
            [
              116.3292984,
              39.9060021
            ],
            [
              116.3375677,
              39.90624
            ],
            [
              116.3506919,
              39.9057495
            ],
            [
              116.3677238,
              39.9058578
            ],
            [
              116.377,
              39.9058
            ],
            [
              116.3780305,
              39.8987464
            ],
            [
              116.3785421,
              39.8882987
            ],
            [
              116.3788219,
              39.8819431
            ],
            [
              116.3811461,
              39.8819821
            ],
            [
              116.3816409,
              39.8707589
            ],
            [
              116.3817,
              39.8697
            ],
            [
              116.3793123,
              39.8694844
            ],
            [
              116.3682244,
              39.8686614
            ],
            [
              116.3581288,
              39.8675041
            ],
            [
              116.349056,
              39.8666493
            ],
            [
              116.3438674,
              39.8657484
            ],
            [
              116.3309924,
              39.8665438
            ],
            [
              116.3114341,
              39.8663399
            ],
            [
              116.305,
              39.8662
            ],
            [
              116.3048,
              39.8841
            ],
            [
              116.3039972,
              39.8868086
            ],
            [
              116.3044783,
              39.8943116
            ],
            [
              116.3035,
              39.9062
            ]
          ]
        ]
      }
    },
    {
      "type": "Feature",
      "properties": {
        "research": true,
        "osm": true,
        "city": "北京",
        "sourceName": "元大都城垣遗址公园 · 现代展示范围",
        "family": "beijingyuan",
        "period": "元",
        "sourceId": "osm-way-232724483",
        "sourceUrl": "https://www.openstreetmap.org/way/232724483",
        "referenceUrl": "https://www.beijing.gov.cn/renwen/rwzyd/qgzdwwbhdw/yddcqyz/202210/t20221031_2848744.html",
        "status": "现代遗址公园地图范围 · 非古城墙",
        "note": "原始 OSM 公园分段范围，用于查找城垣展示片区。公园内含城墙遗迹，也包含现代绿地、河道、游览设施；边界不是元代城垣或元大都完整城界。",
        "fillReference": true
      },
      "geometry": {
        "type": "Polygon",
        "coordinates": [
          [
            [
              116.3649349,
              39.9751473
            ],
            [
              116.3648677,
              39.9739919
            ],
            [
              116.3639993,
              39.9739847
            ],
            [
              116.3640122,
              39.9737183
            ],
            [
              116.3700525,
              39.9738039
            ],
            [
              116.3699015,
              39.974569
            ],
            [
              116.3698923,
              39.9748646
            ],
            [
              116.3684354,
              39.9748549
            ],
            [
              116.3684347,
              39.9751665
            ],
            [
              116.368287,
              39.9751628
            ],
            [
              116.3680822,
              39.97513
            ],
            [
              116.3675791,
              39.97513
            ],
            [
              116.3674806,
              39.9751594
            ],
            [
              116.3667231,
              39.9751558
            ],
            [
              116.3666845,
              39.9751013
            ],
            [
              116.3654878,
              39.9750931
            ],
            [
              116.3653979,
              39.9751447
            ],
            [
              116.3649349,
              39.9751473
            ]
          ]
        ]
      }
    },
    {
      "type": "Feature",
      "properties": {
        "research": true,
        "osm": true,
        "city": "北京",
        "sourceName": "元大都城垣遗址公园 · 现代展示范围",
        "family": "beijingyuan",
        "period": "元",
        "sourceId": "osm-way-232724485",
        "sourceUrl": "https://www.openstreetmap.org/way/232724485",
        "referenceUrl": "https://www.beijing.gov.cn/renwen/rwzyd/qgzdwwbhdw/yddcqyz/202210/t20221031_2848744.html",
        "status": "现代遗址公园地图范围 · 非古城墙",
        "note": "原始 OSM 公园分段范围，用于查找城垣展示片区。公园内含城墙遗迹，也包含现代绿地、河道、游览设施；边界不是元代城垣或元大都完整城界。",
        "fillReference": true
      },
      "geometry": {
        "type": "Polygon",
        "coordinates": [
          [
            [
              116.4186681,
              39.9741416
            ],
            [
              116.4228957,
              39.9741053
            ],
            [
              116.4247714,
              39.9741368
            ],
            [
              116.4250158,
              39.9741853
            ],
            [
              116.4268013,
              39.9741143
            ],
            [
              116.4268665,
              39.9740001
            ],
            [
              116.4268719,
              39.97348
            ],
            [
              116.426908,
              39.9734871
            ],
            [
              116.426947,
              39.9734947
            ],
            [
              116.427255,
              39.973502
            ],
            [
              116.4274061,
              39.9737295
            ],
            [
              116.4276945,
              39.9741638
            ],
            [
              116.4279484,
              39.974619
            ],
            [
              116.4279933,
              39.9747233
            ],
            [
              116.4280029,
              39.9748446
            ],
            [
              116.4279645,
              39.9749878
            ],
            [
              116.4278802,
              39.9750944
            ],
            [
              116.4277548,
              39.975181
            ],
            [
              116.4275706,
              39.9752304
            ],
            [
              116.4272057,
              39.9752762
            ],
            [
              116.4260887,
              39.9753857
            ],
            [
              116.4261102,
              39.9750157
            ],
            [
              116.4192973,
              39.9749582
            ],
            [
              116.4186123,
              39.9749915
            ],
            [
              116.4186681,
              39.9741416
            ]
          ]
        ]
      }
    },
    {
      "type": "Feature",
      "properties": {
        "research": true,
        "osm": true,
        "city": "北京",
        "sourceName": "元大都城垣遗址公园 · 现代展示范围",
        "family": "beijingyuan",
        "period": "元",
        "sourceId": "osm-way-232724487",
        "sourceUrl": "https://www.openstreetmap.org/way/232724487",
        "referenceUrl": "https://www.beijing.gov.cn/renwen/rwzyd/qgzdwwbhdw/yddcqyz/202210/t20221031_2848744.html",
        "status": "现代遗址公园地图范围 · 非古城墙",
        "note": "原始 OSM 公园分段范围，用于查找城垣展示片区。公园内含城墙遗迹，也包含现代绿地、河道、游览设施；边界不是元代城垣或元大都完整城界。",
        "fillReference": true
      },
      "geometry": {
        "type": "Polygon",
        "coordinates": [
          [
            [
              116.3952821,
              39.9738737
            ],
            [
              116.3921488,
              39.9738633
            ],
            [
              116.3898273,
              39.9738932
            ],
            [
              116.3890543,
              39.9739678
            ],
            [
              116.38835,
              39.9740363
            ],
            [
              116.3882918,
              39.9748261
            ],
            [
              116.3883402,
              39.9750341
            ],
            [
              116.388827,
              39.9752581
            ],
            [
              116.3915173,
              39.9752663
            ],
            [
              116.3918281,
              39.9752729
            ],
            [
              116.3952132,
              39.9753006
            ],
            [
              116.3952478,
              39.9751691
            ],
            [
              116.3952821,
              39.9738737
            ]
          ]
        ]
      }
    },
    {
      "type": "Feature",
      "properties": {
        "research": true,
        "osm": true,
        "city": "北京",
        "sourceName": "元大都城垣遗址公园 · 现代展示范围",
        "family": "beijingyuan",
        "period": "元",
        "sourceId": "osm-way-232724490",
        "sourceUrl": "https://www.openstreetmap.org/way/232724490",
        "referenceUrl": "https://www.beijing.gov.cn/renwen/rwzyd/qgzdwwbhdw/yddcqyz/202210/t20221031_2848744.html",
        "status": "现代遗址公园地图范围 · 非古城墙",
        "note": "原始 OSM 公园分段范围，用于查找城垣展示片区。公园内含城墙遗迹，也包含现代绿地、河道、游览设施；边界不是元代城垣或元大都完整城界。",
        "fillReference": true
      },
      "geometry": {
        "type": "Polygon",
        "coordinates": [
          [
            [
              116.3593642,
              39.973702
            ],
            [
              116.3593569,
              39.9744977
            ],
            [
              116.359361,
              39.9747689
            ],
            [
              116.3593516,
              39.9751078
            ],
            [
              116.3589207,
              39.9751058
            ],
            [
              116.3587605,
              39.9751051
            ],
            [
              116.3585402,
              39.9751417
            ],
            [
              116.3562654,
              39.9751225
            ],
            [
              116.351346,
              39.975081
            ],
            [
              116.3497521,
              39.9750675
            ],
            [
              116.3493255,
              39.9750418
            ],
            [
              116.3492217,
              39.9750356
            ],
            [
              116.3486979,
              39.9750313
            ],
            [
              116.3487072,
              39.9746661
            ],
            [
              116.348376,
              39.9746749
            ],
            [
              116.3484017,
              39.973618
            ],
            [
              116.35528,
              39.9736349
            ],
            [
              116.3558905,
              39.9737331
            ],
            [
              116.3593642,
              39.973702
            ]
          ]
        ]
      }
    },
    {
      "type": "Feature",
      "properties": {
        "research": true,
        "osm": true,
        "city": "北京",
        "sourceName": "元大都城垣遗址公园 · 现代展示范围",
        "family": "beijingyuan",
        "period": "元",
        "sourceId": "osm-way-232724492",
        "sourceUrl": "https://www.openstreetmap.org/way/232724492",
        "referenceUrl": "https://www.beijing.gov.cn/renwen/rwzyd/qgzdwwbhdw/yddcqyz/202210/t20221031_2848744.html",
        "status": "现代遗址公园地图范围 · 非古城墙",
        "note": "原始 OSM 公园分段范围，用于查找城垣展示片区。公园内含城墙遗迹，也包含现代绿地、河道、游览设施；边界不是元代城垣或元大都完整城界。",
        "fillReference": true
      },
      "geometry": {
        "type": "Polygon",
        "coordinates": [
          [
            [
              116.3487798,
              39.9572167
            ],
            [
              116.3487682,
              39.9568931
            ],
            [
              116.348532,
              39.9568966
            ],
            [
              116.3478817,
              39.9580713
            ],
            [
              116.3476213,
              39.9585902
            ],
            [
              116.3474963,
              39.9589893
            ],
            [
              116.347489,
              39.9593731
            ],
            [
              116.3474353,
              39.960106
            ],
            [
              116.3475097,
              39.9601156
            ],
            [
              116.3474756,
              39.9605917
            ],
            [
              116.3474006,
              39.9606226
            ],
            [
              116.3472743,
              39.9636296
            ],
            [
              116.3472982,
              39.9637707
            ],
            [
              116.3474255,
              39.9637803
            ],
            [
              116.3476773,
              39.9638864
            ],
            [
              116.3476665,
              39.9643593
            ],
            [
              116.3477363,
              39.964902
            ],
            [
              116.3477041,
              39.9656749
            ],
            [
              116.3476236,
              39.9660655
            ],
            [
              116.3475753,
              39.9668878
            ],
            [
              116.3476142,
              39.9672502
            ],
            [
              116.347664,
              39.9675677
            ],
            [
              116.3476535,
              39.9678822
            ],
            [
              116.3475248,
              39.9685862
            ],
            [
              116.3474064,
              39.9705874
            ],
            [
              116.3473798,
              39.9709099
            ],
            [
              116.3472803,
              39.9721173
            ],
            [
              116.3471904,
              39.9729935
            ],
            [
              116.3471408,
              39.9739878
            ],
            [
              116.3471825,
              39.9740994
            ],
            [
              116.3472544,
              39.9741881
            ],
            [
              116.3473358,
              39.9742804
            ],
            [
              116.3474346,
              39.9743624
            ],
            [
              116.3475975,
              39.9744087
            ],
            [
              116.3478919,
              39.9744297
            ],
            [
              116.3479625,
              39.9727521
            ],
            [
              116.3480264,
              39.9713776
            ],
            [
              116.3479754,
              39.9712723
            ],
            [
              116.3479874,
              39.9708315
            ],
            [
              116.3480609,
              39.9708031
            ],
            [
              116.3482491,
              39.9677953
            ],
            [
              116.3481985,
              39.9677607
            ],
            [
              116.3482062,
              39.9674865
            ],
            [
              116.3482452,
              39.9674609
            ],
            [
              116.3483138,
              39.966078
            ],
            [
              116.3483847,
              39.9652153
            ],
            [
              116.3483478,
              39.9651881
            ],
            [
              116.3483625,
              39.9648938
            ],
            [
              116.3483987,
              39.9648678
            ],
            [
              116.3484412,
              39.9637652
            ],
            [
              116.3487798,
              39.9572167
            ]
          ]
        ]
      }
    },
    {
      "type": "Feature",
      "properties": {
        "research": true,
        "osm": true,
        "city": "北京",
        "sourceName": "元大都城垣遗址公园 · 现代展示范围",
        "family": "beijingyuan",
        "period": "元",
        "sourceId": "osm-way-990439597",
        "sourceUrl": "https://www.openstreetmap.org/way/990439597",
        "referenceUrl": "https://www.beijing.gov.cn/renwen/rwzyd/qgzdwwbhdw/yddcqyz/202210/t20221031_2848744.html",
        "status": "现代遗址公园地图范围 · 非古城墙",
        "note": "原始 OSM 公园分段范围，用于查找城垣展示片区。公园内含城墙遗迹，也包含现代绿地、河道、游览设施；边界不是元代城垣或元大都完整城界。",
        "fillReference": true
      },
      "geometry": {
        "type": "Polygon",
        "coordinates": [
          [
            [
              116.359656,
              39.9747683
            ],
            [
              116.3596618,
              39.9736982
            ],
            [
              116.3634768,
              39.9736349
            ],
            [
              116.3634554,
              39.9747695
            ],
            [
              116.3630573,
              39.9750979
            ],
            [
              116.3618235,
              39.9750322
            ],
            [
              116.3615446,
              39.9750979
            ],
            [
              116.3610235,
              39.9751158
            ],
            [
              116.3610248,
              39.9750019
            ],
            [
              116.3610274,
              39.9747727
            ],
            [
              116.3604946,
              39.9747693
            ],
            [
              116.359656,
              39.9747683
            ]
          ]
        ]
      }
    },
    {
      "type": "Feature",
      "properties": {
        "research": true,
        "osm": true,
        "city": "北京",
        "sourceName": "元大都城垣遗址公园 · 现代展示范围",
        "family": "beijingyuan",
        "period": "元",
        "sourceId": "osm-way-990439598",
        "sourceUrl": "https://www.openstreetmap.org/way/990439598",
        "referenceUrl": "https://www.beijing.gov.cn/renwen/rwzyd/qgzdwwbhdw/yddcqyz/202210/t20221031_2848744.html",
        "status": "现代遗址公园地图范围 · 非古城墙",
        "note": "原始 OSM 公园分段范围，用于查找城垣展示片区。公园内含城墙遗迹，也包含现代绿地、河道、游览设施；边界不是元代城垣或元大都完整城界。",
        "fillReference": true
      },
      "geometry": {
        "type": "Polygon",
        "coordinates": [
          [
            [
              116.3816129,
              39.9738717
            ],
            [
              116.3799762,
              39.9738564
            ],
            [
              116.3797959,
              39.9738449
            ],
            [
              116.3767489,
              39.9738795
            ],
            [
              116.3754121,
              39.9737939
            ],
            [
              116.3755344,
              39.9743497
            ],
            [
              116.3758935,
              39.9743359
            ],
            [
              116.3758835,
              39.9744835
            ],
            [
              116.3755198,
              39.9745205
            ],
            [
              116.3755261,
              39.9748745
            ],
            [
              116.3761319,
              39.9749079
            ],
            [
              116.3762341,
              39.9751184
            ],
            [
              116.3783178,
              39.9752452
            ],
            [
              116.3816905,
              39.9752319
            ],
            [
              116.3816626,
              39.9747424
            ],
            [
              116.381537,
              39.9747246
            ],
            [
              116.3815429,
              39.974275
            ],
            [
              116.381669,
              39.9742792
            ],
            [
              116.3816129,
              39.9738717
            ]
          ]
        ]
      }
    },
    {
      "type": "Feature",
      "properties": {
        "research": true,
        "osm": true,
        "city": "北京",
        "sourceName": "元大都城垣遗址公园 · 现代展示范围",
        "family": "beijingyuan",
        "period": "元",
        "sourceId": "osm-way-990439599",
        "sourceUrl": "https://www.openstreetmap.org/way/990439599",
        "referenceUrl": "https://www.beijing.gov.cn/renwen/rwzyd/qgzdwwbhdw/yddcqyz/202210/t20221031_2848744.html",
        "status": "现代遗址公园地图范围 · 非古城墙",
        "note": "原始 OSM 公园分段范围，用于查找城垣展示片区。公园内含城墙遗迹，也包含现代绿地、河道、游览设施；边界不是元代城垣或元大都完整城界。",
        "fillReference": true
      },
      "geometry": {
        "type": "Polygon",
        "coordinates": [
          [
            [
              116.3877023,
              39.9740754
            ],
            [
              116.3865637,
              39.9740949
            ],
            [
              116.3852242,
              39.9740706
            ],
            [
              116.385244,
              39.9739058
            ],
            [
              116.3820332,
              39.9738757
            ],
            [
              116.3819597,
              39.9742825
            ],
            [
              116.3820566,
              39.9742729
            ],
            [
              116.3820763,
              39.9747302
            ],
            [
              116.3819611,
              39.9747503
            ],
            [
              116.3819613,
              39.975211
            ],
            [
              116.3820135,
              39.9752328
            ],
            [
              116.3869647,
              39.975252
            ],
            [
              116.387701,
              39.9750271
            ],
            [
              116.3877023,
              39.9740754
            ]
          ]
        ]
      }
    },
    {
      "type": "Feature",
      "properties": {
        "research": true,
        "osm": true,
        "city": "北京",
        "sourceName": "元大都城垣遗址公园 · 现代展示范围",
        "family": "beijingyuan",
        "period": "元",
        "sourceId": "osm-way-990439600",
        "sourceUrl": "https://www.openstreetmap.org/way/990439600",
        "referenceUrl": "https://www.beijing.gov.cn/renwen/rwzyd/qgzdwwbhdw/yddcqyz/202210/t20221031_2848744.html",
        "status": "现代遗址公园地图范围 · 非古城墙",
        "note": "原始 OSM 公园分段范围，用于查找城垣展示片区。公园内含城墙遗迹，也包含现代绿地、河道、游览设施；边界不是元代城垣或元大都完整城界。",
        "fillReference": true
      },
      "geometry": {
        "type": "Polygon",
        "coordinates": [
          [
            [
              116.3957387,
              39.9752017
            ],
            [
              116.395799,
              39.9752991
            ],
            [
              116.3968484,
              39.9752996
            ],
            [
              116.3982283,
              39.9753329
            ],
            [
              116.4001009,
              39.9753452
            ],
            [
              116.400148,
              39.9751394
            ],
            [
              116.4003931,
              39.975139
            ],
            [
              116.4004468,
              39.9746868
            ],
            [
              116.3995364,
              39.9746461
            ],
            [
              116.3994596,
              39.974031
            ],
            [
              116.3985091,
              39.9739864
            ],
            [
              116.3957659,
              39.9738753
            ],
            [
              116.3957387,
              39.9752017
            ]
          ]
        ]
      }
    },
    {
      "type": "Feature",
      "properties": {
        "research": true,
        "osm": true,
        "city": "北京",
        "sourceName": "元大都城垣遗址公园 · 现代展示范围",
        "family": "beijingyuan",
        "period": "元",
        "sourceId": "osm-way-990439601",
        "sourceUrl": "https://www.openstreetmap.org/way/990439601",
        "referenceUrl": "https://www.beijing.gov.cn/renwen/rwzyd/qgzdwwbhdw/yddcqyz/202210/t20221031_2848744.html",
        "status": "现代遗址公园地图范围 · 非古城墙",
        "note": "原始 OSM 公园分段范围，用于查找城垣展示片区。公园内含城墙遗迹，也包含现代绿地、河道、游览设施；边界不是元代城垣或元大都完整城界。",
        "fillReference": true
      },
      "geometry": {
        "type": "Polygon",
        "coordinates": [
          [
            [
              116.4110879,
              39.9742374
            ],
            [
              116.4110635,
              39.9748131
            ],
            [
              116.4110519,
              39.9750996
            ],
            [
              116.411044,
              39.9754239
            ],
            [
              116.4108082,
              39.9754303
            ],
            [
              116.4107755,
              39.9753265
            ],
            [
              116.410479,
              39.9753197
            ],
            [
              116.4104394,
              39.9754392
            ],
            [
              116.4100225,
              39.9754492
            ],
            [
              116.4100158,
              39.9751132
            ],
            [
              116.4084311,
              39.9751074
            ],
            [
              116.4084505,
              39.9754515
            ],
            [
              116.4046648,
              39.9754108
            ],
            [
              116.4046418,
              39.9751884
            ],
            [
              116.4024531,
              39.9751555
            ],
            [
              116.4022808,
              39.9751577
            ],
            [
              116.4021595,
              39.9750996
            ],
            [
              116.4020865,
              39.9749564
            ],
            [
              116.4021419,
              39.9748677
            ],
            [
              116.4016071,
              39.9748681
            ],
            [
              116.4016057,
              39.9741959
            ],
            [
              116.4017076,
              39.9741527
            ],
            [
              116.4041439,
              39.9741691
            ],
            [
              116.4053284,
              39.9741771
            ],
            [
              116.4067848,
              39.9741998
            ],
            [
              116.4077742,
              39.9741952
            ],
            [
              116.4094124,
              39.9741749
            ],
            [
              116.410732,
              39.9741692
            ],
            [
              116.4110567,
              39.974206
            ],
            [
              116.4110879,
              39.9742374
            ]
          ]
        ]
      }
    },
    {
      "type": "Feature",
      "properties": {
        "research": true,
        "osm": true,
        "city": "北京",
        "sourceName": "元大都城垣遗址公园 · 现代展示范围",
        "family": "beijingyuan",
        "period": "元",
        "sourceId": "osm-way-990439602",
        "sourceUrl": "https://www.openstreetmap.org/way/990439602",
        "referenceUrl": "https://www.beijing.gov.cn/renwen/rwzyd/qgzdwwbhdw/yddcqyz/202210/t20221031_2848744.html",
        "status": "现代遗址公园地图范围 · 非古城墙",
        "note": "原始 OSM 公园分段范围，用于查找城垣展示片区。公园内含城墙遗迹，也包含现代绿地、河道、游览设施；边界不是元代城垣或元大都完整城界。",
        "fillReference": true
      },
      "geometry": {
        "type": "Polygon",
        "coordinates": [
          [
            [
              116.4180857,
              39.9749063
            ],
            [
              116.4180396,
              39.9751696
            ],
            [
              116.4154537,
              39.9751771
            ],
            [
              116.4125891,
              39.9751453
            ],
            [
              116.4126055,
              39.9753008
            ],
            [
              116.4121357,
              39.9752807
            ],
            [
              116.4121292,
              39.9752348
            ],
            [
              116.4119521,
              39.975235
            ],
            [
              116.4119422,
              39.9753662
            ],
            [
              116.4116308,
              39.975368
            ],
            [
              116.4116339,
              39.975097
            ],
            [
              116.4116406,
              39.9748268
            ],
            [
              116.4116587,
              39.9742517
            ],
            [
              116.4116684,
              39.9742125
            ],
            [
              116.4117189,
              39.9741502
            ],
            [
              116.4173976,
              39.9741155
            ],
            [
              116.4181674,
              39.9741198
            ],
            [
              116.4180857,
              39.9749063
            ]
          ]
        ]
      }
    },
    {
      "type": "Feature",
      "properties": {
        "research": true,
        "early": true,
        "city": "渤海上京龙泉府",
        "sourceName": "外郭城（图示参考）",
        "family": "bohai",
        "period": "隋唐",
        "sourceId": "bohai-shangjing-plan2020-0",
        "sourceUrl": "https://www.hlj.gov.cn/hlj/c108411/202110/31182525/files/a5a0b47f8f709901864104e4cf2bb558.pdf#page=67",
        "sourceTitle": "保护总体规划城址详图与公开卫星影像对照",
        "status": "规划详图四角配准 · 卫星对照参考",
        "note": "已替换原两个村落参照点配准。将官方规划城址详图的外郭城四个拐角与公开WGS84卫星影像中的相应位置对照，采用四点投影变换，校正整体位置、方向和尺度；宫城角点另作未参与变换的影像检查。图件轮廓、埋藏边界及影像判读均有不确定性，不是考古测绘成果或法定保护区划。佛寺小轮廓仍仅表示规划图中的建筑址标记，不代表完整寺院范围。玄武湖不显示。影像底图：© Esri World Imagery及影像提供方。",
        "label": "渤海上京龙泉府",
        "fillReference": true
      },
      "geometry": {
        "type": "Polygon",
        "coordinates": [
          [
            [
              129.11533333,
              44.13295833
            ],
            [
              129.11861339,
              44.13392349
            ],
            [
              129.13553151,
              44.13549984
            ],
            [
              129.1353966,
              44.1371837
            ],
            [
              129.1459643,
              44.13818593
            ],
            [
              129.14616658,
              44.13716086
            ],
            [
              129.14864628,
              44.1379655
            ],
            [
              129.14917566,
              44.13700733
            ],
            [
              129.17329167,
              44.13916667
            ],
            [
              129.17845833,
              44.10883333
            ],
            [
              129.1205,
              44.102625
            ],
            [
              129.11533333,
              44.13295833
            ]
          ]
        ]
      }
    },
    {
      "type": "Feature",
      "properties": {
        "research": true,
        "early": true,
        "city": "渤海上京龙泉府",
        "sourceName": "宫城（图示参考）",
        "family": "bohai",
        "period": "隋唐",
        "sourceId": "bohai-shangjing-plan2020-1",
        "sourceUrl": "https://www.hlj.gov.cn/hlj/c108411/202110/31182525/files/a5a0b47f8f709901864104e4cf2bb558.pdf#page=67",
        "sourceTitle": "保护总体规划城址详图与公开卫星影像对照",
        "status": "规划详图四角配准 · 卫星对照参考",
        "note": "已替换原两个村落参照点配准。将官方规划城址详图的外郭城四个拐角与公开WGS84卫星影像中的相应位置对照，采用四点投影变换，校正整体位置、方向和尺度；宫城角点另作未参与变换的影像检查。图件轮廓、埋藏边界及影像判读均有不确定性，不是考古测绘成果或法定保护区划。佛寺小轮廓仍仅表示规划图中的建筑址标记，不代表完整寺院范围。玄武湖不显示。影像底图：© Esri World Imagery及影像提供方。",
        "label": "宫城",
        "fillReference": true
      },
      "geometry": {
        "type": "Polygon",
        "coordinates": [
          [
            [
              129.1385303,
              44.13544474
            ],
            [
              129.14673686,
              44.13603759
            ],
            [
              129.14747894,
              44.12954681
            ],
            [
              129.13953996,
              44.12886579
            ],
            [
              129.1385303,
              44.13544474
            ]
          ]
        ]
      }
    },
    {
      "type": "Feature",
      "properties": {
        "research": true,
        "early": true,
        "city": "渤海上京龙泉府",
        "sourceName": "皇城（图示参考）",
        "family": "bohai",
        "period": "隋唐",
        "sourceId": "bohai-shangjing-plan2020-2",
        "sourceUrl": "https://www.hlj.gov.cn/hlj/c108411/202110/31182525/files/a5a0b47f8f709901864104e4cf2bb558.pdf#page=67",
        "sourceTitle": "保护总体规划城址详图与公开卫星影像对照",
        "status": "规划详图四角配准 · 卫星对照参考",
        "note": "已替换原两个村落参照点配准。将官方规划城址详图的外郭城四个拐角与公开WGS84卫星影像中的相应位置对照，采用四点投影变换，校正整体位置、方向和尺度；宫城角点另作未参与变换的影像检查。图件轮廓、埋藏边界及影像判读均有不确定性，不是考古测绘成果或法定保护区划。佛寺小轮廓仍仅表示规划图中的建筑址标记，不代表完整寺院范围。玄武湖不显示。影像底图：© Esri World Imagery及影像提供方。",
        "label": "皇城",
        "fillReference": true
      },
      "geometry": {
        "type": "Polygon",
        "coordinates": [
          [
            [
              129.13684021,
              44.12819806
            ],
            [
              129.15011721,
              44.12928783
            ],
            [
              129.15088923,
              44.12537389
            ],
            [
              129.13750739,
              44.12416162
            ],
            [
              129.13684021,
              44.12819806
            ]
          ]
        ]
      }
    },
    {
      "type": "Feature",
      "properties": {
        "research": true,
        "early": true,
        "city": "渤海上京龙泉府",
        "sourceName": "圆璧城（图示参考）",
        "family": "bohai",
        "period": "隋唐",
        "sourceId": "bohai-shangjing-plan2020-3",
        "sourceUrl": "https://www.hlj.gov.cn/hlj/c108411/202110/31182525/files/a5a0b47f8f709901864104e4cf2bb558.pdf#page=67",
        "sourceTitle": "保护总体规划城址详图与公开卫星影像对照",
        "status": "规划详图四角配准 · 卫星对照参考",
        "note": "已替换原两个村落参照点配准。将官方规划城址详图的外郭城四个拐角与公开WGS84卫星影像中的相应位置对照，采用四点投影变换，校正整体位置、方向和尺度；宫城角点另作未参与变换的影像检查。图件轮廓、埋藏边界及影像判读均有不确定性，不是考古测绘成果或法定保护区划。佛寺小轮廓仍仅表示规划图中的建筑址标记，不代表完整寺院范围。玄武湖不显示。影像底图：© Esri World Imagery及影像提供方。",
        "label": "圆璧城",
        "fillReference": true
      },
      "geometry": {
        "type": "Polygon",
        "coordinates": [
          [
            [
              129.1353966,
              44.1371837
            ],
            [
              129.1459643,
              44.13818593
            ],
            [
              129.14622989,
              44.13613499
            ],
            [
              129.13570537,
              44.1351371
            ],
            [
              129.1353966,
              44.1371837
            ]
          ]
        ]
      }
    },
    {
      "type": "Feature",
      "properties": {
        "research": true,
        "early": true,
        "city": "渤海上京龙泉府",
        "sourceName": "西掖城（图示参考）",
        "family": "bohai",
        "period": "隋唐",
        "sourceId": "bohai-shangjing-plan2020-4",
        "sourceUrl": "https://www.hlj.gov.cn/hlj/c108411/202110/31182525/files/a5a0b47f8f709901864104e4cf2bb558.pdf#page=67",
        "sourceTitle": "保护总体规划城址详图与公开卫星影像对照",
        "status": "规划详图四角配准 · 卫星对照参考",
        "note": "已替换原两个村落参照点配准。将官方规划城址详图的外郭城四个拐角与公开WGS84卫星影像中的相应位置对照，采用四点投影变换，校正整体位置、方向和尺度；宫城角点另作未参与变换的影像检查。图件轮廓、埋藏边界及影像判读均有不确定性，不是考古测绘成果或法定保护区划。佛寺小轮廓仍仅表示规划图中的建筑址标记，不代表完整寺院范围。玄武湖不显示。影像底图：© Esri World Imagery及影像提供方。",
        "label": "西掖城",
        "fillReference": true
      },
      "geometry": {
        "type": "Polygon",
        "coordinates": [
          [
            [
              129.13570537,
              44.1351371
            ],
            [
              129.1385303,
              44.13544474
            ],
            [
              129.13953996,
              44.12886579
            ],
            [
              129.13680275,
              44.12849571
            ],
            [
              129.13570537,
              44.1351371
            ]
          ]
        ]
      }
    },
    {
      "type": "Feature",
      "properties": {
        "research": true,
        "early": true,
        "city": "渤海上京龙泉府",
        "sourceName": "东掖城（图示参考）",
        "family": "bohai",
        "period": "隋唐",
        "sourceId": "bohai-shangjing-plan2020-5",
        "sourceUrl": "https://www.hlj.gov.cn/hlj/c108411/202110/31182525/files/a5a0b47f8f709901864104e4cf2bb558.pdf#page=67",
        "sourceTitle": "保护总体规划城址详图与公开卫星影像对照",
        "status": "规划详图四角配准 · 卫星对照参考",
        "note": "已替换原两个村落参照点配准。将官方规划城址详图的外郭城四个拐角与公开WGS84卫星影像中的相应位置对照，采用四点投影变换，校正整体位置、方向和尺度；宫城角点另作未参与变换的影像检查。图件轮廓、埋藏边界及影像判读均有不确定性，不是考古测绘成果或法定保护区划。佛寺小轮廓仍仅表示规划图中的建筑址标记，不代表完整寺院范围。玄武湖不显示。影像底图：© Esri World Imagery及影像提供方。",
        "label": "东掖城",
        "fillReference": true
      },
      "geometry": {
        "type": "Polygon",
        "coordinates": [
          [
            [
              129.14673686,
              44.13603759
            ],
            [
              129.14920042,
              44.13624564
            ],
            [
              129.15013129,
              44.12978536
            ],
            [
              129.14747894,
              44.12954681
            ],
            [
              129.14673686,
              44.13603759
            ]
          ]
        ]
      }
    },
    {
      "type": "Feature",
      "properties": {
        "research": true,
        "early": true,
        "city": "渤海上京龙泉府",
        "sourceName": "皇城内部西侧分隔线（图示参考）",
        "family": "bohai",
        "period": "隋唐",
        "sourceId": "bohai-shangjing-plan2020-6",
        "sourceUrl": "https://www.hlj.gov.cn/hlj/c108411/202110/31182525/files/a5a0b47f8f709901864104e4cf2bb558.pdf#page=67",
        "sourceTitle": "保护总体规划城址详图与公开卫星影像对照",
        "status": "规划详图四角配准 · 卫星对照参考",
        "note": "已替换原两个村落参照点配准。将官方规划城址详图的外郭城四个拐角与公开WGS84卫星影像中的相应位置对照，采用四点投影变换，校正整体位置、方向和尺度；宫城角点另作未参与变换的影像检查。图件轮廓、埋藏边界及影像判读均有不确定性，不是考古测绘成果或法定保护区划。佛寺小轮廓仍仅表示规划图中的建筑址标记，不代表完整寺院范围。玄武湖不显示。影像底图：© Esri World Imagery及影像提供方。",
        "label": "皇城西区"
      },
      "geometry": {
        "type": "LineString",
        "coordinates": [
          [
            129.14211066,
            44.12817617
          ],
          [
            129.14266988,
            44.1250962
          ]
        ]
      }
    },
    {
      "type": "Feature",
      "properties": {
        "research": true,
        "early": true,
        "city": "渤海上京龙泉府",
        "sourceName": "皇城内部东侧分隔线（图示参考）",
        "family": "bohai",
        "period": "隋唐",
        "sourceId": "bohai-shangjing-plan2020-7",
        "sourceUrl": "https://www.hlj.gov.cn/hlj/c108411/202110/31182525/files/a5a0b47f8f709901864104e4cf2bb558.pdf#page=67",
        "sourceTitle": "保护总体规划城址详图与公开卫星影像对照",
        "status": "规划详图四角配准 · 卫星对照参考",
        "note": "已替换原两个村落参照点配准。将官方规划城址详图的外郭城四个拐角与公开WGS84卫星影像中的相应位置对照，采用四点投影变换，校正整体位置、方向和尺度；宫城角点另作未参与变换的影像检查。图件轮廓、埋藏边界及影像判读均有不确定性，不是考古测绘成果或法定保护区划。佛寺小轮廓仍仅表示规划图中的建筑址标记，不代表完整寺院范围。玄武湖不显示。影像底图：© Esri World Imagery及影像提供方。",
        "label": "皇城东区"
      },
      "geometry": {
        "type": "LineString",
        "coordinates": [
          [
            129.14476123,
            44.1285463
          ],
          [
            129.14531033,
            44.12506693
          ]
        ]
      }
    },
    {
      "type": "Feature",
      "properties": {
        "research": true,
        "early": true,
        "city": "渤海上京龙泉府",
        "sourceName": "1号佛寺建筑遗址（图示参考）",
        "family": "bohai",
        "period": "隋唐",
        "sourceId": "bohai-shangjing-plan2020-8",
        "sourceUrl": "https://www.hlj.gov.cn/hlj/c108411/202110/31182525/files/a5a0b47f8f709901864104e4cf2bb558.pdf#page=67",
        "sourceTitle": "保护总体规划城址详图与公开卫星影像对照",
        "status": "规划详图四角配准 · 卫星对照参考",
        "note": "已替换原两个村落参照点配准。将官方规划城址详图的外郭城四个拐角与公开WGS84卫星影像中的相应位置对照，采用四点投影变换，校正整体位置、方向和尺度；宫城角点另作未参与变换的影像检查。图件轮廓、埋藏边界及影像判读均有不确定性，不是考古测绘成果或法定保护区划。佛寺小轮廓仍仅表示规划图中的建筑址标记，不代表完整寺院范围。玄武湖不显示。影像底图：© Esri World Imagery及影像提供方。",
        "label": "1号佛寺遗址",
        "fillReference": true
      },
      "geometry": {
        "type": "Polygon",
        "coordinates": [
          [
            [
              129.14585038,
              44.12125293
            ],
            [
              129.14659276,
              44.12125342
            ],
            [
              129.14658518,
              44.12098791
            ],
            [
              129.14584279,
              44.12098746
            ],
            [
              129.14585038,
              44.12125293
            ]
          ]
        ]
      }
    },
    {
      "type": "Feature",
      "properties": {
        "research": true,
        "early": true,
        "city": "渤海上京龙泉府",
        "sourceName": "2号佛寺建筑遗址（图示参考）",
        "family": "bohai",
        "period": "隋唐",
        "sourceId": "bohai-shangjing-plan2020-9",
        "sourceUrl": "https://www.hlj.gov.cn/hlj/c108411/202110/31182525/files/a5a0b47f8f709901864104e4cf2bb558.pdf#page=67",
        "sourceTitle": "保护总体规划城址详图与公开卫星影像对照",
        "status": "规划详图四角配准 · 卫星对照参考",
        "note": "已替换原两个村落参照点配准。将官方规划城址详图的外郭城四个拐角与公开WGS84卫星影像中的相应位置对照，采用四点投影变换，校正整体位置、方向和尺度；宫城角点另作未参与变换的影像检查。图件轮廓、埋藏边界及影像判读均有不确定性，不是考古测绘成果或法定保护区划。佛寺小轮廓仍仅表示规划图中的建筑址标记，不代表完整寺院范围。玄武湖不显示。影像底图：© Esri World Imagery及影像提供方。",
        "label": "2号佛寺遗址",
        "fillReference": true
      },
      "geometry": {
        "type": "Polygon",
        "coordinates": [
          [
            [
              129.146839,
              44.1119866
            ],
            [
              129.14730351,
              44.111986
            ],
            [
              129.14729593,
              44.11172006
            ],
            [
              129.14683142,
              44.11172068
            ],
            [
              129.146839,
              44.1119866
            ]
          ]
        ]
      }
    },
    {
      "type": "Feature",
      "properties": {
        "research": true,
        "early": true,
        "city": "渤海上京龙泉府",
        "sourceName": "3号佛寺建筑遗址（图示参考）",
        "family": "bohai",
        "period": "隋唐",
        "sourceId": "bohai-shangjing-plan2020-10",
        "sourceUrl": "https://www.hlj.gov.cn/hlj/c108411/202110/31182525/files/a5a0b47f8f709901864104e4cf2bb558.pdf#page=67",
        "sourceTitle": "保护总体规划城址详图与公开卫星影像对照",
        "status": "规划详图四角配准 · 卫星对照参考",
        "note": "已替换原两个村落参照点配准。将官方规划城址详图的外郭城四个拐角与公开WGS84卫星影像中的相应位置对照，采用四点投影变换，校正整体位置、方向和尺度；宫城角点另作未参与变换的影像检查。图件轮廓、埋藏边界及影像判读均有不确定性，不是考古测绘成果或法定保护区划。佛寺小轮廓仍仅表示规划图中的建筑址标记，不代表完整寺院范围。玄武湖不显示。影像底图：© Esri World Imagery及影像提供方。",
        "label": "3号佛寺遗址",
        "fillReference": true
      },
      "geometry": {
        "type": "Polygon",
        "coordinates": [
          [
            [
              129.15121152,
              44.12856049
            ],
            [
              129.1517692,
              44.12856172
            ],
            [
              129.15176266,
              44.12832941
            ],
            [
              129.15120497,
              44.12832821
            ],
            [
              129.15121152,
              44.12856049
            ]
          ]
        ]
      }
    },
    {
      "type": "Feature",
      "properties": {
        "research": true,
        "early": true,
        "city": "渤海上京龙泉府",
        "sourceName": "4号佛寺建筑遗址（图示参考）",
        "family": "bohai",
        "period": "隋唐",
        "sourceId": "bohai-shangjing-plan2020-11",
        "sourceUrl": "https://www.hlj.gov.cn/hlj/c108411/202110/31182525/files/a5a0b47f8f709901864104e4cf2bb558.pdf#page=67",
        "sourceTitle": "保护总体规划城址详图与公开卫星影像对照",
        "status": "规划详图四角配准 · 卫星对照参考",
        "note": "已替换原两个村落参照点配准。将官方规划城址详图的外郭城四个拐角与公开WGS84卫星影像中的相应位置对照，采用四点投影变换，校正整体位置、方向和尺度；宫城角点另作未参与变换的影像检查。图件轮廓、埋藏边界及影像判读均有不确定性，不是考古测绘成果或法定保护区划。佛寺小轮廓仍仅表示规划图中的建筑址标记，不代表完整寺院范围。玄武湖不显示。影像底图：© Esri World Imagery及影像提供方。",
        "label": "4号佛寺遗址",
        "fillReference": true
      },
      "geometry": {
        "type": "Polygon",
        "coordinates": [
          [
            [
              129.15416055,
              44.12262118
            ],
            [
              129.15467264,
              44.12262166
            ],
            [
              129.15466242,
              44.12225604
            ],
            [
              129.15415032,
              44.12225559
            ],
            [
              129.15416055,
              44.12262118
            ]
          ]
        ]
      }
    },
    {
      "type": "Feature",
      "properties": {
        "research": true,
        "early": true,
        "city": "渤海上京龙泉府",
        "sourceName": "5号佛寺建筑遗址（图示参考）",
        "family": "bohai",
        "period": "隋唐",
        "sourceId": "bohai-shangjing-plan2020-12",
        "sourceUrl": "https://www.hlj.gov.cn/hlj/c108411/202110/31182525/files/a5a0b47f8f709901864104e4cf2bb558.pdf#page=67",
        "sourceTitle": "保护总体规划城址详图与公开卫星影像对照",
        "status": "规划详图四角配准 · 卫星对照参考",
        "note": "已替换原两个村落参照点配准。将官方规划城址详图的外郭城四个拐角与公开WGS84卫星影像中的相应位置对照，采用四点投影变换，校正整体位置、方向和尺度；宫城角点另作未参与变换的影像检查。图件轮廓、埋藏边界及影像判读均有不确定性，不是考古测绘成果或法定保护区划。佛寺小轮廓仍仅表示规划图中的建筑址标记，不代表完整寺院范围。玄武湖不显示。影像底图：© Esri World Imagery及影像提供方。",
        "label": "5号佛寺遗址",
        "fillReference": true
      },
      "geometry": {
        "type": "Polygon",
        "coordinates": [
          [
            [
              129.14289562,
              44.12168205
            ],
            [
              129.14345167,
              44.12168247
            ],
            [
              129.14344021,
              44.12128449
            ],
            [
              129.14288414,
              44.12128412
            ],
            [
              129.14289562,
              44.12168205
            ]
          ]
        ]
      }
    },
    {
      "type": "Feature",
      "properties": {
        "research": true,
        "early": true,
        "city": "渤海上京龙泉府",
        "sourceName": "6号佛寺建筑遗址（图示参考）",
        "family": "bohai",
        "period": "隋唐",
        "sourceId": "bohai-shangjing-plan2020-13",
        "sourceUrl": "https://www.hlj.gov.cn/hlj/c108411/202110/31182525/files/a5a0b47f8f709901864104e4cf2bb558.pdf#page=67",
        "sourceTitle": "保护总体规划城址详图与公开卫星影像对照",
        "status": "规划详图四角配准 · 卫星对照参考",
        "note": "已替换原两个村落参照点配准。将官方规划城址详图的外郭城四个拐角与公开WGS84卫星影像中的相应位置对照，采用四点投影变换，校正整体位置、方向和尺度；宫城角点另作未参与变换的影像检查。图件轮廓、埋藏边界及影像判读均有不确定性，不是考古测绘成果或法定保护区划。佛寺小轮廓仍仅表示规划图中的建筑址标记，不代表完整寺院范围。玄武湖不显示。影像底图：© Esri World Imagery及影像提供方。",
        "label": "6号佛寺遗址",
        "fillReference": true
      },
      "geometry": {
        "type": "Polygon",
        "coordinates": [
          [
            [
              129.14423656,
              44.11189027
            ],
            [
              129.14470057,
              44.11188966
            ],
            [
              129.14469104,
              44.11155741
            ],
            [
              129.14422702,
              44.11155804
            ],
            [
              129.14423656,
              44.11189027
            ]
          ]
        ]
      }
    },
    {
      "type": "Feature",
      "properties": {
        "research": true,
        "early": true,
        "city": "渤海上京龙泉府",
        "sourceName": "7号佛寺建筑遗址（图示参考）",
        "family": "bohai",
        "period": "隋唐",
        "sourceId": "bohai-shangjing-plan2020-14",
        "sourceUrl": "https://www.hlj.gov.cn/hlj/c108411/202110/31182525/files/a5a0b47f8f709901864104e4cf2bb558.pdf#page=67",
        "sourceTitle": "保护总体规划城址详图与公开卫星影像对照",
        "status": "规划详图四角配准 · 卫星对照参考",
        "note": "已替换原两个村落参照点配准。将官方规划城址详图的外郭城四个拐角与公开WGS84卫星影像中的相应位置对照，采用四点投影变换，校正整体位置、方向和尺度；宫城角点另作未参与变换的影像检查。图件轮廓、埋藏边界及影像判读均有不确定性，不是考古测绘成果或法定保护区划。佛寺小轮廓仍仅表示规划图中的建筑址标记，不代表完整寺院范围。玄武湖不显示。影像底图：© Esri World Imagery及影像提供方。",
        "label": "7号佛寺遗址",
        "fillReference": true
      },
      "geometry": {
        "type": "Polygon",
        "coordinates": [
          [
            [
              129.13093142,
              44.12805331
            ],
            [
              129.13157655,
              44.12805467
            ],
            [
              129.13156771,
              44.12775723
            ],
            [
              129.13092256,
              44.12775592
            ],
            [
              129.13093142,
              44.12805331
            ]
          ]
        ]
      }
    },
    {
      "type": "Feature",
      "properties": {
        "research": true,
        "early": true,
        "city": "渤海上京龙泉府",
        "sourceName": "8号佛寺建筑遗址（图示参考）",
        "family": "bohai",
        "period": "隋唐",
        "sourceId": "bohai-shangjing-plan2020-15",
        "sourceUrl": "https://www.hlj.gov.cn/hlj/c108411/202110/31182525/files/a5a0b47f8f709901864104e4cf2bb558.pdf#page=67",
        "sourceTitle": "保护总体规划城址详图与公开卫星影像对照",
        "status": "规划详图四角配准 · 卫星对照参考",
        "note": "已替换原两个村落参照点配准。将官方规划城址详图的外郭城四个拐角与公开WGS84卫星影像中的相应位置对照，采用四点投影变换，校正整体位置、方向和尺度；宫城角点另作未参与变换的影像检查。图件轮廓、埋藏边界及影像判读均有不确定性，不是考古测绘成果或法定保护区划。佛寺小轮廓仍仅表示规划图中的建筑址标记，不代表完整寺院范围。玄武湖不显示。影像底图：© Esri World Imagery及影像提供方。",
        "label": "8号佛寺遗址",
        "fillReference": true
      },
      "geometry": {
        "type": "Polygon",
        "coordinates": [
          [
            [
              129.15305849,
              44.13805022
            ],
            [
              129.15361617,
              44.13805256
            ],
            [
              129.15360594,
              44.13768791
            ],
            [
              129.15304825,
              44.13768562
            ],
            [
              129.15305849,
              44.13805022
            ]
          ]
        ]
      }
    },
    {
      "type": "Feature",
      "properties": {
        "research": true,
        "early": true,
        "city": "渤海上京龙泉府",
        "sourceName": "9号佛寺建筑遗址（图示参考）",
        "family": "bohai",
        "period": "隋唐",
        "sourceId": "bohai-shangjing-plan2020-16",
        "sourceUrl": "https://www.hlj.gov.cn/hlj/c108411/202110/31182525/files/a5a0b47f8f709901864104e4cf2bb558.pdf#page=67",
        "sourceTitle": "保护总体规划城址详图与公开卫星影像对照",
        "status": "规划详图四角配准 · 卫星对照参考",
        "note": "已替换原两个村落参照点配准。将官方规划城址详图的外郭城四个拐角与公开WGS84卫星影像中的相应位置对照，采用四点投影变换，校正整体位置、方向和尺度；宫城角点另作未参与变换的影像检查。图件轮廓、埋藏边界及影像判读均有不确定性，不是考古测绘成果或法定保护区划。佛寺小轮廓仍仅表示规划图中的建筑址标记，不代表完整寺院范围。玄武湖不显示。影像底图：© Esri World Imagery及影像提供方。",
        "label": "9号佛寺遗址",
        "fillReference": true
      },
      "geometry": {
        "type": "Polygon",
        "coordinates": [
          [
            [
              129.12499591,
              44.13565893
            ],
            [
              129.12545526,
              44.13566063
            ],
            [
              129.12544829,
              44.13542987
            ],
            [
              129.12498893,
              44.13542819
            ],
            [
              129.12499591,
              44.13565893
            ]
          ]
        ]
      }
    },
    {
      "type": "Feature",
      "properties": {
        "research": true,
        "early": true,
        "city": "渤海上京龙泉府",
        "sourceName": "10号佛寺建筑遗址（图示参考）",
        "family": "bohai",
        "period": "隋唐",
        "sourceId": "bohai-shangjing-plan2020-17",
        "sourceUrl": "https://www.hlj.gov.cn/hlj/c108411/202110/31182525/files/a5a0b47f8f709901864104e4cf2bb558.pdf#page=67",
        "sourceTitle": "保护总体规划城址详图与公开卫星影像对照",
        "status": "规划详图四角配准 · 卫星对照参考",
        "note": "已替换原两个村落参照点配准。将官方规划城址详图的外郭城四个拐角与公开WGS84卫星影像中的相应位置对照，采用四点投影变换，校正整体位置、方向和尺度；宫城角点另作未参与变换的影像检查。图件轮廓、埋藏边界及影像判读均有不确定性，不是考古测绘成果或法定保护区划。佛寺小轮廓仍仅表示规划图中的建筑址标记，不代表完整寺院范围。玄武湖不显示。影像底图：© Esri World Imagery及影像提供方。",
        "label": "10号佛寺遗址",
        "fillReference": true
      },
      "geometry": {
        "type": "Polygon",
        "coordinates": [
          [
            [
              129.15072991,
              44.13124613
            ],
            [
              129.15142673,
              44.13124805
            ],
            [
              129.1514155,
              44.13085001
            ],
            [
              129.15071866,
              44.13084814
            ],
            [
              129.15072991,
              44.13124613
            ]
          ]
        ]
      }
    },
    {
      "type": "Feature",
      "properties": {
        "research": true,
        "city": "南京",
        "sourceName": "六朝宫城推测范围",
        "family": "sixdynasties",
        "period": "魏晋南北朝",
        "sourceUrl": "https://ghj.nanjing.gov.cn/pqgs/ghbzpqgs/202603/P020260309306736868178.pdf#page=19",
        "status": "规划推测范围 · 图件近似配准",
        "note": "依据用户提供的历史城区传统格局图逐段重描，保留图上可辨识的转折及曲线，图件与南京历史文化名城保护规划公众意见稿对应。朝天宫、鸡鸣寺、中华门地标符号对照公开OSM地标中心作三点仿射近似配准，愚园辅助偏差约135米；图上符号不是测绘控制点，此偏差不代表历史范围真实性或全图精度。保留推测字样，不作为考古实测或法定保护界。明城墙外轮廓继续使用既有CCWAD，不重复叠加。",
        "validationMeters": 135,
        "label": "六朝宫城推测范围",
        "sourceId": "nanjing-plan-detail-0"
      },
      "geometry": {
        "type": "Polygon",
        "coordinates": [
          [
            [
              118.7851165,
              32.0487535
            ],
            [
              118.7931175,
              32.0477669
            ],
            [
              118.7952678,
              32.0474261
            ],
            [
              118.7970736,
              32.0470774
            ],
            [
              118.7991386,
              32.0468648
            ],
            [
              118.8012902,
              32.0467192
            ],
            [
              118.8030108,
              32.0464986
            ],
            [
              118.8018706,
              32.0432843
            ],
            [
              118.801343,
              32.0415806
            ],
            [
              118.80073,
              32.040005
            ],
            [
              118.8000314,
              32.0384925
            ],
            [
              118.7980533,
              32.0388372
            ],
            [
              118.7940094,
              32.0392645
            ],
            [
              118.7897949,
              32.039948
            ],
            [
              118.7877303,
              32.0402257
            ],
            [
              118.7857514,
              32.0404403
            ],
            [
              118.7838582,
              32.0405919
            ],
            [
              118.782309,
              32.0406863
            ],
            [
              118.783713,
              32.0447524
            ],
            [
              118.7845019,
              32.0469176
            ],
            [
              118.7851165,
              32.0487535
            ]
          ]
        ]
      }
    },
    {
      "type": "Feature",
      "properties": {
        "research": true,
        "city": "南京",
        "sourceName": "六朝都城推测范围",
        "family": "sixdynasties",
        "period": "魏晋南北朝",
        "sourceUrl": "https://ghj.nanjing.gov.cn/pqgs/ghbzpqgs/202603/P020260309306736868178.pdf#page=19",
        "status": "规划推测范围 · 图件近似配准",
        "note": "依据用户提供的历史城区传统格局图逐段重描，保留图上可辨识的转折及曲线，图件与南京历史文化名城保护规划公众意见稿对应。朝天宫、鸡鸣寺、中华门地标符号对照公开OSM地标中心作三点仿射近似配准，愚园辅助偏差约135米；图上符号不是测绘控制点，此偏差不代表历史范围真实性或全图精度。保留推测字样，不作为考古实测或法定保护界。明城墙外轮廓继续使用既有CCWAD，不重复叠加。",
        "validationMeters": 135,
        "label": "六朝都城推测范围",
        "sourceId": "nanjing-plan-detail-1"
      },
      "geometry": {
        "type": "Polygon",
        "coordinates": [
          [
            [
              118.7853555,
              32.0590387
            ],
            [
              118.7878528,
              32.0590963
            ],
            [
              118.7902635,
              32.0590868
            ],
            [
              118.7926734,
              32.0589472
            ],
            [
              118.7950829,
              32.0587425
            ],
            [
              118.7975794,
              32.05867
            ],
            [
              118.8026575,
              32.0583967
            ],
            [
              118.8052413,
              32.0585213
            ],
            [
              118.8047124,
              32.0566224
            ],
            [
              118.8042687,
              32.0545952
            ],
            [
              118.8032084,
              32.0504069
            ],
            [
              118.8025916,
              32.0482456
            ],
            [
              118.8020614,
              32.0461514
            ],
            [
              118.7989799,
              32.0356706
            ],
            [
              118.7984497,
              32.0335764
            ],
            [
              118.7981787,
              32.0316183
            ],
            [
              118.7978228,
              32.0298535
            ],
            [
              118.7801013,
              32.0321774
            ],
            [
              118.7776057,
              32.0323801
            ],
            [
              118.7750244,
              32.0326459
            ],
            [
              118.7789734,
              32.0441227
            ],
            [
              118.7797636,
              32.0464831
            ],
            [
              118.7806395,
              32.0487804
            ],
            [
              118.7814293,
              32.0510758
            ],
            [
              118.7822187,
              32.0533061
            ],
            [
              118.7830942,
              32.0555383
            ],
            [
              118.7840545,
              32.0575774
            ],
            [
              118.7853555,
              32.0590387
            ]
          ]
        ]
      }
    },
    {
      "type": "Feature",
      "properties": {
        "research": true,
        "city": "南京",
        "sourceName": "南唐宫城推测范围",
        "family": "southerntang",
        "period": "五代十国",
        "sourceUrl": "https://ghj.nanjing.gov.cn/pqgs/ghbzpqgs/202603/P020260309306736868178.pdf#page=19",
        "status": "规划推测范围 · 图件近似配准",
        "note": "依据用户提供的历史城区传统格局图逐段重描，保留图上可辨识的转折及曲线，图件与南京历史文化名城保护规划公众意见稿对应。朝天宫、鸡鸣寺、中华门地标符号对照公开OSM地标中心作三点仿射近似配准，愚园辅助偏差约135米；图上符号不是测绘控制点，此偏差不代表历史范围真实性或全图精度。保留推测字样，不作为考古实测或法定保护界。明城墙外轮廓继续使用既有CCWAD，不重复叠加。",
        "validationMeters": 135,
        "label": "南唐宫城推测范围",
        "sourceId": "nanjing-plan-detail-2"
      },
      "geometry": {
        "type": "Polygon",
        "coordinates": [
          [
            [
              118.7810004,
              32.0380536
            ],
            [
              118.7874521,
              32.0371614
            ],
            [
              118.7851824,
              32.0323596
            ],
            [
              118.7783862,
              32.0332439
            ],
            [
              118.7810004,
              32.0380536
            ]
          ]
        ]
      }
    },
    {
      "type": "Feature",
      "properties": {
        "research": true,
        "city": "南京",
        "sourceName": "南唐都城推测范围",
        "family": "southerntang",
        "period": "五代十国",
        "sourceUrl": "https://ghj.nanjing.gov.cn/pqgs/ghbzpqgs/202603/P020260309306736868178.pdf#page=19",
        "status": "规划推测范围 · 图件近似配准",
        "note": "依据用户提供的历史城区传统格局图逐段重描，保留图上可辨识的转折及曲线，图件与南京历史文化名城保护规划公众意见稿对应。朝天宫、鸡鸣寺、中华门地标符号对照公开OSM地标中心作三点仿射近似配准，愚园辅助偏差约135米；图上符号不是测绘控制点，此偏差不代表历史范围真实性或全图精度。保留推测字样，不作为考古实测或法定保护界。明城墙外轮廓继续使用既有CCWAD，不重复叠加。",
        "validationMeters": 135,
        "label": "南唐都城推测范围",
        "sourceId": "nanjing-plan-detail-3"
      },
      "geometry": {
        "type": "Polygon",
        "coordinates": [
          [
            [
              118.768178,
              32.0523317
            ],
            [
              118.7695524,
              32.0518429
            ],
            [
              118.770842,
              32.0515473
            ],
            [
              118.7723895,
              32.0511926
            ],
            [
              118.774368,
              32.050913
            ],
            [
              118.7765192,
              32.0507023
            ],
            [
              118.7787568,
              32.0505587
            ],
            [
              118.7811672,
              32.0504842
            ],
            [
              118.7835771,
              32.0503446
            ],
            [
              118.7860731,
              32.0502069
            ],
            [
              118.7885683,
              32.0499392
            ],
            [
              118.790719,
              32.0496635
            ],
            [
              118.7930415,
              32.0493266
            ],
            [
              118.7954501,
              32.0489918
            ],
            [
              118.7977727,
              32.048655
            ],
            [
              118.7998368,
              32.0483122
            ],
            [
              118.8012978,
              32.0478905
            ],
            [
              118.801896,
              32.0471886
            ],
            [
              118.8018052,
              32.0464708
            ],
            [
              118.8013658,
              32.0450944
            ],
            [
              118.8008402,
              32.043716
            ],
            [
              118.8003143,
              32.0422725
            ],
            [
              118.7997883,
              32.0408291
            ],
            [
              118.7992623,
              32.0393856
            ],
            [
              118.7987363,
              32.0379421
            ],
            [
              118.7982104,
              32.0364986
            ],
            [
              118.7976844,
              32.0350552
            ],
            [
              118.7972445,
              32.0336137
            ],
            [
              118.7968064,
              32.0324325
            ],
            [
              118.7965438,
              32.0317758
            ],
            [
              118.7966249,
              32.0309969
            ],
            [
              118.7970504,
              32.030226
            ],
            [
              118.7978203,
              32.029463
            ],
            [
              118.797299,
              32.0287353
            ],
            [
              118.7963479,
              32.0281279
            ],
            [
              118.7953986,
              32.0277807
            ],
            [
              118.7948777,
              32.027118
            ],
            [
              118.7946979,
              32.0259428
            ],
            [
              118.7937489,
              32.0256607
            ],
            [
              118.7918561,
              32.0258773
            ],
            [
              118.7898772,
              32.0260919
            ],
            [
              118.7878983,
              32.0263065
            ],
            [
              118.7859185,
              32.026391
            ],
            [
              118.7840253,
              32.0265425
            ],
            [
              118.7825643,
              32.0269642
            ],
            [
              118.7808463,
              32.0275752
            ],
            [
              118.7789569,
              32.0283124
            ],
            [
              118.7770679,
              32.0291146
            ],
            [
              118.775265,
              32.0299189
            ],
            [
              118.7732894,
              32.030654
            ],
            [
              118.7714017,
              32.0316515
            ],
            [
              118.7696858,
              32.0325878
            ],
            [
              118.7683156,
              32.0337273
            ],
            [
              118.7670323,
              32.034999
            ],
            [
              118.7657495,
              32.0363357
            ],
            [
              118.7644666,
              32.0376724
            ],
            [
              118.7632699,
              32.0390111
            ],
            [
              118.7619871,
              32.0403478
            ],
            [
              118.7608757,
              32.0415583
            ],
            [
              118.7600217,
              32.0426447
            ],
            [
              118.7593391,
              32.0436049
            ],
            [
              118.7583982,
              32.0445591
            ],
            [
              118.7576283,
              32.0453221
            ],
            [
              118.758494,
              32.0460577
            ],
            [
              118.7594459,
              32.0467953
            ],
            [
              118.7605709,
              32.0476671
            ],
            [
              118.7618694,
              32.048738
            ],
            [
              118.7633392,
              32.0496827
            ],
            [
              118.7648951,
              32.0506295
            ],
            [
              118.7665372,
              32.0515782
            ],
            [
              118.768178,
              32.0523317
            ]
          ]
        ]
      }
    },
    {
      "type": "Feature",
      "properties": {
        "research": true,
        "city": "南京",
        "sourceName": "明皇城推测范围",
        "family": "nanjingming",
        "period": "明",
        "sourceUrl": "https://ghj.nanjing.gov.cn/pqgs/ghbzpqgs/202603/P020260309306736868178.pdf#page=19",
        "status": "规划推测范围 · 图件近似配准",
        "note": "依据用户提供的历史城区传统格局图逐段重描，保留图上可辨识的转折及曲线，图件与南京历史文化名城保护规划公众意见稿对应。朝天宫、鸡鸣寺、中华门地标符号对照公开OSM地标中心作三点仿射近似配准，愚园辅助偏差约135米；图上符号不是测绘控制点，此偏差不代表历史范围真实性或全图精度。保留推测字样，不作为考古实测或法定保护界。明城墙外轮廓继续使用既有CCWAD，不重复叠加。",
        "validationMeters": 135,
        "label": "明皇城推测范围",
        "sourceId": "nanjing-plan-detail-4"
      },
      "geometry": {
        "type": "Polygon",
        "coordinates": [
          [
            [
              118.8034705,
              32.0509985
            ],
            [
              118.8057086,
              32.0509199
            ],
            [
              118.8113904,
              32.0507907
            ],
            [
              118.8144031,
              32.050665
            ],
            [
              118.8173301,
              32.0506024
            ],
            [
              118.8202567,
              32.0504747
            ],
            [
              118.8230114,
              32.0504081
            ],
            [
              118.8258519,
              32.0502784
            ],
            [
              118.8257523,
              32.0481941
            ],
            [
              118.8255661,
              32.0460428
            ],
            [
              118.8252934,
              32.0438244
            ],
            [
              118.8243656,
              32.0335234
            ],
            [
              118.8155858,
              32.0339065
            ],
            [
              118.8126588,
              32.0339691
            ],
            [
              118.8069779,
              32.0342285
            ],
            [
              118.804137,
              32.0342931
            ],
            [
              118.8007798,
              32.0344109
            ],
            [
              118.8025735,
              32.0454476
            ],
            [
              118.8030201,
              32.0479302
            ],
            [
              118.8034705,
              32.0509985
            ]
          ]
        ]
      }
    },
    {
      "type": "Feature",
      "properties": {
        "research": true,
        "city": "南京",
        "sourceName": "明宫城范围",
        "family": "nanjingming",
        "period": "明",
        "sourceUrl": "https://ghj.nanjing.gov.cn/pqgs/ghbzpqgs/202603/P020260309306736868178.pdf#page=19",
        "status": "规划推测范围 · 图件近似配准",
        "note": "依据用户提供的历史城区传统格局图逐段重描，保留图上可辨识的转折及曲线，图件与南京历史文化名城保护规划公众意见稿对应。朝天宫、鸡鸣寺、中华门地标符号对照公开OSM地标中心作三点仿射近似配准，愚园辅助偏差约135米；图上符号不是测绘控制点，此偏差不代表历史范围真实性或全图精度。保留推测字样，不作为考古实测或法定保护界。明城墙外轮廓继续使用既有CCWAD，不重复叠加。",
        "validationMeters": 135,
        "label": "明宫城范围",
        "sourceId": "nanjing-plan-detail-5"
      },
      "geometry": {
        "type": "Polygon",
        "coordinates": [
          [
            [
              118.8117986,
              32.0473519
            ],
            [
              118.8167906,
              32.0470766
            ],
            [
              118.8219557,
              32.0469355
            ],
            [
              118.8218582,
              32.0451766
            ],
            [
              118.8215893,
              32.0435438
            ],
            [
              118.8214061,
              32.041848
            ],
            [
              118.8211338,
              32.0396947
            ],
            [
              118.8170021,
              32.0398597
            ],
            [
              118.8150219,
              32.0398791
            ],
            [
              118.8126977,
              32.0399556
            ],
            [
              118.810804,
              32.0400421
            ],
            [
              118.8109872,
              32.0417379
            ],
            [
              118.8112565,
              32.0434357
            ],
            [
              118.8117986,
              32.0473519
            ]
          ]
        ]
      }
    },
    {
      "type": "Feature",
      "properties": {
        "research": true,
        "city": "北京",
        "sourceName": "元大都 · 外郭城复原范围",
        "label": "元大都外郭城",
        "labelCoordinates": [
          116.383,
          39.963
        ],
        "family": "beijingyuan",
        "period": "元",
        "sourceId": "beijing-yuan-outer-1368",
        "sourceUrl": "https://doi.org/10.6084/m9.figshare.14112968.v3",
        "referenceUrl": "https://www.bjaxiscloud.com.cn/mobile/history/evolution/index.html",
        "status": "研究复原范围 · 采用1368年城址记录",
        "note": "采用 CCWAD 北京1368年记录（sourceId 3，原参考代码 BIAM，约50.8平方公里），作为元末大都外郭格局参照。对照北京中轴线申遗团队依据《北京历史地图集》绘制的元大都历史图及现存北土城位置。原始数据只含四角概化轮廓，未细绘城门、瓮城、南墙局部弧线；非城墙遗迹实测线或法定保护范围。"
      },
      "geometry": {
        "type": "Polygon",
        "coordinates": [
          [
            [
              116.347708,
              39.973794
            ],
            [
              116.426546,
              39.974479
            ],
            [
              116.428674,
              39.906159
            ],
            [
              116.351177,
              39.905095
            ],
            [
              116.347708,
              39.973794
            ]
          ]
        ]
      }
    },
    {
      "type": "Feature",
      "properties": {
        "research": true,
        "osm": true,
        "city": "北京",
        "family": "beijingyouzhou",
        "period": "隋唐",
        "sourceId": "youzhou-detail-fayuan",
        "sourceName": "唐幽州 · 悯忠寺（今法源寺）",
        "label": "唐幽州 · 悯忠寺（今法源寺）",
        "capitalSiteName": "幽州",
        "fixedLandmark": false,
        "sourceUrl": "https://www.openstreetmap.org/way/30834367",
        "referenceUrl": "https://yllhj.beijing.gov.cn/ztxx/lhysh/sh/202402/t20240207_3559168.shtml",
        "sourceTitle": "唐幽州城历史与构件资料",
        "status": "现存遗迹范围参照 · 非唐代寺院边界",
        "note": "唐代悯忠寺与今法源寺的历史联系据北京市政府及园林绿化局资料。此形状是现代法源寺寺院的OSM范围，现存建筑及格局经辽、明、清等时期修建，不是唐代悯忠寺原始边界。"
      },
      "geometry": {
        "type": "Polygon",
        "coordinates": [
          [
            [
              116.36319,
              39.8829212
            ],
            [
              116.3638883,
              39.8829073
            ],
            [
              116.364409,
              39.882897
            ],
            [
              116.3643849,
              39.8840966
            ],
            [
              116.3642928,
              39.8846892
            ],
            [
              116.3641826,
              39.8850016
            ],
            [
              116.3639827,
              39.8851553
            ],
            [
              116.3633013,
              39.8851445
            ],
            [
              116.36319,
              39.8829212
            ]
          ]
        ]
      }
    },
    {
      "type": "Feature",
      "properties": {
        "research": true,
        "osm": true,
        "city": "北京",
        "family": "beijingyouzhou",
        "period": "隋唐",
        "sourceId": "youzhou-detail-chongxiao",
        "sourceName": "唐幽州 · 崇孝寺（今崇效寺遗迹）",
        "label": "唐幽州 · 崇孝寺（今崇效寺遗迹）",
        "capitalSiteName": "幽州",
        "fixedLandmark": false,
        "sourceUrl": "https://www.openstreetmap.org/way/1324451735",
        "referenceUrl": "https://wwj.beijing.gov.cn/bjww/resource/cms/article/362762/515625/2018052316183784183.pdf",
        "sourceTitle": "唐幽州城历史与构件资料",
        "status": "现存遗迹范围参照 · 非唐代寺院边界",
        "note": "《崇效寺建筑调查及相关史实考》确认原崇孝寺始建于唐代，具体创建年代有不同记载；现存藏经阁为明代，不能称唐代建筑。采用OSM现存崇效寺构件标绘范围，不使用整座小学范围，也不表示唐代全寺边界。"
      },
      "geometry": {
        "type": "Polygon",
        "coordinates": [
          [
            [
              116.3509542,
              39.8807098
            ],
            [
              116.3509571,
              39.8806302
            ],
            [
              116.3511931,
              39.8806353
            ],
            [
              116.3511922,
              39.8806586
            ],
            [
              116.3513309,
              39.8806616
            ],
            [
              116.3513303,
              39.8806778
            ],
            [
              116.3516467,
              39.8806846
            ],
            [
              116.3516452,
              39.8807247
            ],
            [
              116.3509542,
              39.8807098
            ]
          ]
        ]
      }
    },
    {
      "type": "Feature",
      "properties": {
        "research": true,
        "city": "偃师",
        "family": "shangzhengzhou",
        "period": "夏商",
        "sourceId": "erlitou-palace-1",
        "sourceName": "二里头 · 1号宫殿基址",
        "label": "二里头1号宫殿基址",
        "sourceTitle": "二里头考古遗址公园规划及展示资料",
        "sourceUrl": "https://www.gooood.cn/en/erlitou-site-museum-of-the-xia-capital-china-by-rurban-studio.htm",
        "referenceUrl": "https://www.chnmus.net/clzl/2011-12/20/content_3917.htm",
        "status": "现代基址展示形状参照 · 卫星影像描绘",
        "note": "沿Esri公开卫星地图18级瓦片中可辨认的基址展示台基边缘重描，使用瓦片Web Mercator定位换算WGS84。分别对齐两处宫殿自身的斜向长边；一号保留东北侧折进、东侧附属展示区与南门转折，去除北侧现代遮棚和外圈步道。二号采用独立院落展示边缘，不套一号角度。若本建筑工作室公园总平面图用于核对编号。形状表示现今基址保护展示范围的影像参照，非完整考古实测基址或法定保护界。© Esri World Imagery及影像提供方。"
      },
      "geometry": {
        "type": "Polygon",
        "coordinates": [
          [
            [
              112.68873632,
              34.69274744
            ],
            [
              112.68957853,
              34.69284447
            ],
            [
              112.68960536,
              34.69271656
            ],
            [
              112.69004524,
              34.6927739
            ],
            [
              112.69015253,
              34.6920329
            ],
            [
              112.68957317,
              34.69195351
            ],
            [
              112.68959463,
              34.69184324
            ],
            [
              112.68940151,
              34.69181677
            ],
            [
              112.68937469,
              34.69192704
            ],
            [
              112.68891335,
              34.69186088
            ],
            [
              112.68873632,
              34.69274744
            ]
          ]
        ]
      }
    },
    {
      "type": "Feature",
      "properties": {
        "research": true,
        "city": "偃师",
        "family": "shangzhengzhou",
        "period": "夏商",
        "sourceId": "erlitou-palace-2",
        "sourceName": "二里头 · 2号宫殿基址",
        "label": "二里头2号宫殿基址",
        "sourceTitle": "二里头考古遗址公园规划及展示资料",
        "sourceUrl": "https://www.gooood.cn/en/erlitou-site-museum-of-the-xia-capital-china-by-rurban-studio.htm",
        "referenceUrl": "https://www.chnmus.net/clzl/2011-12/20/content_3917.htm",
        "status": "现代基址展示形状参照 · 卫星影像描绘",
        "note": "沿Esri公开卫星地图18级瓦片中可辨认的基址展示台基边缘重描，使用瓦片Web Mercator定位换算WGS84。分别对齐两处宫殿自身的斜向长边；一号保留东北侧折进、东侧附属展示区与南门转折，去除北侧现代遮棚和外圈步道。二号采用独立院落展示边缘，不套一号角度。若本建筑工作室公园总平面图用于核对编号。形状表示现今基址保护展示范围的影像参照，非完整考古实测基址或法定保护界。© Esri World Imagery及影像提供方。"
      },
      "geometry": {
        "type": "Polygon",
        "coordinates": [
          [
            [
              112.69090354,
              34.69403977
            ],
            [
              112.69153118,
              34.69411916
            ],
            [
              112.69167066,
              34.69338699
            ],
            [
              112.69103765,
              34.69329436
            ],
            [
              112.69090354,
              34.69403977
            ]
          ]
        ]
      }
    },
    {
      "type": "Feature",
      "properties": {
        "research": true,
        "city": "洛阳",
        "family": "hanweiluo",
        "period": "魏晋南北朝",
        "sourceId": "hanwei-northernwei-outer-0",
        "sourceName": "北魏洛阳外郭城 · 北、东侧图示参考线",
        "sourceTitle": "《北魏洛阳城空间研究》图9（PDF第56页）",
        "sourceUrl": "https://ygx.sxu.edu.cn/db/%E5%AD%A6%E4%BD%8D/D01923213.pdf#page=56",
        "referenceUrl": "https://www.cssn.cn/lsx/lsx_kgx/202210/t20221024_5552600.shtml",
        "status": "研究复原图近似配准 · 外郭城参考",
        "note": "原图以钱国祥《汉魏洛阳城城门与宫院门的考察研究》（《华夏考古》2018年第6期）北魏城门图为底图。宫城三个标绘角点作近似关联配准，非考古测绘GCP；远离宫城的郭线不能据此作街区精确判断。只描图上可辨认的北、东、西侧外郭参考线，不沿古河道补连南墙、不填充完整郭城。东汉及魏晋旧城成为北魏内城，新增外郭只对应北魏扩建，不能套用东汉。",
        "label": "北魏外郭城（参考）",
        "labelCoordinates": [
          112.6452445,
          34.7458398
        ]
      },
      "geometry": {
        "type": "LineString",
        "coordinates": [
          [
            112.5697373,
            34.75292
          ],
          [
            112.5906908,
            34.7524395
          ],
          [
            112.6086198,
            34.7516145
          ],
          [
            112.6243021,
            34.7517769
          ],
          [
            112.6321729,
            34.7511501
          ],
          [
            112.6340227,
            34.7514505
          ],
          [
            112.6385548,
            34.751698
          ],
          [
            112.6574023,
            34.7506527
          ],
          [
            112.6769262,
            34.7499309
          ],
          [
            112.6765107,
            34.7405075
          ],
          [
            112.6758437,
            34.7310891
          ],
          [
            112.674454,
            34.7235039
          ],
          [
            112.6735415,
            34.7144271
          ],
          [
            112.6729624,
            34.7100596
          ],
          [
            112.6717316,
            34.6971491
          ],
          [
            112.6711841,
            34.6945999
          ]
        ]
      }
    },
    {
      "type": "Feature",
      "properties": {
        "research": true,
        "city": "洛阳",
        "family": "hanweiluo",
        "period": "魏晋南北朝",
        "sourceId": "hanwei-northernwei-outer-1",
        "sourceName": "北魏洛阳外郭城 · 西侧图示参考线",
        "sourceTitle": "《北魏洛阳城空间研究》图9（PDF第56页）",
        "sourceUrl": "https://ygx.sxu.edu.cn/db/%E5%AD%A6%E4%BD%8D/D01923213.pdf#page=56",
        "referenceUrl": "https://www.cssn.cn/lsx/lsx_kgx/202210/t20221024_5552600.shtml",
        "status": "研究复原图近似配准 · 外郭城参考",
        "note": "原图以钱国祥《汉魏洛阳城城门与宫院门的考察研究》（《华夏考古》2018年第6期）北魏城门图为底图。宫城三个标绘角点作近似关联配准，非考古测绘GCP；远离宫城的郭线不能据此作街区精确判断。只描图上可辨认的北、东、西侧外郭参考线，不沿古河道补连南墙、不填充完整郭城。东汉及魏晋旧城成为北魏内城，新增外郭只对应北魏扩建，不能套用东汉。"
      },
      "geometry": {
        "type": "LineString",
        "coordinates": [
          [
            112.5697373,
            34.75292
          ],
          [
            112.569109,
            34.7457239
          ],
          [
            112.5686471,
            34.7384572
          ],
          [
            112.5679367,
            34.7361807
          ],
          [
            112.5696817,
            34.7352705
          ],
          [
            112.5697181,
            34.7277245
          ],
          [
            112.5736517,
            34.7273101
          ],
          [
            112.5737795,
            34.7250171
          ],
          [
            112.5751019,
            34.7239131
          ],
          [
            112.5748182,
            34.7172492
          ],
          [
            112.5734607,
            34.7163328
          ],
          [
            112.5746383,
            34.7117286
          ],
          [
            112.5725177,
            34.7055051
          ],
          [
            112.5720336,
            34.6969588
          ]
        ]
      }
    },
    {
      "type": "Feature",
      "properties": {
        "research": true,
        "osm": true,
        "city": "北京",
        "family": "beijingjin",
        "period": "宋辽金西夏",
        "sourceId": "beijing-liao-tianning-tower",
        "sourceName": "辽南京 · 天宁寺塔（现存建筑）",
        "label": "天宁寺塔（辽）",
        "capitalSiteName": "幽州",
        "fixedLandmark": false,
        "sourceUrl": "https://www.openstreetmap.org/way/532863319",
        "referenceUrl": "https://www.beijing.gov.cn/renwen/rwzyd/qxdw/gdshyqyxc/tnst/202309/t20230920_3263131.html",
        "sourceTitle": "天宁寺塔现存建筑 OSM 标绘；年代据北京市政府文物资料",
        "status": "现存建筑地图范围 · 非寺院保护区或辽南京城界",
        "note": "天宁寺塔是辽代建筑、辽南京城址的重要参照。采用现存塔身建筑标绘范围，非考古测量。明清曾修整基座与塔刹；不把现代天宁寺范围当作辽代全寺范围。"
      },
      "geometry": {
        "type": "Polygon",
        "coordinates": [
          [
            [
              116.3396156,
              39.8937826
            ],
            [
              116.3397056,
              39.8938605
            ],
            [
              116.339841,
              39.8938666
            ],
            [
              116.3399425,
              39.8937975
            ],
            [
              116.3399505,
              39.8936936
            ],
            [
              116.3398605,
              39.8936158
            ],
            [
              116.3397251,
              39.8936096
            ],
            [
              116.3396236,
              39.8936787
            ],
            [
              116.3396156,
              39.8937826
            ]
          ]
        ]
      }
    },
    {
      "type": "Feature",
      "properties": {
        "research": true,
        "city": "北京",
        "family": "beijingyouzhou",
        "period": "隋唐",
        "sourceId": "beijing-youzhou-outline-reference",
        "sourceName": "唐幽州城 · 四至推定轮廓",
        "label": "唐幽州城（四至参考）",
        "labelCoordinates": [
          116.348,
          39.895
        ],
        "capitalSiteName": "幽州",
        "sourceTitle": "幽州城历史地理研究四至参考",
        "sourceUrl": "https://ivantsoi.myds.me/web/schoolebook/pdf/016047.pdf",
        "referenceUrl": "https://wwj.beijing.gov.cn/bjww/362760/362770/743974740/index.html",
        "status": "文献四至推定轮廓 · 非实测城墙",
        "note": "恢复原有北、东、南、西四至参考线，合为一条闭合轮廓。北界按唐后期推定，南界保留此前里仁街修正。仅为幽州城历史地理研究参照，不表示蓟城、辽南京同时共用这一城界；不代表考古实测城墙。",
        "fillReference": true,
        "inferredBoundary": true
      },
      "geometry": {
        "type": "Polygon",
        "coordinates": [
          [
            [
              116.3308,
              39.9005
            ],
            [
              116.365,
              39.90115
            ],
            [
              116.3651,
              39.892
            ],
            [
              116.3652,
              39.883
            ],
            [
              116.3653,
              39.8744454
            ],
            [
              116.3650862,
              39.8744454
            ],
            [
              116.3648221,
              39.8744426
            ],
            [
              116.3631481,
              39.8744351
            ],
            [
              116.3622958,
              39.8744427
            ],
            [
              116.3614974,
              39.8744499
            ],
            [
              116.3591474,
              39.8744594
            ],
            [
              116.3579503,
              39.8744406
            ],
            [
              116.3578546,
              39.8744391
            ],
            [
              116.33015,
              39.8744391
            ],
            [
              116.3303,
              39.88203
            ],
            [
              116.3308,
              39.9005
            ]
          ]
        ]
      }
    },
    {
      "type": "Feature",
      "properties": {
        "research": true,
        "city": "洛阳",
        "family": "hanweiluo",
        "period": "魏晋南北朝",
        "sourceId": "hanwei-inner-south-inferred",
        "sourceName": "北魏洛阳内城 · 南墙推测线",
        "sourceTitle": "汉魏洛阳城宫城宫墙遗址考古发掘报告 · 图三（应有城墙）",
        "sourceUrl": "https://www.ecsponline.com/book_2019/2026/yz/9787030834058-001001-curved-sam.pdf#page=18",
        "status": "原图“应有城墙” · 推测南墙近似配准",
        "inferredBoundary": true,
        "label": "北魏内城南墙（推测）",
        "note": "依据报告图三“应有城墙”的南部虚线，仅补充北魏内城（汉晋旧城）南墙推测段。此次用现存东西城垣标绘南端作就近参照，采用局部等比例旋转配准，修正此前跨图转接造成的偏北误差；非考古实测坐标。洛河历代改道，不能把现代河岸等同古城墙；本线未吸附现今河道，不表示外郭城南界、不填充完整内城。"
      },
      "geometry": {
        "type": "LineString",
        "coordinates": [
          [
            112.61251823840684,
            34.710051231613456
          ],
          [
            112.61541897279716,
            34.7099502529845
          ],
          [
            112.6197777527093,
            34.70994780034893
          ],
          [
            112.62521918913338,
            34.70980813718892
          ],
          [
            112.63066062555744,
            34.709668474028916
          ],
          [
            112.63513770996029,
            34.70961214218118
          ],
          [
            112.6391287791892,
            34.709522968335655
          ]
        ]
      }
    },
    {
      "type": "Feature",
      "properties": {
        "research": true,
        "city": "偃师",
        "family": "shangzhengzhou",
        "period": "夏商",
        "sourceId": "yanshi-shang-outer",
        "sourceName": "偃师商城（大城）",
        "label": "偃师商城（大城）",
        "capitalSiteName": "偃师商城",
        "sourceTitle": "陈国梁、曹慧奇、谷飞2024年考古综述 · 图一（截至2013年遗存分布）",
        "sourceUrl": "https://kaogu.cssn.cn/xsqy/kycg/xslw/202405/W020240524351324650728.pdf",
        "referenceUrl": "https://www.ecsponline.com/yz/B62FF98C046A14E21BC352866B118A736000.pdf",
        "status": "考古布局图近似配准 · 非测绘或法定保护边界",
        "note": "按论文图一逐点描绘，以宫城现存展示区四角及卫星底图近似配准；四角是展示参照，非考古测量控制点，远端城垣误差可能更大。大城、小城、宫城是不同建设阶段，不表示各阶段三重城垣均同时使用。南侧按原图布局参考围合，不保证南墙现存。Ⅲ号建筑群旧图围垣已被后续发掘否定，未接入该旧围垣；现代植物园未作为商代城界。",
        "capitalSiteKey": "ancient-site:偃师商城:34.72750,112.78500"
      },
      "geometry": {
        "type": "Polygon",
        "coordinates": [
          [
            [
              112.76077557361252,
              34.73152418072723
            ],
            [
              112.76164921705916,
              34.73149992404111
            ],
            [
              112.76252023254312,
              34.73143566105388
            ],
            [
              112.76313527311711,
              34.73139343669436
            ],
            [
              112.76312651324157,
              34.73126008235734
            ],
            [
              112.76445618119337,
              34.73112414479937
            ],
            [
              112.76554618003996,
              34.73099721925138
            ],
            [
              112.76609512140726,
              34.73099376592904
            ],
            [
              112.76615717863493,
              34.731154717581404
            ],
            [
              112.76673522766158,
              34.73107186928881
            ],
            [
              112.76675820340806,
              34.73089912628265
            ],
            [
              112.76754068196766,
              34.73079331291442
            ],
            [
              112.76870782990042,
              34.73053457710931
            ],
            [
              112.76987322585808,
              34.73024917043679
            ],
            [
              112.77088748963489,
              34.73001432615526
            ],
            [
              112.77186738982702,
              34.72977886424178
            ],
            [
              112.7728338122471,
              34.7290769709647
            ],
            [
              112.77267816223981,
              34.72827499204671
            ],
            [
              112.77252426420763,
              34.72749968399611
            ],
            [
              112.7724403072911,
              34.7270053465012
            ],
            [
              112.7726901502882,
              34.726889959837585
            ],
            [
              112.77249225280825,
              34.72596734438431
            ],
            [
              112.77233168483438,
              34.725351752722155
            ],
            [
              112.77217340686443,
              34.72450976750306
            ],
            [
              112.77198164129736,
              34.72368050008569
            ],
            [
              112.77180180159729,
              34.7227715288821
            ],
            [
              112.77159952417956,
              34.72178223626032
            ],
            [
              112.77140425466227,
              34.720899627108146
            ],
            [
              112.77133714157935,
              34.720139198571154
            ],
            [
              112.77106189494317,
              34.71986785765741
            ],
            [
              112.77125055670017,
              34.71960485477514
            ],
            [
              112.7705999385952,
              34.71936672621094
            ],
            [
              112.76969159360515,
              34.71912396540704
            ],
            [
              112.76860705075393,
              34.71881143927483
            ],
            [
              112.76713925254592,
              34.71841210658884
            ],
            [
              112.76692592524874,
              34.71751585318699
            ],
            [
              112.76668173831709,
              34.716672323887984
            ],
            [
              112.76650102262947,
              34.71575001725069
            ],
            [
              112.76634153071322,
              34.714628296739825
            ],
            [
              112.76401619479331,
              34.71475965840465
            ],
            [
              112.76392327793118,
              34.714651430855135
            ],
            [
              112.7632403861754,
              34.71470575538444
            ],
            [
              112.76247070947035,
              34.714745200400145
            ],
            [
              112.76188915649348,
              34.714774706957925
            ],
            [
              112.76108686817888,
              34.71484020520907
            ],
            [
              112.76109738002953,
              34.715000230413494
            ],
            [
              112.76010871996185,
              34.71510233798996
            ],
            [
              112.75905045673726,
              34.715189874868805
            ],
            [
              112.75824992039776,
              34.71528204398736
            ],
            [
              112.75835631503195,
              34.71585670290046
            ],
            [
              112.75856526239136,
              34.7166862791338
            ],
            [
              112.75874388814512,
              34.717315515045634
            ],
            [
              112.75883606690837,
              34.71819627130192
            ],
            [
              112.75897453512333,
              34.71899794140394
            ],
            [
              112.7591759365535,
              34.71997389859202
            ],
            [
              112.75924304963642,
              34.720734327129016
            ],
            [
              112.75941621939481,
              34.72180301472105
            ],
            [
              112.75962550471296,
              34.722898990812446
            ],
            [
              112.75978027873269,
              34.723687634296745
            ],
            [
              112.75973203723584,
              34.72425951386602
            ],
            [
              112.75986174557524,
              34.72492782963102
            ],
            [
              112.75996706415181,
              34.72600861739284
            ],
            [
              112.76012972205953,
              34.72691727978045
            ],
            [
              112.76024609051557,
              34.72790502832234
            ],
            [
              112.76045449984616,
              34.72898766898004
            ],
            [
              112.76056264645547,
              34.72958899876054
            ],
            [
              112.76070185276929,
              34.729618140155786
            ],
            [
              112.76075636406772,
              34.72992547276289
            ],
            [
              112.7605906780572,
              34.730015732639
            ],
            [
              112.76077557361252,
              34.73152418072723
            ]
          ]
        ]
      }
    },
    {
      "type": "Feature",
      "properties": {
        "research": true,
        "city": "偃师",
        "family": "shangzhengzhou",
        "period": "夏商",
        "sourceId": "yanshi-shang-small",
        "sourceName": "偃师商城（小城）",
        "label": "偃师商城（小城）",
        "capitalSiteName": "偃师商城",
        "sourceTitle": "陈国梁、曹慧奇、谷飞2024年考古综述 · 图一（截至2013年遗存分布）",
        "sourceUrl": "https://kaogu.cssn.cn/xsqy/kycg/xslw/202405/W020240524351324650728.pdf",
        "referenceUrl": "https://www.ecsponline.com/yz/B62FF98C046A14E21BC352866B118A736000.pdf",
        "status": "考古布局图近似配准 · 非测绘或法定保护边界",
        "note": "按论文图一逐点描绘，以宫城现存展示区四角及卫星底图近似配准；四角是展示参照，非考古测量控制点，远端城垣误差可能更大。大城、小城、宫城是不同建设阶段，不表示各阶段三重城垣均同时使用。南侧按原图布局参考围合，不保证南墙现存。Ⅲ号建筑群旧图围垣已被后续发掘否定，未接入该旧围垣；现代植物园未作为商代城界。",
        "labelCoordinates": [
          112.76362380647271,
          34.72237146805119
        ],
        "capitalSiteKey": "ancient-site:偃师商城:34.72750,112.78500"
      },
      "geometry": {
        "type": "Polygon",
        "coordinates": [
          [
            [
              112.75996706415181,
              34.72600861739284
            ],
            [
              112.76201573941918,
              34.72584564380493
            ],
            [
              112.76202240936087,
              34.725685927416485
            ],
            [
              112.76323530871652,
              34.725601169881465
            ],
            [
              112.76446363788939,
              34.725490050295015
            ],
            [
              112.76571265280481,
              34.72543258125935
            ],
            [
              112.76577558602004,
              34.725606868345416
            ],
            [
              112.76698848537568,
              34.72552211081039
            ],
            [
              112.76802956680793,
              34.72543426511557
            ],
            [
              112.76786866087531,
              34.72455227359536
            ],
            [
              112.76772055679727,
              34.72360391372262
            ],
            [
              112.76758471654497,
              34.722842249921705
            ],
            [
              112.76782175768751,
              34.72279323161062
            ],
            [
              112.76765822379224,
              34.72187123378931
            ],
            [
              112.76755465719077,
              34.72081711689489
            ],
            [
              112.76741618897582,
              34.72001544679288
            ],
            [
              112.76727684477332,
              34.71920044125716
            ],
            [
              112.76713925254592,
              34.71841210658884
            ],
            [
              112.76692592524874,
              34.71751585318699
            ],
            [
              112.76668173831709,
              34.716672323887984
            ],
            [
              112.76650102262947,
              34.71575001725069
            ],
            [
              112.76634153071322,
              34.714628296739825
            ],
            [
              112.76401619479331,
              34.71475965840465
            ],
            [
              112.76392327793118,
              34.714651430855135
            ],
            [
              112.7632403861754,
              34.71470575538444
            ],
            [
              112.76247070947035,
              34.714745200400145
            ],
            [
              112.76188915649348,
              34.714774706957925
            ],
            [
              112.76108686817888,
              34.71484020520907
            ],
            [
              112.76109738002953,
              34.715000230413494
            ],
            [
              112.76010871996185,
              34.71510233798996
            ],
            [
              112.75905045673726,
              34.715189874868805
            ],
            [
              112.75824992039776,
              34.71528204398736
            ],
            [
              112.75835631503195,
              34.71585670290046
            ],
            [
              112.75856526239136,
              34.7166862791338
            ],
            [
              112.75874388814512,
              34.717315515045634
            ],
            [
              112.75883606690837,
              34.71819627130192
            ],
            [
              112.75897453512333,
              34.71899794140394
            ],
            [
              112.7591759365535,
              34.71997389859202
            ],
            [
              112.75924304963642,
              34.720734327129016
            ],
            [
              112.75941621939481,
              34.72180301472105
            ],
            [
              112.75962550471296,
              34.722898990812446
            ],
            [
              112.75978027873269,
              34.723687634296745
            ],
            [
              112.75973203723584,
              34.72425951386602
            ],
            [
              112.75986174557524,
              34.72492782963102
            ],
            [
              112.75996706415181,
              34.72600861739284
            ]
          ]
        ]
      }
    },
    {
      "type": "Feature",
      "properties": {
        "research": true,
        "city": "偃师",
        "family": "shangzhengzhou",
        "period": "夏商",
        "sourceId": "yanshi-shang-palace",
        "sourceName": "偃师商城（宫城）",
        "label": "偃师商城（宫城）",
        "capitalSiteName": "偃师商城",
        "sourceTitle": "陈国梁、曹慧奇、谷飞2024年考古综述 · 图一（截至2013年遗存分布）",
        "sourceUrl": "https://kaogu.cssn.cn/xsqy/kycg/xslw/202405/W020240524351324650728.pdf",
        "referenceUrl": "https://www.ecsponline.com/yz/B62FF98C046A14E21BC352866B118A736000.pdf",
        "status": "考古布局图近似配准 · 非测绘或法定保护边界",
        "note": "按论文图一逐点描绘，以宫城现存展示区四角及卫星底图近似配准；四角是展示参照，非考古测量控制点，远端城垣误差可能更大。大城、小城、宫城是不同建设阶段，不表示各阶段三重城垣均同时使用。南侧按原图布局参考围合，不保证南墙现存。Ⅲ号建筑群旧图围垣已被后续发掘否定，未接入该旧围垣；现代植物园未作为商代城界。",
        "capitalSiteKey": "ancient-site:偃师商城:34.72750,112.78500"
      },
      "geometry": {
        "type": "Polygon",
        "coordinates": [
          [
            [
              112.76195608303227,
              34.71945112076358
            ],
            [
              112.76441799730334,
              34.7193088941929
            ],
            [
              112.76407287173289,
              34.717451254300585
            ],
            [
              112.7619030479316,
              34.717598730742935
            ],
            [
              112.76198700484812,
              34.71809306823784
            ],
            [
              112.7617319059257,
              34.718128442299246
            ],
            [
              112.76195608303227,
              34.71945112076358
            ]
          ]
        ]
      }
    },
    {
      "type": "Feature",
      "properties": {
        "research": true,
        "city": "偃师",
        "family": "shangzhengzhou",
        "period": "夏商",
        "sourceId": "yanshi-shang-storage2",
        "sourceName": "偃师商城（Ⅱ号建筑群）",
        "label": "偃师商城（Ⅱ号建筑群）",
        "capitalSiteName": "偃师商城",
        "sourceTitle": "陈国梁、曹慧奇、谷飞2024年考古综述 · 图一（截至2013年遗存分布）",
        "sourceUrl": "https://kaogu.cssn.cn/xsqy/kycg/xslw/202405/W020240524351324650728.pdf",
        "referenceUrl": "https://www.ecsponline.com/yz/B62FF98C046A14E21BC352866B118A736000.pdf",
        "status": "考古布局图近似配准 · 非测绘或法定保护边界",
        "note": "按论文图一逐点描绘，以宫城现存展示区四角及卫星底图近似配准；四角是展示参照，非考古测量控制点，远端城垣误差可能更大。大城、小城、宫城是不同建设阶段，不表示各阶段三重城垣均同时使用。南侧按原图布局参考围合，不保证南墙现存。Ⅲ号建筑群旧图围垣已被后续发掘否定，未接入该旧围垣；现代植物园未作为商代城界。府库为研究功能判断，不是建筑原名。",
        "capitalSiteKey": "ancient-site:偃师商城:34.72750,112.78500"
      },
      "geometry": {
        "type": "Polygon",
        "coordinates": [
          [
            [
              112.7590214247852,
              34.717360462402425
            ],
            [
              112.76105467023535,
              34.717223850865935
            ],
            [
              112.76068272700947,
              34.71521921238692
            ],
            [
              112.7584785396235,
              34.71536607119731
            ],
            [
              112.7590214247852,
              34.717360462402425
            ]
          ]
        ]
      }
    },
    {
      "type": "Feature",
      "properties": {
        "research": true,
        "city": "偃师",
        "family": "shangzhengzhou",
        "period": "夏商",
        "sourceId": "yanshi-shang-pool-display",
        "sourceName": "偃师商城（池苑基址）",
        "label": "偃师商城（池苑基址）",
        "capitalSiteName": "偃师商城",
        "waterFeature": true,
        "sourceTitle": "华清安地 · 偃师商城宫城遗址展示工程；卫星可见池苑展示范围",
        "sourceUrl": "https://www.anditsinghua.com/project/showproject.asp?c_id=8&id=233&page=3",
        "status": "现存保护展示范围 · 卫星标绘参照",
        "note": "按卫星图可见的长方形池苑展示边线标绘，展示工程资料确认池苑、排水道采用露明展示。不是池苑各期全部开挖范围或整条古代水渠，不据此续画未核实河道。",
        "capitalSiteKey": "ancient-site:偃师商城:34.72750,112.78500"
      },
      "geometry": {
        "type": "Polygon",
        "coordinates": [
          [
            [
              112.76254,
              34.7193
            ],
            [
              112.76376,
              34.7192
            ],
            [
              112.763735,
              34.719025
            ],
            [
              112.76252000000001,
              34.719115
            ],
            [
              112.76254,
              34.7193
            ]
          ]
        ]
      }
    },
    {
      "type": "Feature",
      "properties": {
        "research": true,
        "city": "洛阳",
        "family": "hanweiluo",
        "period": "魏晋南北朝",
        "sourceId": "hanwei-northernwei-south-inferred",
        "sourceName": "北魏洛阳外郭城 · 南部推测线",
        "sourceTitle": "北魏洛阳外郭形制图，转引《河洛定鼎地·洛阳卷》（1994）第146页",
        "sourceUrl": "https://ygx.sxu.edu.cn/db/%E5%AD%A6%E4%BD%8D/Y1465886.pdf#page=43",
        "status": "外郭形制图南部虚线 · 研究推定、近似配准",
        "inferredBoundary": true,
        "label": "北魏外郭南界（推测）",
        "note": "按论文附录4《北魏洛阳外郭形制图》南部虚线描绘。该图转引《河洛定鼎地·洛阳卷》（1994）第146页，非南墙考古实测。此次以旧图外郭四角对应现有2018年三侧图示轮廓的四端，重新关联配准，使南部虚线与东西侧参考线衔接。此统一轮廓是跨图研究参照，不表示两份图件年代、证据或精度相同，不能当作统一实测城界。未按现今河岸补画，未填充全城。"
      },
      "geometry": {
        "type": "LineString",
        "coordinates": [
          [
            112.5720336,
            34.6969588
          ],
          [
            112.58566346977639,
            34.69657994112204
          ],
          [
            112.60090314720412,
            34.696256533884515
          ],
          [
            112.61538932280507,
            34.69575367472992
          ],
          [
            112.62694683235908,
            34.695632130647894
          ],
          [
            112.64203201017354,
            34.695411814768306
          ],
          [
            112.65650962724042,
            34.69510814567972
          ],
          [
            112.6711841,
            34.6945999
          ]
        ]
      }
    },
    {
      "type": "Feature",
      "properties": {
        "research": true,
        "city": "开封",
        "family": "kaifengsong",
        "period": "宋辽金西夏",
        "sourceId": "kaifeng-song-outer",
        "sourceName": "宋东京城 · 外城（图件参考）",
        "label": "宋东京外城",
        "capitalSiteName": "开封",
        "sourceTitle": "孟凡人《北宋东京开封府城的形制布局》（故宫学刊2008）· 图三 · 北宋东京城实测平面图",
        "sourceUrl": "https://img.dpm.org.cn/Uploads/File/2019/11/25/u5ddbb7e042505.pdf#page=7",
        "referenceUrl": "https://www.hnswwkgyjy.cn/NewsView.php?News_ID=2416",
        "status": "考古图件轮廓 · 村庄、陇海铁路与城门多参照近似配准",
        "note": "按孟凡人论文图三保留原始外城轮廓，改以东官庄、辛庄、铁牛、兴隆屯、文庄、蔡屯、豆腐营、杨正门等村庄地望和陇海铁路主线多处线位，与明确的现代城门共同核对。采用统一比例、旋转和平移，不做透视或局部拉伸。现状村庄地名点未必等于旧村中心；私访院位置不一致而不作控制，大北岗仅作留出核对；图中大南门参照不够明确而降低权重。铁路只采用陇海主线，不使用后建城际、高铁或货运支线。铁路两处留出核对偏差由约91/70米降至约42/16米；这不是考古测绘精度，北侧村庄仍有约350米未解释差异。原图方向与墙线曲折保留，不因目测倾斜强改方框；原图已知、未探、未见夯土段不同，仍以虚线提示参考性质。",
        "inferredBoundary": true,
        "capitalSiteKey": "ancient-site:开封:34.79730,114.30760"
      },
      "geometry": {
        "type": "Polygon",
        "coordinates": [
          [
            [
              114.3149578837224,
              34.84401322410524
            ],
            [
              114.32476600332028,
              34.84216148879756
            ],
            [
              114.33572748228659,
              34.840019347110456
            ],
            [
              114.34876528903706,
              34.83739242587378
            ],
            [
              114.35868755065755,
              34.8353503542113
            ],
            [
              114.36826387469776,
              34.833404892446
            ],
            [
              114.37760629627282,
              34.83108106472275
            ],
            [
              114.38706707368543,
              34.82913617964536
            ],
            [
              114.38598361128282,
              34.82325882016331
            ],
            [
              114.38489944657772,
              34.81728658084783
            ],
            [
              114.38357857019753,
              34.81055645624065
            ],
            [
              114.3822661214472,
              34.80496488963474
            ],
            [
              114.38084585139666,
              34.80041757788457
            ],
            [
              114.37976941201893,
              34.79548901673692
            ],
            [
              114.37797581459104,
              34.787338001379794
            ],
            [
              114.37642033344322,
              34.78013463098124
            ],
            [
              114.37486976841284,
              34.77359541941675
            ],
            [
              114.37367567550005,
              34.76838279545669
            ],
            [
              114.37211808744476,
              34.76089478555782
            ],
            [
              114.36219582582427,
              34.76293685722029
            ],
            [
              114.3519276266235,
              34.76507553877993
            ],
            [
              114.34212091163062,
              34.767117033754495
            ],
            [
              114.33254388528792,
              34.768967615686364
            ],
            [
              114.32089263806851,
              34.77158761666812
            ],
            [
              114.31097318565799,
              34.77400920766435
            ],
            [
              114.29955513860124,
              34.77691269477061
            ],
            [
              114.30064281481877,
              34.78335933325329
            ],
            [
              114.30184393075645,
              34.78952075554774
            ],
            [
              114.30303802366923,
              34.794733379507804
            ],
            [
              114.30423562809446,
              34.80042040263506
            ],
            [
              114.30590665586986,
              34.80762319634571
            ],
            [
              114.30745230478284,
              34.81349824907612
            ],
            [
              114.30924309300077,
              34.821269745099485
            ],
            [
              114.31043788821604,
              34.82657724889299
            ],
            [
              114.31197651410413,
              34.83150350328901
            ],
            [
              114.31305576269182,
              34.83681158377041
            ],
            [
              114.3149578837224,
              34.84401322410524
            ]
          ]
        ]
      }
    },
    {
      "type": "Feature",
      "properties": {
        "research": true,
        "city": "开封",
        "family": "kaifengsong",
        "period": "宋辽金西夏",
        "sourceId": "kaifeng-song-inner",
        "sourceName": "宋东京城 · 里城（图件参考）",
        "label": "宋东京里城",
        "capitalSiteName": "开封",
        "sourceTitle": "孟凡人《北宋东京开封府城的形制布局》（故宫学刊2008）· 图二十 · 北宋东京内城与今开封城位置关系示意图",
        "sourceUrl": "https://img.dpm.org.cn/Uploads/File/2019/11/25/u5ddbb7e042505.pdf#page=14",
        "referenceUrl": "https://www.hnswwkgyjy.cn/NewsView.php?News_ID=2416",
        "status": "文献图件轮廓 · 保角等比例近似配准",
        "note": "依据孟凡人《北宋东京开封府城的形制布局》原图逐点描绘；以大梁门、曹门、安远门、大南门现状位置作统一尺度旋转、平移拟合，不再用四点透视变换拉斜或改变局部比例。保留原图墙线曲折和长宽关系，不把真实不规则城界强改成矩形。城门是现代地图关联参照而非考古测量控制点，拟合误差约10—17米，图件轮廓不能作为精确实测；原图不同墙段的考古确认程度有差异，范围保留图件参考性质。宋里城沿用唐汴州旧城，但此面是宋代图件版本，不自动视为其他朝代实测城界。",
        "inferredBoundary": true,
        "capitalSiteKey": "ancient-site:开封:34.79730,114.30760",
        "periods": [
          "宋辽金西夏",
          "五代十国",
          "隋唐"
        ],
        "periodNames": {
          "宋辽金西夏": "宋东京里城",
          "五代十国": "五代开封旧城（沿革参照）",
          "隋唐": "唐汴州旧城（沿革参照）"
        },
        "periodNotes": {
          "五代十国": "此轮廓取自宋里城图件，仅用于查看沿用唐汴州旧城的五代开封城址位置，不能认定后梁、后晋、后汉、后周各期墙线与宋代版本完全一致。",
          "隋唐": "此轮廓取自宋里城图件，文献说明其前身为唐汴州旧城；仅作位置沿革参照，不能当作唐代完整实测城界。"
        }
      },
      "geometry": {
        "type": "Polygon",
        "coordinates": [
          [
            [
              114.33305216591802,
              34.81487191834881
            ],
            [
              114.338181227593,
              34.81451291394609
            ],
            [
              114.34336438794143,
              34.814062819316646
            ],
            [
              114.34832677884552,
              34.813614520826164
            ],
            [
              114.3532902634372,
              34.81325686352766
            ],
            [
              114.35836358590728,
              34.812852987563694
            ],
            [
              114.36266585585348,
              34.81259135987406
            ],
            [
              114.36757360124027,
              34.8121888310143
            ],
            [
              114.36721455803931,
              34.80988017482698
            ],
            [
              114.36674458327235,
              34.80752709611314
            ],
            [
              114.3663860869152,
              34.805263760521804
            ],
            [
              114.36613797528022,
              34.802999526861
            ],
            [
              114.3661647317631,
              34.8006424068345
            ],
            [
              114.36498764633436,
              34.79915625689618
            ],
            [
              114.36386520642289,
              34.79762433732712
            ],
            [
              114.36344768979797,
              34.79504420659856
            ],
            [
              114.36270120638173,
              34.792648052462425
            ],
            [
              114.36206784190674,
              34.79047760323678
            ],
            [
              114.36132299902192,
              34.78821741088862
            ],
            [
              114.36030766276978,
              34.786412669674114
            ],
            [
              114.35934751887872,
              34.78460747942487
            ],
            [
              114.35427529009627,
              34.78510199658083
            ],
            [
              114.34887518821014,
              34.7858711315212
            ],
            [
              114.34352918499748,
              34.786549176234836
            ],
            [
              114.33818372862862,
              34.78727254154447
            ],
            [
              114.33239728021483,
              34.788044819728015
            ],
            [
              114.32661028495724,
              34.78877177731556
            ],
            [
              114.32691796370379,
              34.791398126709595
            ],
            [
              114.32744859926997,
              34.79420396234865
            ],
            [
              114.32785408533104,
              34.79578703996531
            ],
            [
              114.32669723312333,
              34.79597775207881
            ],
            [
              114.32699397499364,
              34.79769768955294
            ],
            [
              114.32791095708747,
              34.80050038194882
            ],
            [
              114.32871099233337,
              34.80276012526224
            ],
            [
              114.32997444022048,
              34.806829100137556
            ],
            [
              114.3311220349473,
              34.810445767122395
            ],
            [
              114.3321488549195,
              34.81320224085281
            ],
            [
              114.33305216591802,
              34.81487191834881
            ]
          ]
        ]
      }
    },
    {
      "type": "Feature",
      "properties": {
        "research": true,
        "city": "开封",
        "family": "kaifengsong",
        "period": "宋辽金西夏",
        "sourceId": "kaifeng-song-palace",
        "sourceName": "宋东京城 · 宫城（图件参考）",
        "label": "宋东京宫城",
        "capitalSiteName": "开封",
        "sourceTitle": "孟凡人《北宋东京开封府城的形制布局》（故宫学刊2008）· 图二十四 · 北宋东京宫城实测平面图",
        "sourceUrl": "https://img.dpm.org.cn/Uploads/File/2019/11/25/u5ddbb7e042505.pdf#page=17",
        "referenceUrl": "https://www.hnswwkgyjy.cn/NewsView.php?News_ID=2416",
        "status": "文献图件轮廓 · 保角等比例近似配准",
        "note": "依据孟凡人《北宋东京开封府城的形制布局》原图逐点描绘；以大梁门、曹门、安远门、大南门现状位置作统一尺度旋转、平移拟合，不再用四点透视变换拉斜或改变局部比例。保留原图墙线曲折和长宽关系，不把真实不规则城界强改成矩形。城门是现代地图关联参照而非考古测量控制点，拟合误差约13—38米，图件轮廓不能作为精确实测；原图不同墙段的考古确认程度有差异，范围保留图件参考性质。宋宫城范围不等于现代龙亭公园范围。",
        "capitalSiteKey": "ancient-site:开封:34.79730,114.30760"
      },
      "geometry": {
        "type": "Polygon",
        "coordinates": [
          [
            [
              114.34356379256772,
              34.80954924394068
            ],
            [
              114.34950905077892,
              34.80934864715302
            ],
            [
              114.34905594250627,
              34.803345319362144
            ],
            [
              114.34321440059718,
              34.803584212640004
            ],
            [
              114.34356379256772,
              34.80954924394068
            ]
          ]
        ]
      }
    },
    {
      "type": "Feature",
      "properties": {
        "research": true,
        "city": "郑州",
        "family": "shangzhengzhou",
        "period": "夏商",
        "sourceId": "zhengzhou-shang-outer-west-south",
        "sourceName": "郑州商城 · 外郭西、南墙（图示参考）",
        "capitalSiteName": "郑州商城",
        "sourceTitle": "袁广阔《略论郑州商城外郭城墙的走向与年代》，中原文物2018年第3期 · 图一",
        "sourceUrl": "https://www.sohu.com/a/270138222_739796",
        "referenceUrl": "https://www.hnswwkgyjy.cn/NewsView.php?News_ID=2731",
        "status": "研究图所示墙线 · 近似配准参考",
        "note": "按照首师大考古发布的作者论文图一逐点描绘；内城两个标绘城角和现代道路交叉口作近似关联，非考古测量控制点。西、南部墙线为研究图所示考古发现的概略位置，虚线保留原图研究推测性质。论文指出西北、北部墙垣尚未发现、东部有古湖泊天然屏障，故不拼成完整闭合外城、不填充全城；虚线不能当作已发现夯土城墙。旧钻探中有一段夯土判定已被后续研究纠正，不将北部推测误称实测。",
        "label": "郑州商城外郭城（参考）",
        "capitalSiteKey": "ancient-site:郑州商城:34.74650,113.68300",
        "labelCoordinates": [
          113.66729957262304,
          34.73809903486168
        ],
        "labelInsideBoundary": true,
        "labelSouthWall": true
      },
      "geometry": {
        "type": "LineString",
        "coordinates": [
          [
            113.6572986661179,
            34.76016169524606
          ],
          [
            113.65683200982434,
            34.75843434061656
          ],
          [
            113.65635786069905,
            34.75651264787015
          ],
          [
            113.65599100960745,
            34.75477987113498
          ],
          [
            113.65620425764827,
            34.75252871647348
          ],
          [
            113.65707493152823,
            34.74917074742925
          ],
          [
            113.65797932315105,
            34.74668729991111
          ],
          [
            113.65907208593016,
            34.74390150100626
          ],
          [
            113.65981058489191,
            34.74230341922557
          ],
          [
            113.66214596708505,
            34.74061858375409
          ],
          [
            113.66537959609587,
            34.738884949331535
          ],
          [
            113.6692195491502,
            34.73731312039183
          ],
          [
            113.67186933261273,
            34.736000694837145
          ],
          [
            113.67270763677642,
            34.73439719095079
          ]
        ]
      }
    },
    {
      "type": "Feature",
      "properties": {
        "research": true,
        "city": "郑州",
        "family": "shangzhengzhou",
        "period": "夏商",
        "sourceId": "zhengzhou-shang-outer-south-east",
        "sourceName": "郑州商城 · 外郭南墙东段（图示参考）",
        "capitalSiteName": "郑州商城",
        "sourceTitle": "袁广阔《略论郑州商城外郭城墙的走向与年代》，中原文物2018年第3期 · 图一",
        "sourceUrl": "https://www.sohu.com/a/270138222_739796",
        "referenceUrl": "https://www.hnswwkgyjy.cn/NewsView.php?News_ID=2731",
        "status": "研究图所示墙线 · 近似配准参考",
        "note": "按照首师大考古发布的作者论文图一逐点描绘；内城两个标绘城角和现代道路交叉口作近似关联，非考古测量控制点。西、南部墙线为研究图所示考古发现的概略位置，虚线保留原图研究推测性质。论文指出西北、北部墙垣尚未发现、东部有古湖泊天然屏障，故不拼成完整闭合外城、不填充全城；虚线不能当作已发现夯土城墙。旧钻探中有一段夯土判定已被后续研究纠正，不将北部推测误称实测。",
        "capitalSiteKey": "ancient-site:郑州商城:34.74650,113.68300"
      },
      "geometry": {
        "type": "LineString",
        "coordinates": [
          [
            113.67382422607739,
            34.73482339308064
          ],
          [
            113.67543609497227,
            34.73512531562366
          ],
          [
            113.67825686553834,
            34.73565368007396
          ],
          [
            113.6813770517103,
            34.73616577820722
          ],
          [
            113.68470059470205,
            34.7367642011876
          ],
          [
            113.68617894065213,
            34.736197024310194
          ],
          [
            113.68709966596502,
            34.736731239709854
          ],
          [
            113.69008018438701,
            34.73880888698976
          ],
          [
            113.69334887916727,
            34.74057876077727
          ],
          [
            113.69600375707226,
            34.74199249096501
          ]
        ]
      }
    },
    {
      "type": "Feature",
      "properties": {
        "research": true,
        "city": "郑州",
        "family": "shangzhengzhou",
        "period": "夏商",
        "sourceId": "zhengzhou-shang-outer-northwest-inferred",
        "sourceName": "郑州商城 · 外郭西北侧（研究推测）",
        "capitalSiteName": "郑州商城",
        "sourceTitle": "袁广阔《略论郑州商城外郭城墙的走向与年代》，中原文物2018年第3期 · 图一",
        "sourceUrl": "https://www.sohu.com/a/270138222_739796",
        "referenceUrl": "https://www.hnswwkgyjy.cn/NewsView.php?News_ID=2731",
        "status": "研究图推测边界 · 非已确认城墙",
        "note": "按照首师大考古发布的作者论文图一逐点描绘；内城两个标绘城角和现代道路交叉口作近似关联，非考古测量控制点。西、南部墙线为研究图所示考古发现的概略位置，虚线保留原图研究推测性质。论文指出西北、北部墙垣尚未发现、东部有古湖泊天然屏障，故不拼成完整闭合外城、不填充全城；虚线不能当作已发现夯土城墙。旧钻探中有一段夯土判定已被后续研究纠正，不将北部推测误称实测。",
        "inferredBoundary": true,
        "capitalSiteKey": "ancient-site:郑州商城:34.74650,113.68300"
      },
      "geometry": {
        "type": "LineString",
        "coordinates": [
          [
            113.65117098391408,
            34.76984236172665
          ],
          [
            113.65106608426966,
            34.767121628089896
          ],
          [
            113.65089135075024,
            34.76518366902646
          ],
          [
            113.65102727208433,
            34.76352095082137
          ],
          [
            113.65138528231759,
            34.76243040275566
          ],
          [
            113.65285238902005,
            34.761571718702896
          ],
          [
            113.65534377265324,
            34.76133899700257
          ],
          [
            113.65732114461314,
            34.76074470959679
          ],
          [
            113.6572986661179,
            34.76016169524606
          ]
        ]
      }
    },
    {
      "type": "Feature",
      "properties": {
        "research": true,
        "city": "郑州",
        "family": "shangzhengzhou",
        "period": "夏商",
        "sourceId": "zhengzhou-shang-outer-east-inferred",
        "sourceName": "郑州商城 · 外郭东侧（研究推测）",
        "capitalSiteName": "郑州商城",
        "sourceTitle": "袁广阔《略论郑州商城外郭城墙的走向与年代》，中原文物2018年第3期 · 图一",
        "sourceUrl": "https://www.sohu.com/a/270138222_739796",
        "referenceUrl": "https://www.hnswwkgyjy.cn/NewsView.php?News_ID=2731",
        "status": "研究图推测边界 · 非已确认城墙",
        "note": "按照首师大考古发布的作者论文图一逐点描绘；内城两个标绘城角和现代道路交叉口作近似关联，非考古测量控制点。西、南部墙线为研究图所示考古发现的概略位置，虚线保留原图研究推测性质。论文指出西北、北部墙垣尚未发现、东部有古湖泊天然屏障，故不拼成完整闭合外城、不填充全城；虚线不能当作已发现夯土城墙。旧钻探中有一段夯土判定已被后续研究纠正，不将北部推测误称实测。",
        "inferredBoundary": true,
        "capitalSiteKey": "ancient-site:郑州商城:34.74650,113.68300"
      },
      "geometry": {
        "type": "LineString",
        "coordinates": [
          [
            113.69986363286161,
            34.772065671291436
          ],
          [
            113.69839892454843,
            34.770392537718685
          ],
          [
            113.69703027502133,
            34.768616812981804
          ],
          [
            113.6957352057851,
            34.76615548273006
          ],
          [
            113.69472831290713,
            34.76338637898593
          ],
          [
            113.69371392719741,
            34.76042293712488
          ],
          [
            113.69279560027378,
            34.75735690409971
          ],
          [
            113.69267946138174,
            34.75434466328759
          ],
          [
            113.69307358774712,
            34.75159681912246
          ],
          [
            113.6941588576945,
            34.748616682100696
          ],
          [
            113.69584670526953,
            34.74570118150334
          ],
          [
            113.69748719746481,
            34.74415146983004
          ],
          [
            113.69932355364814,
            34.74249374488693
          ],
          [
            113.70087547988908,
            34.741240962494665
          ]
        ]
      }
    },
    {
      "type": "Feature",
      "properties": {
        "research": true,
        "city": "大梁",
        "family": "period",
        "period": "周",
        "sourceId": "kaifeng-wei-daliang-reference",
        "sourceName": "魏大梁城（地望推定）",
        "label": "魏大梁城（地望推定）",
        "sourceUrl": "https://img.dpm.org.cn/Uploads/File/2019/11/25/u5ddbb7e042505.pdf#page=3",
        "sourceTitle": "孟凡人《北宋东京开封府城的形制布局》图一",
        "status": "研究示意框 · 保角等比例近似定位",
        "note": "原图大梁城为近矩形地望参考框。采用同图现代城门作旋转、平移、统一比例定位，保留参考框长宽比例及直角，不再用四点透视变换拉成梯形。图件不是测绘图；大梁城遗址尚未探明，框线大小与位置均属该研究方案，不表示完整考古确认城界。",
        "inferredBoundary": true,
        "capitalSiteKey": "ancient-site:大梁:34.79700,114.30700",
        "capitalSiteName": "大梁"
      },
      "geometry": {
        "type": "Polygon",
        "coordinates": [
          [
            [
              114.32238156550285,
              34.82274993511655
            ],
            [
              114.3582188179324,
              34.82220272586252
            ],
            [
              114.35745486699324,
              34.78846777980778
            ],
            [
              114.32161761456369,
              34.78901498906181
            ],
            [
              114.32238156550285,
              34.82274993511655
            ]
          ]
        ]
      }
    },
    {
      "type": "Feature",
      "properties": {
        "research": true,
        "osm": true,
        "city": "杭州",
        "family": "period",
        "period": "五代十国",
        "sourceId": "osm-way-516639265",
        "sourceName": "吴越海塘遗址（标绘）",
        "label": "吴越海塘遗址（标绘）",
        "sourceUrl": "https://www.openstreetmap.org/way/516639265",
        "referenceUrl": "https://z.hangzhou.com.cn/2021/rddssbchy/content/content_8082761.html",
        "status": "现状遗址区／展示范围标绘 · 保留原始 OSM 几何",
        "note": "吴越钱氏海塘遗址标绘；遗址是城市防潮工程遗存，不是吴越罗城城界。 现代标绘边界不是各期古城垣或宫殿基址的考古实测轮廓。",
        "periods": [
          "五代十国"
        ],
        "capitalSiteKey": "ancient-site:杭州:30.27410,120.15510",
        "capitalSiteName": "杭州"
      },
      "geometry": {
        "type": "Polygon",
        "coordinates": [
          [
            [
              120.1691125,
              30.2327078
            ],
            [
              120.1689462,
              30.2322421
            ],
            [
              120.1695417,
              30.2320938
            ],
            [
              120.1694237,
              30.2317137
            ],
            [
              120.1695524,
              30.2316674
            ],
            [
              120.1694505,
              30.2314032
            ],
            [
              120.1696329,
              30.2313475
            ],
            [
              120.1696919,
              30.2312827
            ],
            [
              120.1700835,
              30.2311668
            ],
            [
              120.1702498,
              30.2317276
            ],
            [
              120.1701908,
              30.2318342
            ],
            [
              120.1700352,
              30.2319593
            ],
            [
              120.1700727,
              30.2322467
            ],
            [
              120.1698474,
              30.2323116
            ],
            [
              120.1698957,
              30.2325016
            ],
            [
              120.1691125,
              30.2327078
            ]
          ]
        ]
      }
    },
    {
      "type": "Feature",
      "properties": {
        "research": true,
        "osm": true,
        "city": "杭州",
        "family": "period",
        "period": "宋辽金西夏",
        "sourceId": "osm-way-1060426556",
        "sourceName": "南宋德寿宫（遗址区）",
        "label": "南宋德寿宫（遗址区）",
        "sourceUrl": "https://www.openstreetmap.org/way/1060426556",
        "referenceUrl": "https://z.hangzhou.com.cn/2021/rddssbchy/content/content_8082761.html",
        "status": "现状遗址区／展示范围标绘 · 保留原始 OSM 几何",
        "note": "德寿宫遗址区范围；属于退位皇帝宫苑，不是南宋皇城南内。 现代标绘边界不是各期古城垣或宫殿基址的考古实测轮廓。",
        "capitalSiteKey": "ancient-site:杭州:30.27410,120.15510",
        "capitalSiteName": "杭州"
      },
      "geometry": {
        "type": "Polygon",
        "coordinates": [
          [
            [
              120.1684422,
              30.2421499
            ],
            [
              120.1688366,
              30.242078
            ],
            [
              120.1688241,
              30.2420083
            ],
            [
              120.169128,
              30.2419525
            ],
            [
              120.1689125,
              30.2411517
            ],
            [
              120.1692337,
              30.2410779
            ],
            [
              120.1689806,
              30.2400679
            ],
            [
              120.1685277,
              30.2401571
            ],
            [
              120.1686217,
              30.2404448
            ],
            [
              120.1685366,
              30.2404584
            ],
            [
              120.1685602,
              30.2405364
            ],
            [
              120.1680051,
              30.2406617
            ],
            [
              120.168136,
              30.2416434
            ],
            [
              120.1682279,
              30.2421988
            ],
            [
              120.1682522,
              30.2423375
            ],
            [
              120.1684717,
              30.2423073
            ],
            [
              120.1684438,
              30.2421584
            ],
            [
              120.1684422,
              30.2421499
            ]
          ]
        ]
      }
    },
    {
      "type": "Feature",
      "properties": {
        "research": true,
        "osm": true,
        "city": "杭州",
        "family": "period",
        "period": "宋辽金西夏",
        "sourceId": "osm-way-1408713275",
        "sourceName": "南宋临安府治遗址",
        "label": "南宋临安府治遗址",
        "sourceUrl": "https://www.openstreetmap.org/way/1408713275",
        "referenceUrl": "https://z.hangzhou.com.cn/2021/rddssbchy/content/content_8082761.html",
        "status": "现状遗址区／展示范围标绘 · 保留原始 OSM 几何",
        "note": "临安府治遗址现状标绘，属于府治，不等于皇城。 现代标绘边界不是各期古城垣或宫殿基址的考古实测轮廓。",
        "capitalSiteKey": "ancient-site:杭州:30.27410,120.15510",
        "capitalSiteName": "杭州"
      },
      "geometry": {
        "type": "Polygon",
        "coordinates": [
          [
            [
              120.1554861,
              30.2432524
            ],
            [
              120.1554967,
              30.2430479
            ],
            [
              120.1558649,
              30.243062
            ],
            [
              120.1558543,
              30.2432665
            ],
            [
              120.1554861,
              30.2432524
            ]
          ]
        ]
      }
    },
    {
      "type": "Feature",
      "properties": {
        "research": true,
        "osm": true,
        "city": "杭州",
        "family": "period",
        "period": "宋辽金西夏",
        "sourceId": "osm-way-1408713276",
        "sourceName": "南宋恭圣仁烈皇后宅遗址",
        "label": "南宋恭圣仁烈皇后宅遗址",
        "sourceUrl": "https://www.openstreetmap.org/way/1408713276",
        "referenceUrl": "https://z.hangzhou.com.cn/2021/rddssbchy/content/content_8082761.html",
        "status": "现状遗址区／展示范围标绘 · 保留原始 OSM 几何",
        "note": "南宋皇后宅遗址现状标绘，与皇城、德寿宫分别保留。 现代标绘边界不是各期古城垣或宫殿基址的考古实测轮廓。",
        "capitalSiteKey": "ancient-site:杭州:30.27410,120.15510",
        "capitalSiteName": "杭州"
      },
      "geometry": {
        "type": "Polygon",
        "coordinates": [
          [
            [
              120.1565528,
              30.2404813
            ],
            [
              120.156088,
              30.2404479
            ],
            [
              120.156119,
              30.2399627
            ],
            [
              120.1565683,
              30.2399794
            ],
            [
              120.1565528,
              30.2404813
            ]
          ]
        ]
      }
    },
    {
      "type": "Feature",
      "properties": {
        "research": true,
        "osm": true,
        "city": "杭州",
        "family": "period",
        "period": "宋辽金西夏",
        "sourceId": "osm-way-1408713277",
        "sourceName": "南宋御街遗址（展示区）",
        "label": "南宋御街遗址（展示区）",
        "sourceUrl": "https://www.openstreetmap.org/way/1408713277",
        "referenceUrl": "https://z.hangzhou.com.cn/2021/rddssbchy/content/content_8082761.html",
        "status": "现状遗址区／展示范围标绘 · 保留原始 OSM 几何",
        "note": "御街遗址陈列区域，不将现代御街整条旅游街填成宋代道路基址。 现代标绘边界不是各期古城垣或宫殿基址的考古实测轮廓。",
        "capitalSiteKey": "ancient-site:杭州:30.27410,120.15510",
        "capitalSiteName": "杭州"
      },
      "geometry": {
        "type": "Polygon",
        "coordinates": [
          [
            [
              120.1663492,
              30.24481
            ],
            [
              120.1659687,
              30.244793
            ],
            [
              120.1659818,
              30.2445323
            ],
            [
              120.1663492,
              30.2445379
            ],
            [
              120.1663492,
              30.24481
            ]
          ]
        ]
      }
    },
    {
      "type": "Feature",
      "properties": {
        "research": true,
        "osm": true,
        "city": "杭州",
        "family": "period",
        "period": "宋辽金西夏",
        "sourceId": "osm-way-1107037587",
        "sourceName": "南宋皇城圣果寺遗址（标绘）",
        "label": "南宋皇城圣果寺遗址（标绘）",
        "sourceUrl": "https://www.openstreetmap.org/way/1107037587",
        "referenceUrl": "https://z.hangzhou.com.cn/2021/rddssbchy/content/content_8082761.html",
        "status": "现状遗址区／展示范围标绘 · 保留原始 OSM 几何",
        "note": "圣果寺相关皇城遗存现状标绘，不据寺院边界推定整个南宋皇城外缘。 现代标绘边界不是各期古城垣或宫殿基址的考古实测轮廓。",
        "capitalSiteKey": "ancient-site:杭州:30.27410,120.15510",
        "capitalSiteName": "杭州"
      },
      "geometry": {
        "type": "Polygon",
        "coordinates": [
          [
            [
              120.1540003,
              30.222726
            ],
            [
              120.1541709,
              30.2228723
            ],
            [
              120.1543448,
              30.2228169
            ],
            [
              120.1543009,
              30.2225389
            ],
            [
              120.1541286,
              30.2225145
            ],
            [
              120.1540646,
              30.2222849
            ],
            [
              120.1544739,
              30.2219926
            ],
            [
              120.1544251,
              30.221906
            ],
            [
              120.1543265,
              30.2218602
            ],
            [
              120.1539884,
              30.2219419
            ],
            [
              120.153862,
              30.2216415
            ],
            [
              120.1535402,
              30.2217461
            ],
            [
              120.1536504,
              30.2220236
            ],
            [
              120.1535374,
              30.2222146
            ],
            [
              120.1536328,
              30.222436
            ],
            [
              120.1538926,
              30.2226504
            ],
            [
              120.1540003,
              30.222726
            ]
          ]
        ]
      }
    },
    {
      "type": "Feature",
      "properties": {
        "research": true,
        "osm": true,
        "city": "安阳",
        "family": "period",
        "period": "夏商",
        "sourceId": "osm-way-503150800",
        "sourceName": "殷墟宫殿宗庙遗址（展示区）",
        "label": "殷墟宫殿宗庙遗址（展示区）",
        "sourceUrl": "https://www.openstreetmap.org/way/503150800",
        "referenceUrl": "https://whc.unesco.org/uploads/nominations/1114.pdf#page=197",
        "status": "现状遗址区／展示范围标绘 · 保留原始 OSM 几何",
        "note": "保留晚商宫殿宗庙遗址现状展示区几何；不是约30平方公里的整个晚商都邑。 现代标绘边界不是各期古城垣或宫殿基址的考古实测轮廓。",
        "capitalSiteKey": "ancient-site:安阳殷墟:36.13000,114.31000",
        "capitalSiteName": "安阳殷墟"
      },
      "geometry": {
        "type": "Polygon",
        "coordinates": [
          [
            [
              114.3181407,
              36.1205392
            ],
            [
              114.3159713,
              36.120583
            ],
            [
              114.316025,
              36.122091
            ],
            [
              114.3163435,
              36.12212
            ],
            [
              114.3163853,
              36.124432
            ],
            [
              114.3180669,
              36.1244518
            ],
            [
              114.3189026,
              36.1244453
            ],
            [
              114.3189157,
              36.1247609
            ],
            [
              114.3200986,
              36.1247595
            ],
            [
              114.3201448,
              36.1230876
            ],
            [
              114.3205869,
              36.1211459
            ],
            [
              114.3201234,
              36.1199763
            ],
            [
              114.3181385,
              36.1199677
            ],
            [
              114.3181407,
              36.1205392
            ]
          ]
        ]
      }
    },
    {
      "type": "Feature",
      "properties": {
        "research": true,
        "osm": true,
        "city": "安阳",
        "family": "period",
        "period": "夏商",
        "sourceId": "osm-way-503149933",
        "sourceName": "殷墟王陵遗址（展示区）",
        "label": "殷墟王陵遗址（展示区）",
        "sourceUrl": "https://www.openstreetmap.org/way/503149933",
        "referenceUrl": "https://whc.unesco.org/uploads/nominations/1114.pdf#page=197",
        "status": "现状遗址区／展示范围标绘 · 保留原始 OSM 几何",
        "note": "王陵展示片区单独保留，不与宫殿宗庙区合成一个城垣轮廓；也不等于全部墓葬分布区。 现代标绘边界不是各期古城垣或宫殿基址的考古实测轮廓。",
        "capitalSiteKey": "ancient-site:安阳殷墟:36.13000,114.31000",
        "capitalSiteName": "安阳殷墟"
      },
      "geometry": {
        "type": "Polygon",
        "coordinates": [
          [
            [
              114.3053921,
              36.140448
            ],
            [
              114.3050381,
              36.1381996
            ],
            [
              114.3032684,
              36.1383777
            ],
            [
              114.3021628,
              36.1384639
            ],
            [
              114.3002211,
              36.1386112
            ],
            [
              114.3005057,
              36.140873
            ],
            [
              114.3034201,
              36.1406151
            ],
            [
              114.3053921,
              36.140448
            ]
          ]
        ]
      }
    },
    {
      "type": "Feature",
      "properties": {
        "research": true,
        "city": "安阳殷墟",
        "family": "period",
        "period": "夏商",
        "sourceId": "anyang-huanbei-city-reference",
        "sourceName": "洹北商城（图件参考）",
        "label": "洹北商城（图件参考）",
        "sourceUrl": "https://whc.unesco.org/uploads/nominations/1114.pdf#page=197",
        "sourceTitle": "殷墟申遗文件图29：遗存分布图",
        "status": "公开研究图件近似配准 · 参考范围",
        "note": "按申遗图29的洹北商城城址框线标绘，以王陵与宫殿宗庙展示片区中心关联原图作二点相似变换。片区中心不是考古测量控制点，远离参照点处精度有限。商城早于传统晚商殷墟，郭城墙基槽不表示整圈城墙已建成；不得据本图认定就是文献中的“相”或盘庚迁都的确切版本。",
        "inferredBoundary": true,
        "capitalSiteKey": "ancient-site:安阳殷墟:36.13000,114.31000",
        "capitalSiteName": "安阳殷墟"
      },
      "geometry": {
        "type": "Polygon",
        "coordinates": [
          [
            [
              114.32424259059881,
              36.15150404754859
            ],
            [
              114.34708697337884,
              36.14841025556412
            ],
            [
              114.34268877566366,
              36.128711009326025
            ],
            [
              114.32002893375437,
              36.132280494113786
            ],
            [
              114.32424259059881,
              36.15150404754859
            ]
          ]
        ]
      }
    },
    {
      "type": "Feature",
      "properties": {
        "research": true,
        "osm": true,
        "city": "临漳",
        "family": "period",
        "period": "魏晋南北朝",
        "sourceId": "osm-way-587955768",
        "sourceName": "邺北城铜雀三台（展示区）",
        "label": "邺北城铜雀三台（展示区）",
        "sourceUrl": "https://www.openstreetmap.org/way/587955768",
        "referenceUrl": "https://www.cssn.cn/lsx/lsx_kgx/202302/t20230221_5589933.shtml",
        "status": "现状遗址区／展示范围标绘 · 保留原始 OSM 几何",
        "note": "铜雀三台现代遗址公园片区，仅作邺北城遗存参照，不是邺北城完整城界。 现代标绘边界不是各期古城垣或宫殿基址的考古实测轮廓。",
        "capitalSiteKey": "ancient-site:邺城:36.34000,114.10000",
        "capitalSiteName": "邺城"
      },
      "geometry": {
        "type": "Polygon",
        "coordinates": [
          [
            [
              114.3990389,
              36.2744571
            ],
            [
              114.3997684,
              36.274083
            ],
            [
              114.4007367,
              36.2740571
            ],
            [
              114.4007367,
              36.2744269
            ],
            [
              114.4006857,
              36.274429
            ],
            [
              114.4006723,
              36.2746863
            ],
            [
              114.4008091,
              36.2748615
            ],
            [
              114.4008923,
              36.2763218
            ],
            [
              114.4009145,
              36.2773878
            ],
            [
              114.4010546,
              36.2773817
            ],
            [
              114.4011207,
              36.2796018
            ],
            [
              114.3992877,
              36.2796187
            ],
            [
              114.3992475,
              36.2775728
            ],
            [
              114.3991863,
              36.2758469
            ],
            [
              114.3991708,
              36.2754089
            ],
            [
              114.3990389,
              36.2744571
            ]
          ]
        ]
      }
    },
    {
      "type": "Feature",
      "properties": {
        "research": true,
        "osm": true,
        "city": "临漳",
        "family": "period",
        "period": "魏晋南北朝",
        "sourceId": "osm-way-1051814589",
        "sourceName": "邺南城城垣（残段标绘）",
        "label": "邺南城城垣（残段标绘）",
        "sourceUrl": "https://www.openstreetmap.org/way/1051814589",
        "referenceUrl": "https://www.cssn.cn/lsx/lsx_kgx/202302/t20230221_5589933.shtml",
        "status": "现状遗址区／展示范围标绘 · 保留原始 OSM 几何",
        "note": "此原始标绘为南部城墙残段；不将未闭合残墙强制闭合填充。东魏北齐南城与曹魏邺北城区别保留，原始通称“汉魏邺城故城城垣”不作为曹魏分期的依据。 现代标绘边界不是各期古城垣或宫殿基址的考古实测轮廓。",
        "capitalSiteKey": "ancient-site:邺城:36.34000,114.10000",
        "capitalSiteName": "邺城"
      },
      "geometry": {
        "type": "LineString",
        "coordinates": [
          [
            114.4150304,
            36.2822167
          ],
          [
            114.4148699,
            36.2822262
          ],
          [
            114.4050934,
            36.2822487
          ],
          [
            114.4010434,
            36.2822676
          ],
          [
            114.4010025,
            36.2814394
          ],
          [
            114.4009838,
            36.2796098
          ],
          [
            114.4009857,
            36.2794599
          ],
          [
            114.4006838,
            36.2794599
          ],
          [
            114.4006838,
            36.2791681
          ]
        ]
      }
    },
    {
      "type": "Feature",
      "properties": {
        "research": true,
        "osm": true,
        "city": "大同",
        "family": "period",
        "period": "魏晋南北朝",
        "sourceId": "osm-way-711555376",
        "sourceName": "北魏平城明堂（公园展示区）",
        "label": "北魏平城明堂（公园展示区）",
        "sourceUrl": "https://www.openstreetmap.org/way/711555376",
        "referenceUrl": "https://www.pingcheng.gov.cn/pcqrmzfz/wmdt/202009/cae6a468831648afaa98662286b5667b.shtml",
        "status": "现状遗址区／展示范围标绘 · 保留原始 OSM 几何",
        "note": "明堂考古遗址位于柳航里；此面仅表示现代明堂公园展示用地，不是明堂基址实测，也不是北魏平城完整范围。 现代标绘边界不是各期古城垣或宫殿基址的考古实测轮廓。",
        "capitalSiteKey": "ancient-site:平城遗址:40.09000,113.30000",
        "capitalSiteName": "平城遗址"
      },
      "geometry": {
        "type": "Polygon",
        "coordinates": [
          [
            [
              113.3017417,
              40.0626196
            ],
            [
              113.3052726,
              40.0625821
            ],
            [
              113.3054174,
              40.0627299
            ],
            [
              113.3054002,
              40.0655674
            ],
            [
              113.3017149,
              40.0655592
            ],
            [
              113.3015325,
              40.065358
            ],
            [
              113.3016237,
              40.0627182
            ],
            [
              113.3017417,
              40.0626196
            ]
          ]
        ]
      }
    },
    {
      "type": "Feature",
      "properties": {
        "research": true,
        "osm": true,
        "city": "大同",
        "family": "period",
        "period": "宋辽金西夏",
        "sourceId": "osm-way-366451679",
        "sourceName": "辽金西京华严寺（现寺院范围）",
        "label": "辽金西京华严寺（现寺院范围）",
        "sourceUrl": "https://www.openstreetmap.org/way/366451679",
        "referenceUrl": "https://www.dt.gov.cn/dtszf/gsgg/201503/81b3b58715de46fea719e6b4089c17cd.shtml",
        "status": "现状遗址区／展示范围标绘 · 保留原始 OSM 几何",
        "note": "现华严寺寺院范围含后世修缮与展示区；辽金建筑以殿堂实物和文保资料为准，不能将全部现寺院面积认定为辽代原建面积。 现代标绘边界不是各期古城垣或宫殿基址的考古实测轮廓。",
        "capitalSiteKey": "ancient-site:西京大同:40.07680,113.30010",
        "capitalSiteName": "西京大同"
      },
      "geometry": {
        "type": "Polygon",
        "coordinates": [
          [
            [
              113.2862787,
              40.0923358
            ],
            [
              113.2862199,
              40.0903988
            ],
            [
              113.2898023,
              40.0903352
            ],
            [
              113.2898295,
              40.0911278
            ],
            [
              113.2898395,
              40.091456
            ],
            [
              113.2898493,
              40.0917784
            ],
            [
              113.2898611,
              40.0922722
            ],
            [
              113.2862787,
              40.0923358
            ]
          ]
        ]
      }
    },
    {
      "type": "Feature",
      "properties": {
        "research": true,
        "osm": true,
        "city": "大同",
        "family": "period",
        "period": "宋辽金西夏",
        "sourceId": "osm-way-366497911",
        "sourceName": "辽金西京善化寺（现寺院范围）",
        "label": "辽金西京善化寺（现寺院范围）",
        "sourceUrl": "https://www.openstreetmap.org/way/366497911",
        "referenceUrl": "https://www.dt.gov.cn/dtszf/gsgg/201503/81b3b58715de46fea719e6b4089c17cd.shtml",
        "status": "现状遗址区／展示范围标绘 · 保留原始 OSM 几何",
        "note": "现善化寺寺院范围作为辽金建筑遗存定位参考，不代替辽金西京古城边界。 现代标绘边界不是各期古城垣或宫殿基址的考古实测轮廓。",
        "capitalSiteKey": "ancient-site:西京大同:40.07680,113.30010",
        "capitalSiteName": "西京大同"
      },
      "geometry": {
        "type": "Polygon",
        "coordinates": [
          [
            [
              113.2929125,
              40.0867807
            ],
            [
              113.2943706,
              40.0867725
            ],
            [
              113.2943679,
              40.0864907
            ],
            [
              113.2943669,
              40.0863887
            ],
            [
              113.294357,
              40.0853597
            ],
            [
              113.2941321,
              40.085361
            ],
            [
              113.2939468,
              40.085362
            ],
            [
              113.2938456,
              40.0853626
            ],
            [
              113.2934492,
              40.0853648
            ],
            [
              113.2933893,
              40.0853651
            ],
            [
              113.2932692,
              40.0853658
            ],
            [
              113.2931366,
              40.0853666
            ],
            [
              113.2931359,
              40.0853067
            ],
            [
              113.2926741,
              40.0853149
            ],
            [
              113.2926765,
              40.0853644
            ],
            [
              113.2921847,
              40.0853714
            ],
            [
              113.2921527,
              40.0853662
            ],
            [
              113.2921139,
              40.0865219
            ],
            [
              113.2929103,
              40.0865475
            ],
            [
              113.2929125,
              40.0867807
            ]
          ]
        ]
      }
    },
    {
      "type": "Feature",
      "properties": {
        "research": true,
        "osm": true,
        "city": "成都",
        "family": "period",
        "period": "魏晋南北朝",
        "sourceId": "osm-way-1204383950",
        "sourceName": "成都东华门遗址（多期展示区）",
        "label": "成都东华门遗址（多期展示区）",
        "sourceUrl": "https://www.openstreetmap.org/way/1204383950",
        "referenceUrl": "https://news.chengdu.cn/2022/1121/2306802.shtml?phone=yes",
        "status": "现状遗址区／展示范围标绘 · 保留原始 OSM 几何",
        "note": "该现代展示片区包含古代多期遗存。蜀汉、成汉仅使用汉魏六朝遗存区位置参照；前蜀、后蜀仅使用五代宣华苑相关遗存参照。不同政权的完整城界、宫城和建筑阶段不能据现代展示区边缘恢复。 现代标绘边界不是各期古城垣或宫殿基址的考古实测轮廓。",
        "periods": [
          "魏晋南北朝",
          "秦汉",
          "隋唐",
          "五代十国",
          "宋辽金西夏",
          "明",
          "清"
        ],
        "capitalSiteKey": "ancient-site:成都:30.57280,104.06680",
        "capitalSiteName": "成都"
      },
      "geometry": {
        "type": "Polygon",
        "coordinates": [
          [
            [
              104.0636618,
              30.664486
            ],
            [
              104.0649978,
              30.6645799
            ],
            [
              104.0655631,
              30.664734
            ],
            [
              104.0655751,
              30.6643986
            ],
            [
              104.0655803,
              30.6642891
            ],
            [
              104.0655819,
              30.6642311
            ],
            [
              104.0657162,
              30.6641223
            ],
            [
              104.0657054,
              30.663812
            ],
            [
              104.0641316,
              30.6637662
            ],
            [
              104.0638845,
              30.6640946
            ],
            [
              104.0636618,
              30.664486
            ]
          ]
        ]
      }
    },
    {
      "type": "Feature",
      "properties": {
        "research": true,
        "osm": true,
        "city": "金沙遗址",
        "family": "period",
        "period": "夏商",
        "sourceId": "osm-way-418288880",
        "sourceName": "古蜀金沙遗址（博物馆展示区）",
        "label": "古蜀金沙遗址（博物馆展示区）",
        "sourceUrl": "https://www.openstreetmap.org/way/418288880",
        "referenceUrl": "https://www.cdmuseum.com/wenhua/202011/1948.html",
        "status": "现状遗址区／展示范围标绘 · 保留原始 OSM 几何",
        "note": "保留金沙遗址博物馆原始展示区几何，不根据5平方公里总分布面积造出正方形城界。 现代标绘边界不是各期古城垣或宫殿基址的考古实测轮廓。",
        "periods": [
          "夏商",
          "周"
        ],
        "capitalSiteKey": "ancient-site:金沙遗址:30.68300,104.01200",
        "capitalSiteName": "金沙遗址"
      },
      "geometry": {
        "type": "Polygon",
        "coordinates": [
          [
            [
              104.0107716,
              30.6812896
            ],
            [
              104.0097652,
              30.6815955
            ],
            [
              104.009636,
              30.6816131
            ],
            [
              104.0090233,
              30.6818018
            ],
            [
              104.0089086,
              30.6818786
            ],
            [
              104.0084618,
              30.6820496
            ],
            [
              104.0075997,
              30.6824453
            ],
            [
              104.0069818,
              30.6827425
            ],
            [
              104.0069024,
              30.6829972
            ],
            [
              104.0090775,
              30.6866998
            ],
            [
              104.0091014,
              30.6867405
            ],
            [
              104.0093227,
              30.6871171
            ],
            [
              104.0094239,
              30.6872894
            ],
            [
              104.009653,
              30.6873416
            ],
            [
              104.009744,
              30.6873009
            ],
            [
              104.010952,
              30.6867602
            ],
            [
              104.0114796,
              30.686524
            ],
            [
              104.0139176,
              30.6854327
            ],
            [
              104.0139074,
              30.6852989
            ],
            [
              104.0120343,
              30.6827499
            ],
            [
              104.0110766,
              30.6813817
            ],
            [
              104.0107716,
              30.6812896
            ]
          ]
        ]
      }
    },
    {
      "type": "Feature",
      "properties": {
        "sourceId": "yangzhou-tang-zicheng-plan2024",
        "sourceName": "唐扬州子城（图件参考）",
        "label": "唐扬州子城（图件参考）",
        "period": "隋唐",
        "inferredBoundary": true,
        "sourceUrl": "https://tohoku-gakuin.repo.nii.ac.jp/record/2000283/files/20240625_changyuxi-wangrui.pdf#page=8",
        "sourceTitle": "扬州唐城考古工作队等（2024）图三：城址与考古发掘位置图（1975—2013）",
        "status": "考古汇总图描绘 · 近似配准参考",
        "validationMeters": 73,
        "note": "唐子城在蜀冈上，沿用前代广陵城及隋江都宫、东城区域；本面对应唐代汇总轮廓，不能直接视为隋江都宫精确边界。南墙西段在既有研究中仍需确认。杨吴、南唐沿革以同一轮廓作区域参照，不另叠重复面。 原图是1975—2013年成果汇总，采用城门展示位置作保角等比例近似配准；这些是位置参照，不是测绘控制点。远端墙线精度未独立验证，虚线与填充仅表示研究参考，不是逐段现存墙体或法定保护区。",
        "periods": [
          "隋唐",
          "五代十国"
        ],
        "research": true,
        "city": "扬州",
        "family": "period",
        "capitalSiteKey": "ancient-site:扬州:32.39420,119.41290",
        "capitalSiteName": "扬州",
        "periodNames": {
          "五代十国": "扬州子城（五代沿革参照）"
        }
      },
      "geometry": {
        "type": "Polygon",
        "coordinates": [
          [
            [
              119.41169797974348,
              32.42089141102842
            ],
            [
              119.41131046595002,
              32.42841652736181
            ],
            [
              119.41110081789546,
              32.433287683022726
            ],
            [
              119.41395909527009,
              32.434213069108104
            ],
            [
              119.41779393003848,
              32.43538231417791
            ],
            [
              119.41929998213942,
              32.43644033735363
            ],
            [
              119.41942087086687,
              32.4381224718183
            ],
            [
              119.41946813999068,
              32.43916012873008
            ],
            [
              119.42313597269191,
              32.43933530321327
            ],
            [
              119.42686202495982,
              32.43951325824381
            ],
            [
              119.43058807722772,
              32.439691213274344
            ],
            [
              119.4304550822733,
              32.43731823438427
            ],
            [
              119.43024081108234,
              32.435286506885866
            ],
            [
              119.429910100758,
              32.43324921829276
            ],
            [
              119.43133701464828,
              32.43287362465047
            ],
            [
              119.4312523578306,
              32.43065086856733
            ],
            [
              119.4308019145629,
              32.428657166299374
            ],
            [
              119.43026031362874,
              32.427152157682684
            ],
            [
              119.42844998845445,
              32.42627682144964
            ],
            [
              119.42627717064013,
              32.425581391611935
            ],
            [
              119.42375832923567,
              32.42482013107025
            ],
            [
              119.42134933934463,
              32.42416272646299
            ],
            [
              119.41926661018384,
              32.423866037078874
            ],
            [
              119.41922156585707,
              32.42366666685208
            ],
            [
              119.41654782861242,
              32.42260218014917
            ],
            [
              119.41415530777128,
              32.42169903844261
            ],
            [
              119.41169797974348,
              32.42089141102842
            ]
          ]
        ]
      }
    },
    {
      "type": "Feature",
      "properties": {
        "sourceId": "yangzhou-tang-luocheng-plan2024",
        "sourceName": "唐扬州罗城（图件参考）",
        "label": "唐扬州罗城（图件参考）",
        "period": "隋唐",
        "inferredBoundary": true,
        "sourceUrl": "https://tohoku-gakuin.repo.nii.ac.jp/record/2000283/files/20240625_changyuxi-wangrui.pdf#page=8",
        "sourceTitle": "扬州唐城考古工作队等（2024）图三：城址与考古发掘位置图（1975—2013）",
        "status": "考古汇总图描绘 · 近似配准参考",
        "validationMeters": 73,
        "note": "唐罗城为蜀冈下城区，不能用作隋代江都宫界。2022—2023年桑树脚北墙遗存研究提出罗城与子城可能不相连；本汇总轮廓沿用旧图连接方案，仅作概略研究参照，不据此断定北墙连接关系。 原图是1975—2013年成果汇总，采用城门展示位置作保角等比例近似配准；这些是位置参照，不是测绘控制点。远端墙线精度未独立验证，虚线与填充仅表示研究参考，不是逐段现存墙体或法定保护区。",
        "periods": [
          "隋唐",
          "五代十国"
        ],
        "research": true,
        "city": "扬州",
        "family": "period",
        "capitalSiteKey": "ancient-site:扬州:32.39420,119.41290",
        "capitalSiteName": "扬州",
        "periodNames": {
          "五代十国": "扬州罗城（五代沿革参照）"
        }
      },
      "geometry": {
        "type": "Polygon",
        "coordinates": [
          [
            [
              119.41169797974348,
              32.42089141102842
            ],
            [
              119.41927978542375,
              32.423669447399426
            ],
            [
              119.42375832923567,
              32.42482013107025
            ],
            [
              119.43026031362874,
              32.427152157682684
            ],
            [
              119.43216393449539,
              32.42576393205478
            ],
            [
              119.43435206557551,
              32.42448790400336
            ],
            [
              119.44424280429219,
              32.425058891892945
            ],
            [
              119.44464144207085,
              32.42172520898447
            ],
            [
              119.44493574694309,
              32.4190768094067
            ],
            [
              119.4456298453781,
              32.414820447710284
            ],
            [
              119.44619539845274,
              32.40986768049376
            ],
            [
              119.44683234633399,
              32.404721104145146
            ],
            [
              119.4475341014019,
              32.39947901350416
            ],
            [
              119.44822597503985,
              32.39438436512276
            ],
            [
              119.44901888777423,
              32.38865358083053
            ],
            [
              119.44895185579055,
              32.38791080843791
            ],
            [
              119.44817630757669,
              32.38728211173665
            ],
            [
              119.44573767339584,
              32.38706703390814
            ],
            [
              119.44152939554453,
              32.38711257159809
            ],
            [
              119.43657085094628,
              32.38702366733274
            ],
            [
              119.43184518461476,
              32.3869458852568
            ],
            [
              119.42683500806977,
              32.386755905604375
            ],
            [
              119.4220642974115,
              32.38647875330164
            ],
            [
              119.41788566385,
              32.38608196421284
            ],
            [
              119.41462536811558,
              32.385926253561124
            ],
            [
              119.41399500785428,
              32.390974535070015
            ],
            [
              119.41350414339622,
              32.39568434573459
            ],
            [
              119.41301327893815,
              32.40039415639915
            ],
            [
              119.4126322659935,
              32.40520782299815
            ],
            [
              119.41231935404547,
              32.409876827884915
            ],
            [
              119.41204489880425,
              32.4148434978382
            ],
            [
              119.41169797974348,
              32.42089141102842
            ]
          ]
        ]
      }
    },
    {
      "type": "Feature",
      "properties": {
        "sourceId": "yangzhou-song-baoyou-plan2024",
        "sourceName": "南宋宝祐城（图件参考）",
        "label": "南宋宝祐城（图件参考）",
        "period": "宋辽金西夏",
        "inferredBoundary": true,
        "sourceUrl": "https://tohoku-gakuin.repo.nii.ac.jp/record/2000283/files/20240625_changyuxi-wangrui.pdf#page=8",
        "sourceTitle": "扬州唐城考古工作队等（2024）图三：城址与考古发掘位置图（1975—2013）",
        "status": "考古汇总图描绘 · 近似配准参考",
        "validationMeters": 73,
        "note": "宝祐城／堡城在唐子城西部基础上收缩，须与唐子城整体分别显示。图件反映南宋后期城圈，不关联1128—1129年高宗行在记录。 原图是1975—2013年成果汇总，采用城门展示位置作保角等比例近似配准；这些是位置参照，不是测绘控制点。远端墙线精度未独立验证，虚线与填充仅表示研究参考，不是逐段现存墙体或法定保护区。",
        "research": true,
        "city": "扬州",
        "family": "period",
        "capitalSiteKey": "ancient-site:扬州:32.39420,119.41290",
        "capitalSiteName": "扬州"
      },
      "geometry": {
        "type": "Polygon",
        "coordinates": [
          [
            [
              119.41169797974348,
              32.42089141102842
            ],
            [
              119.41150150692883,
              32.42556597700989
            ],
            [
              119.41134126602394,
              32.429699921372894
            ],
            [
              119.41121725702882,
              32.43329324411743
            ],
            [
              119.41401731483678,
              32.43421584965545
            ],
            [
              119.41693710558809,
              32.435094868868326
            ],
            [
              119.41898360283909,
              32.43593217987091
            ],
            [
              119.42008648079616,
              32.436034157690464
            ],
            [
              119.42169134719647,
              32.43561775827037
            ],
            [
              119.4224943149031,
              32.434965841507896
            ],
            [
              119.42278096314246,
              32.43330317087469
            ],
            [
              119.42299399177817,
              32.43099602268858
            ],
            [
              119.42320702041388,
              32.428688874502484
            ],
            [
              119.42340909860671,
              32.42741660268081
            ],
            [
              119.42397260042664,
              32.426851858568654
            ],
            [
              119.4240582394861,
              32.425574025652274
            ],
            [
              119.4236418901023,
              32.424814569975545
            ],
            [
              119.42134933934463,
              32.42416272646299
            ],
            [
              119.41926661018384,
              32.423866037078874
            ],
            [
              119.41922156585707,
              32.42366666685208
            ],
            [
              119.41654782861242,
              32.42260218014917
            ],
            [
              119.41415530777128,
              32.42169903844261
            ],
            [
              119.41169797974348,
              32.42089141102842
            ]
          ]
        ]
      }
    },
    {
      "type": "Feature",
      "properties": {
        "sourceId": "yangzhou-song-jiacheng-plan2024",
        "sourceName": "宋扬州夹城（图件参考）",
        "label": "宋扬州夹城（图件参考）",
        "period": "宋辽金西夏",
        "inferredBoundary": true,
        "sourceUrl": "https://tohoku-gakuin.repo.nii.ac.jp/record/2000283/files/20240625_changyuxi-wangrui.pdf#page=8",
        "sourceTitle": "扬州唐城考古工作队等（2024）图三：城址与考古发掘位置图（1975—2013）",
        "status": "考古汇总图描绘 · 近似配准参考",
        "validationMeters": 73,
        "note": "宋夹城位于宋堡城与宋大城之间，单列此城圈。不能把现代体育公园全部范围当成宋代城界；它的修筑晚于高宗在扬州行在的时期，不关联该记录。 原图是1975—2013年成果汇总，采用城门展示位置作保角等比例近似配准；这些是位置参照，不是测绘控制点。远端墙线精度未独立验证，虚线与填充仅表示研究参考，不是逐段现存墙体或法定保护区。",
        "research": true,
        "city": "扬州",
        "family": "period",
        "capitalSiteKey": "ancient-site:扬州:32.39420,119.41290",
        "capitalSiteName": "扬州"
      },
      "geometry": {
        "type": "Polygon",
        "coordinates": [
          [
            [
              119.41942471306284,
              32.421506960925555
            ],
            [
              119.42057922296662,
              32.42171001413218
            ],
            [
              119.42185346581377,
              32.42186948101365
            ],
            [
              119.42302444476745,
              32.42182679712097
            ],
            [
              119.42346491983405,
              32.42135478675383
            ],
            [
              119.42390975772356,
              32.419946194861986
            ],
            [
              119.42436447704301,
              32.41839016071055
            ],
            [
              119.425085012729,
              32.416353774549926
            ],
            [
              119.42571439074851,
              32.414806082040556
            ],
            [
              119.42587364941161,
              32.414172726677066
            ],
            [
              119.425612195868,
              32.41371649716156
            ],
            [
              119.42493332392765,
              32.41338824607417
            ],
            [
              119.42366237489048,
              32.41317963177284
            ],
            [
              119.42232661866669,
              32.41306653176388
            ],
            [
              119.42178287970663,
              32.41333639135688
            ],
            [
              119.42150718191016,
              32.41396418562566
            ],
            [
              119.42101400588389,
              32.41522255471057
            ],
            [
              119.42042967219115,
              32.41696961744674
            ],
            [
              119.4200298786284,
              32.41857757956538
            ],
            [
              119.41964984792553,
              32.419890657164856
            ],
            [
              119.41942471306284,
              32.421506960925555
            ]
          ]
        ]
      }
    },
    {
      "type": "Feature",
      "properties": {
        "sourceId": "yangzhou-song-dacheng-plan2024",
        "sourceName": "宋扬州大城（图件参考）",
        "label": "宋扬州大城（图件参考）",
        "period": "宋辽金西夏",
        "inferredBoundary": true,
        "sourceUrl": "https://tohoku-gakuin.repo.nii.ac.jp/record/2000283/files/20240625_changyuxi-wangrui.pdf#page=8",
        "sourceTitle": "扬州唐城考古工作队等（2024）图三：城址与考古发掘位置图（1975—2013）",
        "status": "考古汇总图描绘 · 近似配准参考",
        "validationMeters": 73,
        "note": "宋大城与唐罗城范围不同。原图反映宋代多期综合城圈，不保证1128—1129年行在时期逐段城墙、宫区与之完全相同；作为该时期城市范围参考关联。 原图是1975—2013年成果汇总，采用城门展示位置作保角等比例近似配准；这些是位置参照，不是测绘控制点。远端墙线精度未独立验证，虚线与填充仅表示研究参考，不是逐段现存墙体或法定保护区。",
        "research": true,
        "city": "扬州",
        "family": "period",
        "capitalSiteKey": "ancient-site:扬州:32.39420,119.41290",
        "capitalSiteName": "扬州"
      },
      "geometry": {
        "type": "Polygon",
        "coordinates": [
          [
            [
              119.42919100892863,
              32.41260549708631
            ],
            [
              119.4319240347529,
              32.41278533023172
            ],
            [
              119.43465706057717,
              32.41296516337714
            ],
            [
              119.43744171834817,
              32.41324607190962
            ],
            [
              119.44039444719925,
              32.41363361692388
            ],
            [
              119.44305937202691,
              32.413958111781525
            ],
            [
              119.4451552764276,
              32.4140582114862
            ],
            [
              119.44596581399598,
              32.40980741088449
            ],
            [
              119.44683234633399,
              32.404721104145146
            ],
            [
              119.4475341014019,
              32.39947901350416
            ],
            [
              119.44822597503985,
              32.39438436512276
            ],
            [
              119.44901888777423,
              32.38865358083053
            ],
            [
              119.44895185579055,
              32.38791080843791
            ],
            [
              119.44817630757669,
              32.38728211173665
            ],
            [
              119.44573767339584,
              32.38706703390814
            ],
            [
              119.44152939554453,
              32.38711257159809
            ],
            [
              119.43657085094628,
              32.38702366733274
            ],
            [
              119.43184518461476,
              32.3869458852568
            ],
            [
              119.42776652113675,
              32.38680039436201
            ],
            [
              119.42630444434964,
              32.386829175517924
            ],
            [
              119.42533011175293,
              32.38742360321848
            ],
            [
              119.42448654931361,
              32.389552723124126
            ],
            [
              119.42392749708776,
              32.39179404060626
            ],
            [
              119.42291150074541,
              32.39475310555483
            ],
            [
              119.42211520742991,
              32.39791988237225
            ],
            [
              119.42163636242766,
              32.40070738256755
            ],
            [
              119.42149143478856,
              32.402869869041425
            ],
            [
              119.42169804934665,
              32.405887325484386
            ],
            [
              119.42248685957156,
              32.40893258740088
            ],
            [
              119.4235941871227,
              32.4107111385904
            ],
            [
              119.42543308757386,
              32.41203158214954
            ],
            [
              119.42703029734128,
              32.412600911674005
            ],
            [
              119.42919100892863,
              32.41260549708631
            ]
          ]
        ]
      }
    },
    {
      "type": "Feature",
      "properties": {
        "osm": true,
        "sourceId": "osm-way-235461827",
        "sourceName": "宋夹城（现公园范围）",
        "label": "宋夹城（现公园范围）",
        "period": "宋辽金西夏",
        "sourceUrl": "https://www.openstreetmap.org/way/235461827",
        "referenceUrl": "https://www.jsrd.gov.cn/qwfb/d_sjfg/201612/t20161207_1191426.shtml",
        "status": "现状展示范围 · 原始 OSM 几何",
        "note": "现宋夹城体育休闲公园，包括现代游园及外围用地，与图件宋夹城轮廓分开。 保留原始OSM坐标；现代展示区或建筑标绘不能当作古代考古实测范围。",
        "research": true,
        "city": "扬州",
        "family": "period",
        "capitalSiteKey": "ancient-site:扬州:32.39420,119.41290",
        "capitalSiteName": "扬州"
      },
      "geometry": {
        "type": "Polygon",
        "coordinates": [
          [
            [
              119.4244013,
              32.4222364
            ],
            [
              119.4244575,
              32.4221979
            ],
            [
              119.4244748,
              32.4220762
            ],
            [
              119.4244056,
              32.4220153
            ],
            [
              119.4245411,
              32.4217572
            ],
            [
              119.4247546,
              32.4211167
            ],
            [
              119.4248441,
              32.4209633
            ],
            [
              119.4250487,
              32.4201304
            ],
            [
              119.4254037,
              32.4186595
            ],
            [
              119.4255336,
              32.4185377
            ],
            [
              119.4256951,
              32.4184622
            ],
            [
              119.4257788,
              32.4183964
            ],
            [
              119.4259375,
              32.4183136
            ],
            [
              119.4260644,
              32.4182869
            ],
            [
              119.4261703,
              32.4182206
            ],
            [
              119.426247,
              32.4181298
            ],
            [
              119.4263285,
              32.4179866
            ],
            [
              119.4263889,
              32.4178434
            ],
            [
              119.4263987,
              32.4178021
            ],
            [
              119.4264026,
              32.4176028
            ],
            [
              119.4264175,
              32.4174968
            ],
            [
              119.4264422,
              32.4174369
            ],
            [
              119.4264472,
              32.4172975
            ],
            [
              119.4262523,
              32.4171622
            ],
            [
              119.4259815,
              32.4169601
            ],
            [
              119.4257668,
              32.4168709
            ],
            [
              119.4255851,
              32.4167886
            ],
            [
              119.4254315,
              32.4167329
            ],
            [
              119.4253704,
              32.4167301
            ],
            [
              119.4252581,
              32.4166618
            ],
            [
              119.4252449,
              32.4165893
            ],
            [
              119.4252538,
              32.416214
            ],
            [
              119.4252561,
              32.4159378
            ],
            [
              119.4252964,
              32.4155519
            ],
            [
              119.425321,
              32.4154327
            ],
            [
              119.4253905,
              32.41527
            ],
            [
              119.4253972,
              32.4150979
            ],
            [
              119.4254129,
              32.4150468
            ],
            [
              119.4254353,
              32.4149238
            ],
            [
              119.4254891,
              32.4148841
            ],
            [
              119.4255003,
              32.4145303
            ],
            [
              119.425451,
              32.4145076
            ],
            [
              119.4254555,
              32.4143998
            ],
            [
              119.4254846,
              32.4143922
            ],
            [
              119.4254846,
              32.4142825
            ],
            [
              119.4254331,
              32.4141633
            ],
            [
              119.4253744,
              32.4136257
            ],
            [
              119.425307,
              32.41343
            ],
            [
              119.4252042,
              32.4132791
            ],
            [
              119.4251195,
              32.4132255
            ],
            [
              119.4250589,
              32.4131912
            ],
            [
              119.4248139,
              32.4131003
            ],
            [
              119.4245633,
              32.4130449
            ],
            [
              119.4241808,
              32.4130118
            ],
            [
              119.423808,
              32.4129903
            ],
            [
              119.4234878,
              32.412995
            ],
            [
              119.4232014,
              32.4130209
            ],
            [
              119.4229019,
              32.4129881
            ],
            [
              119.422719,
              32.4129938
            ],
            [
              119.4221978,
              32.4129514
            ],
            [
              119.4219417,
              32.4129321
            ],
            [
              119.4216445,
              32.4128568
            ],
            [
              119.4214433,
              32.4127777
            ],
            [
              119.4213839,
              32.412687
            ],
            [
              119.421265,
              32.4126233
            ],
            [
              119.4212101,
              32.4126001
            ],
            [
              119.4206928,
              32.412571
            ],
            [
              119.4205931,
              32.4127575
            ],
            [
              119.4200018,
              32.4142715
            ],
            [
              119.4199561,
              32.4143808
            ],
            [
              119.4199358,
              32.4144691
            ],
            [
              119.4197672,
              32.4149524
            ],
            [
              119.4198079,
              32.4150089
            ],
            [
              119.4198951,
              32.4150678
            ],
            [
              119.4201305,
              32.4151266
            ],
            [
              119.4202729,
              32.4151389
            ],
            [
              119.4203252,
              32.4151193
            ],
            [
              119.4203921,
              32.4151512
            ],
            [
              119.4205461,
              32.4151389
            ],
            [
              119.4206245,
              32.4151512
            ],
            [
              119.420671,
              32.4151095
            ],
            [
              119.4207611,
              32.415345
            ],
            [
              119.4206885,
              32.4153744
            ],
            [
              119.4205141,
              32.4153303
            ],
            [
              119.4204531,
              32.4153671
            ],
            [
              119.4203775,
              32.4153671
            ],
            [
              119.4201973,
              32.4153352
            ],
            [
              119.4200869,
              32.4153303
            ],
            [
              119.4199968,
              32.4152787
            ],
            [
              119.4198602,
              32.4152787
            ],
            [
              119.4197382,
              32.4151855
            ],
            [
              119.4196655,
              32.4151782
            ],
            [
              119.4195871,
              32.4152027
            ],
            [
              119.4195125,
              32.4152372
            ],
            [
              119.4193272,
              32.4158197
            ],
            [
              119.4192164,
              32.4160643
            ],
            [
              119.4191556,
              32.4162334
            ],
            [
              119.4191377,
              32.4163239
            ],
            [
              119.4191734,
              32.4163843
            ],
            [
              119.4192164,
              32.4164175
            ],
            [
              119.4195623,
              32.4164327
            ],
            [
              119.4196908,
              32.4164644
            ],
            [
              119.4198134,
              32.4164327
            ],
            [
              119.4198984,
              32.4163743
            ],
            [
              119.4199202,
              32.4163125
            ],
            [
              119.4201218,
              32.4163125
            ],
            [
              119.4201792,
              32.4163158
            ],
            [
              119.4203077,
              32.4163993
            ],
            [
              119.4202761,
              32.4164477
            ],
            [
              119.4202266,
              32.4164844
            ],
            [
              119.4201298,
              32.4165245
            ],
            [
              119.4200922,
              32.4165846
            ],
            [
              119.4200764,
              32.416663
            ],
            [
              119.4200526,
              32.4166947
            ],
            [
              119.4200151,
              32.4167148
            ],
            [
              119.4199933,
              32.4167398
            ],
            [
              119.4197224,
              32.4167665
            ],
            [
              119.4196315,
              32.4168249
            ],
            [
              119.4196018,
              32.4169084
            ],
            [
              119.4196097,
              32.4169985
            ],
            [
              119.419586,
              32.4171504
            ],
            [
              119.4195682,
              32.4172622
            ],
            [
              119.4194931,
              32.4172923
            ],
            [
              119.4194733,
              32.4173607
            ],
            [
              119.4195131,
              32.4174693
            ],
            [
              119.419586,
              32.417512
            ],
            [
              119.4195217,
              32.4176118
            ],
            [
              119.4194904,
              32.4177451
            ],
            [
              119.4195371,
              32.4179004
            ],
            [
              119.4195406,
              32.4180227
            ],
            [
              119.4195077,
              32.4181343
            ],
            [
              119.4195136,
              32.418526
            ],
            [
              119.4194083,
              32.4189151
            ],
            [
              119.4192693,
              32.4191669
            ],
            [
              119.4190766,
              32.4195373
            ],
            [
              119.4190857,
              32.4195902
            ],
            [
              119.4190097,
              32.4197956
            ],
            [
              119.4188963,
              32.4198017
            ],
            [
              119.4186515,
              32.4197491
            ],
            [
              119.4187134,
              32.4194109
            ],
            [
              119.4187001,
              32.4193761
            ],
            [
              119.4186883,
              32.4194109
            ],
            [
              119.4186282,
              32.4197399
            ],
            [
              119.4185597,
              32.4202551
            ],
            [
              119.4186008,
              32.4202851
            ],
            [
              119.418661,
              32.4203475
            ],
            [
              119.4187652,
              32.4203762
            ],
            [
              119.4188107,
              32.4204298
            ],
            [
              119.4188328,
              32.4205047
            ],
            [
              119.418827,
              32.4205852
            ],
            [
              119.4187957,
              32.420668
            ],
            [
              119.4187589,
              32.4207432
            ],
            [
              119.418742,
              32.4207686
            ],
            [
              119.4187535,
              32.4209078
            ],
            [
              119.4187978,
              32.4210544
            ],
            [
              119.4188444,
              32.4211121
            ],
            [
              119.4188143,
              32.4212554
            ],
            [
              119.4188225,
              32.421327
            ],
            [
              119.4187732,
              32.421364
            ],
            [
              119.4187458,
              32.4213432
            ],
            [
              119.4187294,
              32.4214353
            ],
            [
              119.4193833,
              32.4215646
            ],
            [
              119.4201418,
              32.4216498
            ],
            [
              119.4205154,
              32.4217065
            ],
            [
              119.4209152,
              32.4218737
            ],
            [
              119.421386,
              32.4219115
            ],
            [
              119.4217746,
              32.4219841
            ],
            [
              119.4223313,
              32.4219462
            ],
            [
              119.4226601,
              32.422003
            ],
            [
              119.4231047,
              32.422003
            ],
            [
              119.4237702,
              32.4221003
            ],
            [
              119.4244013,
              32.4222364
            ]
          ]
        ]
      }
    },
    {
      "type": "Feature",
      "properties": {
        "osm": true,
        "sourceId": "osm-way-1319432253",
        "sourceName": "宋夹城北门（展示建筑）",
        "label": "宋夹城北门（展示建筑）",
        "period": "宋辽金西夏",
        "sourceUrl": "https://www.openstreetmap.org/way/1319432253",
        "referenceUrl": "https://www.jsrd.gov.cn/qwfb/d_sjfg/201612/t20161207_1191426.shtml",
        "status": "现状展示范围 · 原始 OSM 几何",
        "note": "现北门展示建筑，非完整宋代原址建筑平面。 保留原始OSM坐标；现代展示区或建筑标绘不能当作古代考古实测范围。",
        "research": true,
        "city": "扬州",
        "family": "period",
        "capitalSiteKey": "ancient-site:扬州:32.39420,119.41290",
        "capitalSiteName": "扬州"
      },
      "geometry": {
        "type": "Polygon",
        "coordinates": [
          [
            [
              119.421774,
              32.4216092
            ],
            [
              119.4217696,
              32.4216432
            ],
            [
              119.4215978,
              32.4216274
            ],
            [
              119.4216014,
              32.4215995
            ],
            [
              119.4214234,
              32.4215831
            ],
            [
              119.4214198,
              32.4216108
            ],
            [
              119.4212943,
              32.4215992
            ],
            [
              119.4213025,
              32.4215354
            ],
            [
              119.4211238,
              32.421519
            ],
            [
              119.4211155,
              32.4215826
            ],
            [
              119.4210879,
              32.42158
            ],
            [
              119.4210769,
              32.4216652
            ],
            [
              119.4221016,
              32.4217596
            ],
            [
              119.4221125,
              32.4216751
            ],
            [
              119.4220944,
              32.4216734
            ],
            [
              119.4220988,
              32.4216391
            ],
            [
              119.421774,
              32.4216092
            ]
          ]
        ]
      }
    },
    {
      "type": "Feature",
      "properties": {
        "osm": true,
        "sourceId": "osm-way-1319432259",
        "sourceName": "宋夹城南门（展示建筑）",
        "label": "宋夹城南门（展示建筑）",
        "period": "宋辽金西夏",
        "sourceUrl": "https://www.openstreetmap.org/way/1319432259",
        "referenceUrl": "https://www.jsrd.gov.cn/qwfb/d_sjfg/201612/t20161207_1191426.shtml",
        "status": "现状展示范围 · 原始 OSM 几何",
        "note": "现南门展示建筑，非完整宋代原址建筑平面。 保留原始OSM坐标；现代展示区或建筑标绘不能当作古代考古实测范围。",
        "research": true,
        "city": "扬州",
        "family": "period",
        "capitalSiteKey": "ancient-site:扬州:32.39420,119.41290",
        "capitalSiteName": "扬州"
      },
      "geometry": {
        "type": "Polygon",
        "coordinates": [
          [
            [
              119.4225669,
              32.4139145
            ],
            [
              119.4238543,
              32.4139733
            ],
            [
              119.4238709,
              32.4137158
            ],
            [
              119.4225834,
              32.413657
            ],
            [
              119.4225669,
              32.4139145
            ]
          ]
        ]
      }
    },
    {
      "type": "Feature",
      "properties": {
        "sourceId": "osm-node-3213641568",
        "sourceName": "宋大城北门遗址（定位参照）",
        "label": "宋大城北门遗址",
        "period": "宋辽金西夏",
        "sourceUrl": "https://www.openstreetmap.org/node/3213641568",
        "sourceTitle": "OSM 北门遗址定位；扬州博物馆古城门考古资料",
        "referenceUrl": "https://www.yzmuseum.com/index.php?a=show&g=home&id=245&m=article",
        "status": "城门遗址定位参照",
        "note": "宋大城北门遗址点，作为宋大城区域参照；不是高宗行宫或宋代建筑中心。",
        "research": true,
        "city": "扬州",
        "family": "period",
        "capitalSiteKey": "ancient-site:扬州:32.39420,119.41290",
        "capitalSiteName": "扬州"
      },
      "geometry": {
        "type": "Point",
        "coordinates": [
          119.4295766,
          32.4123993
        ]
      }
    },
    {
      "type": "Feature",
      "properties": {
        "research": true,
        "osm": true,
        "city": "扬州",
        "family": "period",
        "period": "隋唐",
        "periods": [
          "隋唐",
          "五代十国"
        ],
        "sourceId": "osm-way-1319465137",
        "sourceName": "蜀冈唐城遗址（现展示区）",
        "label": "唐城遗址（展示区）",
        "capitalSiteKey": "ancient-site:扬州:32.39420,119.41290",
        "capitalSiteName": "扬州",
        "sourceUrl": "https://www.openstreetmap.org/way/1319465137",
        "referenceUrl": "https://www.yzmuseum.com/index.php?a=show&g=home&id=253&m=article",
        "status": "现状展示区 · 原始 OSM 几何",
        "note": "蜀冈唐城遗址现展示区作为隋江都宫、唐子城及五代城址的区域定位参照；这是现代展示用地标绘，非隋宫殿或杨吴、南唐宫区实测边界。隋江都宫中心及完整分期宫界仍未确定。"
      },
      "geometry": {
        "type": "Polygon",
        "coordinates": [
          [
            [
              119.4121948,
              32.4222785
            ],
            [
              119.4130987,
              32.4225683
            ],
            [
              119.4130933,
              32.4235509
            ],
            [
              119.413029,
              32.4239358
            ],
            [
              119.4127205,
              32.4239878
            ],
            [
              119.4120687,
              32.4238316
            ],
            [
              119.4120741,
              32.4233177
            ],
            [
              119.4121599,
              32.4231637
            ],
            [
              119.4121921,
              32.4223781
            ],
            [
              119.4121948,
              32.4222785
            ]
          ]
        ]
      }
    },
    {
      "type": "Feature",
      "properties": {
        "osm": true,
        "sourceId": "osm-way-685088107",
        "sourceName": "盘门（元代遗构）",
        "period": "元",
        "sourceUrl": "https://www.openstreetmap.org/way/685088107",
        "referenceUrl": "https://www.suzhou.gov.cn/szsrmzf/zfwj/201904/f239e95032694f2d87a88d151a6e7e40.shtml",
        "status": "现状遗构／修缮展示标绘 · 原始 OSM 几何",
        "note": "现存盘门的建造年代标为1351年，后续存在增建、修缮；标绘的是现存城门建筑，不是春秋盘门原始平面。 保留原始OSM坐标，不表示春秋城墙、元代全城边界或法定保护区实测。",
        "label": "盘门（元代遗构）",
        "periods": [
          "元",
          "明",
          "清"
        ],
        "research": true,
        "city": "苏州",
        "family": "period",
        "capitalSiteKey": "ancient-site:苏州:31.29890,120.58530",
        "capitalSiteName": "苏州"
      },
      "geometry": {
        "type": "Polygon",
        "coordinates": [
          [
            [
              120.6119073,
              31.2894951
            ],
            [
              120.6119134,
              31.2896188
            ],
            [
              120.6120011,
              31.2896157
            ],
            [
              120.6119951,
              31.2894919
            ],
            [
              120.6119073,
              31.2894951
            ]
          ]
        ]
      }
    },
    {
      "type": "Feature",
      "properties": {
        "osm": true,
        "sourceId": "osm-way-1268353039",
        "sourceName": "胥门北侧城墙（现状）",
        "period": "明",
        "sourceUrl": "https://www.openstreetmap.org/way/1268353039",
        "referenceUrl": "https://www.suzhou.gov.cn/szsrmzf/zfwj/201904/f239e95032694f2d87a88d151a6e7e40.shtml",
        "status": "现状遗构／修缮展示标绘 · 原始 OSM 几何",
        "note": "现代地图标绘的胥门以北城墙范围，2019年文件列明胥门、金门等段分别保护；具体墙体分期不能仅凭位置确定。 保留原始OSM坐标，不表示春秋城墙、元代全城边界或法定保护区实测。",
        "label": "胥门北侧城墙（现状）",
        "periods": [
          "明",
          "清"
        ],
        "research": true,
        "city": "苏州",
        "family": "period",
        "capitalSiteKey": "ancient-site:苏州:31.29890,120.58530",
        "capitalSiteName": "苏州"
      },
      "geometry": {
        "type": "Polygon",
        "coordinates": [
          [
            [
              120.6072669,
              31.3037535
            ],
            [
              120.6073014,
              31.3037605
            ],
            [
              120.6073244,
              31.3037627
            ],
            [
              120.607348,
              31.303767
            ],
            [
              120.6073888,
              31.3037731
            ],
            [
              120.6075821,
              31.3031796
            ],
            [
              120.60768,
              31.3027092
            ],
            [
              120.6076836,
              31.3026922
            ],
            [
              120.6077274,
              31.302482
            ],
            [
              120.6076999,
              31.3024805
            ],
            [
              120.6076749,
              31.3024792
            ],
            [
              120.6076521,
              31.302478
            ],
            [
              120.607624,
              31.3024765
            ],
            [
              120.6074877,
              31.3031599
            ],
            [
              120.6073495,
              31.3035313
            ],
            [
              120.6073095,
              31.3035206
            ],
            [
              120.6072695,
              31.3036284
            ],
            [
              120.6073094,
              31.3036392
            ],
            [
              120.6072669,
              31.3037535
            ]
          ]
        ]
      }
    },
    {
      "type": "Feature",
      "properties": {
        "osm": true,
        "sourceId": "osm-way-1268353040",
        "sourceName": "胥门北侧城墙（现状）",
        "period": "明",
        "sourceUrl": "https://www.openstreetmap.org/way/1268353040",
        "referenceUrl": "https://www.suzhou.gov.cn/szsrmzf/zfwj/201904/f239e95032694f2d87a88d151a6e7e40.shtml",
        "status": "现状遗构／修缮展示标绘 · 原始 OSM 几何",
        "note": "与相邻标绘段分别保留原始墙体范围；非完整胥门保护区边界。 保留原始OSM坐标，不表示春秋城墙、元代全城边界或法定保护区实测。",
        "periods": [
          "明",
          "清"
        ],
        "research": true,
        "city": "苏州",
        "family": "period",
        "capitalSiteKey": "ancient-site:苏州:31.29890,120.58530",
        "capitalSiteName": "苏州"
      },
      "geometry": {
        "type": "Polygon",
        "coordinates": [
          [
            [
              120.6073888,
              31.3037731
            ],
            [
              120.606731,
              31.3051616
            ],
            [
              120.6066412,
              31.3051252
            ],
            [
              120.6072669,
              31.3037535
            ],
            [
              120.6073014,
              31.3037605
            ],
            [
              120.6073244,
              31.3037627
            ],
            [
              120.607348,
              31.303767
            ],
            [
              120.6073888,
              31.3037731
            ]
          ]
        ]
      }
    },
    {
      "type": "Feature",
      "properties": {
        "osm": true,
        "sourceId": "osm-way-783426393",
        "sourceName": "阊门（修缮展示）",
        "period": "明",
        "sourceUrl": "https://www.openstreetmap.org/way/783426393",
        "referenceUrl": "https://www.suzhou.gov.cn/szsrmzf/zfwj/201904/f239e95032694f2d87a88d151a6e7e40.shtml",
        "status": "现状遗构／修缮展示标绘 · 原始 OSM 几何",
        "note": "阊门遗址及现城门展示建筑，近现代恢复修缮，不能当作春秋城楼或元代建筑原貌。 保留原始OSM坐标，不表示春秋城墙、元代全城边界或法定保护区实测。",
        "label": "阊门（修缮展示）",
        "periods": [
          "明",
          "清"
        ],
        "research": true,
        "city": "苏州",
        "family": "period",
        "capitalSiteKey": "ancient-site:苏州:31.29890,120.58530",
        "capitalSiteName": "苏州"
      },
      "geometry": {
        "type": "Polygon",
        "coordinates": [
          [
            [
              120.6014446,
              31.3174481
            ],
            [
              120.6014689,
              31.3173319
            ],
            [
              120.6014974,
              31.317196
            ],
            [
              120.6013596,
              31.3171812
            ],
            [
              120.6013292,
              31.3173055
            ],
            [
              120.6012998,
              31.3174256
            ],
            [
              120.6013733,
              31.3174372
            ],
            [
              120.6014446,
              31.3174481
            ]
          ]
        ]
      }
    },
    {
      "type": "Feature",
      "properties": {
        "osm": true,
        "sourceId": "osm-way-783426392",
        "sourceName": "阊门北侧城墙（修缮段）",
        "period": "明",
        "sourceUrl": "https://www.openstreetmap.org/way/783426392",
        "referenceUrl": "https://www.suzhou.gov.cn/szsrmzf/zfwj/201904/f239e95032694f2d87a88d151a6e7e40.shtml",
        "status": "现状遗构／修缮展示标绘 · 原始 OSM 几何",
        "note": "现状修缮展示墙体；与2011年阊门北段保护修缮资料对应，不代替720米保护分段完整边界。 保留原始OSM坐标，不表示春秋城墙、元代全城边界或法定保护区实测。",
        "periods": [
          "明",
          "清"
        ],
        "research": true,
        "city": "苏州",
        "family": "period",
        "capitalSiteKey": "ancient-site:苏州:31.29890,120.58530",
        "capitalSiteName": "苏州"
      },
      "geometry": {
        "type": "Polygon",
        "coordinates": [
          [
            [
              120.6013596,
              31.3171812
            ],
            [
              120.6013292,
              31.3173055
            ],
            [
              120.6012998,
              31.3174256
            ],
            [
              120.6012194,
              31.3177547
            ],
            [
              120.6014204,
              31.3180602
            ],
            [
              120.6014329,
              31.3184268
            ],
            [
              120.6015082,
              31.3184244
            ],
            [
              120.6015082,
              31.3180308
            ],
            [
              120.6013039,
              31.317726
            ],
            [
              120.601345,
              31.31756
            ],
            [
              120.6013733,
              31.3174372
            ],
            [
              120.6014446,
              31.3174481
            ],
            [
              120.6014689,
              31.3173319
            ],
            [
              120.6014974,
              31.317196
            ],
            [
              120.6013596,
              31.3171812
            ]
          ]
        ]
      }
    },
    {
      "type": "Feature",
      "properties": {
        "osm": true,
        "sourceId": "osm-way-802089939",
        "sourceName": "金门（近代城门）",
        "period": "明",
        "sourceUrl": "https://www.openstreetmap.org/way/802089939",
        "referenceUrl": "https://www.suzhou.gov.cn/szsrmzf/zfwj/201904/f239e95032694f2d87a88d151a6e7e40.shtml",
        "status": "现状遗构／修缮展示标绘 · 原始 OSM 几何",
        "note": "金门为近代增辟城门，标绘的是现存建筑，仅作古城城墙现状构件；不能关联元末或春秋都城记录。 保留原始OSM坐标，不表示春秋城墙、元代全城边界或法定保护区实测。",
        "label": "金门（近代城门）",
        "periods": [
          "明",
          "清"
        ],
        "research": true,
        "city": "苏州",
        "family": "period",
        "capitalSiteKey": "ancient-site:苏州:31.29890,120.58530",
        "capitalSiteName": "苏州"
      },
      "geometry": {
        "type": "Polygon",
        "coordinates": [
          [
            [
              120.6023408,
              31.3127977
            ],
            [
              120.6024693,
              31.3127948
            ],
            [
              120.6024608,
              31.3126857
            ],
            [
              120.602453,
              31.3125861
            ],
            [
              120.6023179,
              31.312597
            ],
            [
              120.6023289,
              31.3126938
            ],
            [
              120.6023408,
              31.3127977
            ]
          ]
        ]
      }
    },
    {
      "type": "Feature",
      "properties": {
        "osm": true,
        "sourceId": "osm-way-502015159",
        "sourceName": "相门北侧城墙（重建段）",
        "period": "明",
        "sourceUrl": "https://www.openstreetmap.org/way/502015159",
        "referenceUrl": "https://www.suzhou.gov.cn/szsrmzf/zfwj/201904/f239e95032694f2d87a88d151a6e7e40.shtml",
        "status": "现状遗构／修缮展示标绘 · 原始 OSM 几何",
        "note": "相门、平门、娄门等2010—2013年进行了重建；本段为现状展示墙体，不是保存至今的春秋原墙。 保留原始OSM坐标，不表示春秋城墙、元代全城边界或法定保护区实测。",
        "label": "相门北侧城墙（重建段）",
        "periods": [
          "明",
          "清"
        ],
        "research": true,
        "city": "苏州",
        "family": "period",
        "capitalSiteKey": "ancient-site:苏州:31.29890,120.58530",
        "capitalSiteName": "苏州"
      },
      "geometry": {
        "type": "Polygon",
        "coordinates": [
          [
            [
              120.6358419,
              31.3158725
            ],
            [
              120.6359591,
              31.3158945
            ],
            [
              120.6365102,
              31.3137572
            ],
            [
              120.636393,
              31.3137351
            ],
            [
              120.6358419,
              31.3158725
            ]
          ]
        ]
      }
    },
    {
      "type": "Feature",
      "properties": {
        "osm": true,
        "sourceId": "osm-way-1145006306",
        "sourceName": "娄门（重建城墙）",
        "period": "明",
        "sourceUrl": "https://www.openstreetmap.org/way/1145006306",
        "referenceUrl": "https://www.suzhou.gov.cn/szsrmzf/zfwj/201904/f239e95032694f2d87a88d151a6e7e40.shtml",
        "status": "现状遗构／修缮展示标绘 · 原始 OSM 几何",
        "note": "娄门现状城墙展示范围，2013年保护修缮、重建构件，不据此认定古城门基址每期均相同。 保留原始OSM坐标，不表示春秋城墙、元代全城边界或法定保护区实测。",
        "label": "娄门（重建城墙）",
        "periods": [
          "明",
          "清"
        ],
        "research": true,
        "city": "苏州",
        "family": "period",
        "capitalSiteKey": "ancient-site:苏州:31.29890,120.58530",
        "capitalSiteName": "苏州"
      },
      "geometry": {
        "type": "Polygon",
        "coordinates": [
          [
            [
              120.635205,
              31.3274376
            ],
            [
              120.6351536,
              31.3274256
            ],
            [
              120.6352237,
              31.327129
            ],
            [
              120.6352453,
              31.327133
            ],
            [
              120.6352869,
              31.3269461
            ],
            [
              120.6354271,
              31.3269751
            ],
            [
              120.6354009,
              31.3271238
            ],
            [
              120.635461,
              31.3271303
            ],
            [
              120.6354533,
              31.3271606
            ],
            [
              120.6354964,
              31.3271685
            ],
            [
              120.635424,
              31.3274712
            ],
            [
              120.6353393,
              31.327458
            ],
            [
              120.6352684,
              31.3277488
            ],
            [
              120.6352669,
              31.3278357
            ],
            [
              120.63531,
              31.3278357
            ],
            [
              120.6352992,
              31.3279383
            ],
            [
              120.6352684,
              31.3279383
            ],
            [
              120.6352687,
              31.3280269
            ],
            [
              120.6352574,
              31.3281214
            ],
            [
              120.6352178,
              31.3281205
            ],
            [
              120.6351686,
              31.3281194
            ],
            [
              120.6351681,
              31.3277734
            ],
            [
              120.635224,
              31.3275021
            ],
            [
              120.6351922,
              31.3274946
            ],
            [
              120.635205,
              31.3274376
            ]
          ]
        ]
      }
    },
    {
      "type": "Feature",
      "properties": {
        "osm": true,
        "sourceId": "osm-way-1145006307",
        "sourceName": "齐门（重建城墙）",
        "period": "明",
        "sourceUrl": "https://www.openstreetmap.org/way/1145006307",
        "referenceUrl": "https://www.suzhou.gov.cn/szsrmzf/zfwj/201904/f239e95032694f2d87a88d151a6e7e40.shtml",
        "status": "现状遗构／修缮展示标绘 · 原始 OSM 几何",
        "note": "齐门段现状展示墙体；修复古城景观不等同古代城墙原状保存。 保留原始OSM坐标，不表示春秋城墙、元代全城边界或法定保护区实测。",
        "label": "齐门（重建城墙）",
        "periods": [
          "明",
          "清"
        ],
        "research": true,
        "city": "苏州",
        "family": "period",
        "capitalSiteKey": "ancient-site:苏州:31.29890,120.58530",
        "capitalSiteName": "苏州"
      },
      "geometry": {
        "type": "Polygon",
        "coordinates": [
          [
            [
              120.6273002,
              31.3320319
            ],
            [
              120.6273187,
              31.3319661
            ],
            [
              120.6269059,
              31.3318766
            ],
            [
              120.6241129,
              31.331485
            ],
            [
              120.6229524,
              31.3313155
            ],
            [
              120.622954,
              31.331351
            ],
            [
              120.6231049,
              31.3313694
            ],
            [
              120.6230957,
              31.3314234
            ],
            [
              120.6233191,
              31.3314563
            ],
            [
              120.6233129,
              31.3314826
            ],
            [
              120.6234392,
              31.331501
            ],
            [
              120.6234485,
              31.3314786
            ],
            [
              120.6241802,
              31.3315839
            ],
            [
              120.6241771,
              31.3316023
            ],
            [
              120.6243189,
              31.3316194
            ],
            [
              120.6243235,
              31.3315997
            ],
            [
              120.6250291,
              31.3316958
            ],
            [
              120.625026,
              31.3317155
            ],
            [
              120.6251538,
              31.3317326
            ],
            [
              120.62516,
              31.3317155
            ],
            [
              120.6258748,
              31.331826
            ],
            [
              120.6258686,
              31.3318484
            ],
            [
              120.6259965,
              31.3318655
            ],
            [
              120.6260042,
              31.3318418
            ],
            [
              120.6267236,
              31.3319497
            ],
            [
              120.626719,
              31.3319668
            ],
            [
              120.6268453,
              31.3319826
            ],
            [
              120.626853,
              31.3319602
            ],
            [
              120.6273002,
              31.3320319
            ]
          ]
        ]
      }
    },
    {
      "type": "Feature",
      "properties": {
        "osm": true,
        "sourceId": "osm-relation-15476072",
        "sourceName": "盘门两翼城墙（现状标绘）",
        "period": "元",
        "periods": [
          "元",
          "明",
          "清"
        ],
        "sourceUrl": "https://www.openstreetmap.org/relation/15476072",
        "referenceUrl": "https://dfzb.suzhou.gov.cn/dfzb/fzxh/201010/dac10c8400b347af8cad9ae1f9985489.shtml",
        "status": "多期遗构及修缮现状 · OSM multipolygon",
        "note": "原始盘门城墙关系由两块外环、两处内孔组成，按OSM成员拼接并保留孔洞。盘门及两翼为元、明、清陆续修建并经现代维修的遗构，此范围不是1351年或1363年逐段城墙实测，更不能套为吴国都城城界。",
        "research": true,
        "city": "苏州",
        "family": "period",
        "capitalSiteKey": "ancient-site:苏州:31.29890,120.58530",
        "capitalSiteName": "苏州"
      },
      "geometry": {
        "type": "MultiPolygon",
        "coordinates": [
          [
            [
              [
                120.6395299,
                31.2927195
              ],
              [
                120.6395671,
                31.2925955
              ],
              [
                120.6398626,
                31.292659
              ],
              [
                120.6398803,
                31.2926998
              ],
              [
                120.6406908,
                31.2928752
              ],
              [
                120.6407492,
                31.2928752
              ],
              [
                120.6407881,
                31.292848
              ],
              [
                120.640896,
                31.2929674
              ],
              [
                120.6408553,
                31.2929947
              ],
              [
                120.6408323,
                31.2930975
              ],
              [
                120.6408659,
                31.293102
              ],
              [
                120.6408111,
                31.2933334
              ],
              [
                120.6407739,
                31.2933319
              ],
              [
                120.6407297,
                31.2935164
              ],
              [
                120.6406324,
                31.2935028
              ],
              [
                120.6406147,
                31.2935693
              ],
              [
                120.6405846,
                31.2935632
              ],
              [
                120.6406483,
                31.2933062
              ],
              [
                120.6406731,
                31.2933077
              ],
              [
                120.640735,
                31.2930355
              ],
              [
                120.6406642,
                31.2929599
              ],
              [
                120.6397005,
                31.2927404
              ],
              [
                120.6396485,
                31.2927285
              ],
              [
                120.6396449,
                31.2927452
              ],
              [
                120.6395299,
                31.2927195
              ]
            ]
          ],
          [
            [
              [
                120.6132987,
                31.2897338
              ],
              [
                120.6137169,
                31.2896685
              ],
              [
                120.6140977,
                31.2895998
              ],
              [
                120.6143767,
                31.2895883
              ],
              [
                120.6145725,
                31.2895792
              ],
              [
                120.614838,
                31.2896456
              ],
              [
                120.6149748,
                31.2896685
              ],
              [
                120.6154971,
                31.2896999
              ],
              [
                120.6154844,
                31.2898175
              ],
              [
                120.6153584,
                31.2898084
              ],
              [
                120.6153611,
                31.289774
              ],
              [
                120.6144116,
                31.2896983
              ],
              [
                120.6141755,
                31.2897029
              ],
              [
                120.6139556,
                31.2897396
              ],
              [
                120.6136701,
                31.28981
              ],
              [
                120.6135561,
                31.2898229
              ],
              [
                120.6134624,
                31.2898307
              ],
              [
                120.6133104,
                31.2898359
              ],
              [
                120.6122886,
                31.2897923
              ],
              [
                120.61204,
                31.2897691
              ],
              [
                120.6120388,
                31.2897745
              ],
              [
                120.6122735,
                31.2897955
              ],
              [
                120.6122676,
                31.2898329
              ],
              [
                120.6120466,
                31.2898174
              ],
              [
                120.6119094,
                31.2897985
              ],
              [
                120.6119018,
                31.289598
              ],
              [
                120.611875,
                31.2893556
              ],
              [
                120.6118621,
                31.2892259
              ],
              [
                120.6118399,
                31.289179
              ],
              [
                120.6118084,
                31.289157
              ],
              [
                120.611652,
                31.2891366
              ],
              [
                120.6116641,
                31.2890621
              ],
              [
                120.6119296,
                31.2891045
              ],
              [
                120.6119658,
                31.2891274
              ],
              [
                120.6119926,
                31.2892421
              ],
              [
                120.6120946,
                31.2892329
              ],
              [
                120.6121241,
                31.2894094
              ],
              [
                120.6122823,
                31.2893819
              ],
              [
                120.6123561,
                31.2897108
              ],
              [
                120.6123972,
                31.2897148
              ],
              [
                120.6132987,
                31.2897338
              ]
            ],
            [
              [
                120.6120263,
                31.2897065
              ],
              [
                120.6120155,
                31.2894879
              ],
              [
                120.6122188,
                31.2894537
              ],
              [
                120.6122558,
                31.2896301
              ],
              [
                120.6122989,
                31.2896275
              ],
              [
                120.6123205,
                31.289717
              ],
              [
                120.6120263,
                31.2897065
              ]
            ],
            [
              [
                120.6120124,
                31.2894313
              ],
              [
                120.6119924,
                31.2892694
              ],
              [
                120.6120463,
                31.2892641
              ],
              [
                120.6120787,
                31.2894234
              ],
              [
                120.6120124,
                31.2894313
              ]
            ]
          ]
        ]
      }
    },
    {
      "type": "Feature",
      "properties": {
        "sourceId": "osm-node-8034431020",
        "sourceName": "相门（重建城门定位）",
        "label": "相门（重建）",
        "period": "明",
        "periods": [
          "明",
          "清"
        ],
        "sourceUrl": "https://www.openstreetmap.org/node/8034431020",
        "sourceTitle": "OSM 相门定位与苏州古城墙修复资料",
        "referenceUrl": "https://tiyuju.suzhou.gov.cn/szsports/zhzx/201604/d73ecbadff264395b89ee0e5405932b7.shtml",
        "status": "现代重建城门定位参照",
        "note": "相门为2010—2013年保护修缮工程中的重建城门，定位作现状参照；不是古代城楼实测点。",
        "research": true,
        "city": "苏州",
        "family": "period",
        "capitalSiteKey": "ancient-site:苏州:31.29890,120.58530",
        "capitalSiteName": "苏州"
      },
      "geometry": {
        "type": "Point",
        "coordinates": [
          120.6364609,
          31.3136086
        ]
      }
    },
    {
      "type": "Feature",
      "properties": {
        "sourceId": "suzhou-zicheng-street-reference",
        "sourceName": "苏州子城（道路四至参照）",
        "label": "苏州子城（四至参照）",
        "period": "元",
        "periods": [
          "元",
          "宋辽金西夏"
        ],
        "inferredBoundary": true,
        "sourceUrl": "https://dfzb.suzhou.gov.cn/dfzb/fzxh/200903/cfb4658783564f05b89c8cd81c332f78.shtml",
        "sourceTitle": "苏州地方志：子城四至；OSM现代道路对应",
        "referenceUrl": "https://dfzb.suzhou.gov.cn/dfzb/fzxh/200903/e5f127b3a02842ee8c553bcfb1a5b2c8.shtml",
        "status": "文献地望 · 现代道路四至参考",
        "note": "文献所述子城区域东至今公园路、西至锦帆路、南至十梓街、北至干将路。按这些现代道路的现状标绘围合，仅作宋图子城与元末王府地望的区域参考，不是宋、元宫墙或春秋吴王宫实测。王府基等地望有文献记载，具体元末宫界未接入；吴国都城范围亦有研究争议，故不以此面为春秋宫城。",
        "research": true,
        "city": "苏州",
        "family": "period",
        "capitalSiteKey": "ancient-site:苏州:31.29890,120.58530",
        "capitalSiteName": "苏州"
      },
      "geometry": {
        "type": "Polygon",
        "coordinates": [
          [
            [
              120.619671,
              31.3087683
            ],
            [
              120.6200909,
              31.3088236
            ],
            [
              120.6201615,
              31.3088337
            ],
            [
              120.6202819,
              31.308851
            ],
            [
              120.6203,
              31.3088536
            ],
            [
              120.6204858,
              31.3088802
            ],
            [
              120.6207005,
              31.3089113
            ],
            [
              120.6211042,
              31.3089831
            ],
            [
              120.6212293,
              31.3090054
            ],
            [
              120.6221579,
              31.3091707
            ],
            [
              120.6225537,
              31.3092371
            ],
            [
              120.6227535,
              31.309268
            ],
            [
              120.6230955,
              31.3093242
            ],
            [
              120.6232725,
              31.3093586
            ],
            [
              120.6234629,
              31.3094021
            ],
            [
              120.6241841,
              31.3095595
            ],
            [
              120.6242918,
              31.3088182
            ],
            [
              120.6244045,
              31.3081558
            ],
            [
              120.6250701,
              31.3057792
            ],
            [
              120.625275,
              31.3051847
            ],
            [
              120.6253311,
              31.3049574
            ],
            [
              120.6254855,
              31.3040545
            ],
            [
              120.6254929,
              31.3039933
            ],
            [
              120.6253499,
              31.3039777
            ],
            [
              120.6251809,
              31.3039525
            ],
            [
              120.6249845,
              31.3039152
            ],
            [
              120.6245891,
              31.3038398
            ],
            [
              120.6243065,
              31.3037852
            ],
            [
              120.6240879,
              31.3037485
            ],
            [
              120.6239511,
              31.3037268
            ],
            [
              120.6237593,
              31.3037004
            ],
            [
              120.623585,
              31.3036786
            ],
            [
              120.6233556,
              31.3036531
            ],
            [
              120.622769,
              31.3035935
            ],
            [
              120.6225027,
              31.3035652
            ],
            [
              120.6222452,
              31.3035514
            ],
            [
              120.6220092,
              31.3035411
            ],
            [
              120.6216793,
              31.3035297
            ],
            [
              120.6213486,
              31.3035224
            ],
            [
              120.6204067,
              31.3035366
            ],
            [
              120.6202707,
              31.3044392
            ],
            [
              120.6202426,
              31.3046133
            ],
            [
              120.6201549,
              31.3051577
            ],
            [
              120.6199587,
              31.3063747
            ],
            [
              120.619883,
              31.307314
            ],
            [
              120.6198621,
              31.3075722
            ],
            [
              120.6198356,
              31.3078101
            ],
            [
              120.6197816,
              31.308152
            ],
            [
              120.6197698,
              31.3082234
            ],
            [
              120.6196984,
              31.3086564
            ],
            [
              120.619671,
              31.3087683
            ]
          ]
        ]
      }
    },
    {
      "type": "Feature",
      "properties": {
        "sourceId": "handan-zhao-west-city",
        "sourceName": "赵王城·西城（图示范围）",
        "period": "周",
        "research": true,
        "city": "邯郸",
        "family": "period",
        "capitalSiteKey": "ancient-site:邯郸:36.62560,114.53910",
        "capitalSiteName": "邯郸",
        "sourceUrl": "https://commons.wikimedia.org/wiki/File:Palace_of_Zhao_City_site_plan.jpg",
        "referenceUrl": "https://www.hbswwkg.com/2024-07/19/content_9209483.html",
        "status": "文献平面图轮廓 · 近似配准",
        "note": "赵王城的西城，属于赵都宫城区，不是大北城；城内龙台为大型夯土建筑基址。 根据《邯郸简史》47页宫城平面图近似配准；用北城两处土基与西城龙台现状标绘中心作三点统一尺度旋转拟合，匹配残差约9—20米，不能理解为城墙实测精度。闭合面跨过原图门口，只表示城圈，不将门口画成现存墙体；不是法定保护区。",
        "inferredBoundary": false,
        "license": "CC BY-SA 4.0（来源文件标注）",
        "sourceTitle": "《邯郸简史》赵都宫城平面图；我乃野云鹤摄图",
        "label": "赵王城·西城（图示范围）"
      },
      "geometry": {
        "type": "Polygon",
        "coordinates": [
          [
            [
              114.426737114,
              36.581643404
            ],
            [
              114.427141301,
              36.581728844
            ],
            [
              114.442597367,
              36.581984792
            ],
            [
              114.442866989,
              36.569470926
            ],
            [
              114.442594541,
              36.569061166
            ],
            [
              114.442167217,
              36.568833029
            ],
            [
              114.427444449,
              36.568686157
            ],
            [
              114.42698297,
              36.56902754
            ],
            [
              114.42679394,
              36.569778683
            ],
            [
              114.426618911,
              36.581092717
            ],
            [
              114.426737114,
              36.581643404
            ]
          ]
        ]
      }
    },
    {
      "type": "Feature",
      "properties": {
        "sourceId": "handan-zhao-north-city",
        "sourceName": "赵王城·北城（图示范围）",
        "period": "周",
        "research": true,
        "city": "邯郸",
        "family": "period",
        "capitalSiteKey": "ancient-site:邯郸:36.62560,114.53910",
        "capitalSiteName": "邯郸",
        "sourceUrl": "https://commons.wikimedia.org/wiki/File:Palace_of_Zhao_City_site_plan.jpg",
        "referenceUrl": "https://www.hbswwkg.com/2024-07/19/content_9209483.html",
        "status": "文献平面图轮廓 · 近似配准",
        "note": "王城北小城，不能与东北部居民、商业城“大北城”混同。原图多数墙线为地下墙址，用虚线表示；局部地上墙段另标。 根据《邯郸简史》47页宫城平面图近似配准；用北城两处土基与西城龙台现状标绘中心作三点统一尺度旋转拟合，匹配残差约9—20米，不能理解为城墙实测精度。闭合面跨过原图门口，只表示城圈，不将门口画成现存墙体；不是法定保护区。",
        "inferredBoundary": true,
        "license": "CC BY-SA 4.0（来源文件标注）",
        "sourceTitle": "《邯郸简史》赵都宫城平面图；我乃野云鹤摄图",
        "label": "赵王城·北城（图示范围）"
      },
      "geometry": {
        "type": "Polygon",
        "coordinates": [
          [
            [
              114.437301225,
              36.581931959
            ],
            [
              114.437104475,
              36.594650073
            ],
            [
              114.437448223,
              36.595365827
            ],
            [
              114.438050411,
              36.595758525
            ],
            [
              114.438833445,
              36.595929153
            ],
            [
              114.446277224,
              36.596410453
            ],
            [
              114.447370639,
              36.596177136
            ],
            [
              114.452047437,
              36.595307945
            ],
            [
              114.451515132,
              36.593674465
            ],
            [
              114.450180908,
              36.589814604
            ],
            [
              114.450575494,
              36.588882342
            ],
            [
              114.451819692,
              36.588731937
            ],
            [
              114.452234268,
              36.588145861
            ],
            [
              114.453378836,
              36.58624418
            ],
            [
              114.453542843,
              36.582195743
            ],
            [
              114.437301225,
              36.581931959
            ]
          ]
        ]
      }
    },
    {
      "type": "Feature",
      "properties": {
        "sourceId": "handan-zhao-east-city",
        "sourceName": "赵王城·东城（图示范围）",
        "period": "周",
        "research": true,
        "city": "邯郸",
        "family": "period",
        "capitalSiteKey": "ancient-site:邯郸:36.62560,114.53910",
        "capitalSiteName": "邯郸",
        "sourceUrl": "https://commons.wikimedia.org/wiki/File:Palace_of_Zhao_City_site_plan.jpg",
        "referenceUrl": "https://www.hbswwkg.com/2024-07/19/content_9209483.html",
        "status": "文献平面图轮廓 · 近似配准",
        "note": "赵王城东城，东北部及东垣多为原图地下墙址；闭合面虚线表示研究轮廓，地上可见南垣另标。 根据《邯郸简史》47页宫城平面图近似配准；用北城两处土基与西城龙台现状标绘中心作三点统一尺度旋转拟合，匹配残差约9—20米，不能理解为城墙实测精度。闭合面跨过原图门口，只表示城圈，不将门口画成现存墙体；不是法定保护区。",
        "inferredBoundary": true,
        "license": "CC BY-SA 4.0（来源文件标注）",
        "sourceTitle": "《邯郸简史》赵都宫城平面图；我乃野云鹤摄图",
        "label": "赵王城·东城（图示范围）"
      },
      "geometry": {
        "type": "Polygon",
        "coordinates": [
          [
            [
              114.442597367,
              36.581984792
            ],
            [
              114.453542843,
              36.582195743
            ],
            [
              114.453912722,
              36.574669147
            ],
            [
              114.454223261,
              36.572616681
            ],
            [
              114.45288022,
              36.572603283
            ],
            [
              114.452928385,
              36.569489888
            ],
            [
              114.452711654,
              36.56875505
            ],
            [
              114.452284645,
              36.568506565
            ],
            [
              114.44356755,
              36.568419604
            ],
            [
              114.442800412,
              36.568859698
            ],
            [
              114.442597367,
              36.581984792
            ]
          ]
        ]
      }
    },
    {
      "type": "Feature",
      "properties": {
        "sourceId": "handan-zhao-east-visible-wall",
        "sourceName": "赵王城·东城南垣及东南段（图示）",
        "period": "周",
        "research": true,
        "city": "邯郸",
        "family": "period",
        "capitalSiteKey": "ancient-site:邯郸:36.62560,114.53910",
        "capitalSiteName": "邯郸",
        "sourceUrl": "https://commons.wikimedia.org/wiki/File:Palace_of_Zhao_City_site_plan.jpg",
        "referenceUrl": "https://www.hbswwkg.com/2024-07/19/content_9209483.html",
        "status": "文献图示地上墙段 · 近似配准",
        "note": "按原图实线部分描绘，非地下墙址或整城面。 根据《邯郸简史》47页宫城平面图近似配准；用北城两处土基与西城龙台现状标绘中心作三点统一尺度旋转拟合，匹配残差约9—20米，不能理解为城墙实测精度。闭合面跨过原图门口，只表示城圈，不将门口画成现存墙体；不是法定保护区。"
      },
      "geometry": {
        "type": "LineString",
        "coordinates": [
          [
            114.44359289,
            36.568419857
          ],
          [
            114.452284645,
            36.568506565
          ],
          [
            114.452711654,
            36.56875505
          ],
          [
            114.452928385,
            36.569489888
          ],
          [
            114.452888405,
            36.572074209
          ]
        ]
      }
    },
    {
      "type": "Feature",
      "properties": {
        "sourceId": "handan-zhao-north-visible-wall",
        "sourceName": "赵王城·北城西垣地上段（图示）",
        "period": "周",
        "research": true,
        "city": "邯郸",
        "family": "period",
        "capitalSiteKey": "ancient-site:邯郸:36.62560,114.53910",
        "capitalSiteName": "邯郸",
        "sourceUrl": "https://commons.wikimedia.org/wiki/File:Palace_of_Zhao_City_site_plan.jpg",
        "referenceUrl": "https://www.hbswwkg.com/2024-07/19/content_9209483.html",
        "status": "文献图示地上墙段 · 近似配准",
        "note": "按原图实线部分描绘，非地下墙址或整城面。 根据《邯郸简史》47页宫城平面图近似配准；用北城两处土基与西城龙台现状标绘中心作三点统一尺度旋转拟合，匹配残差约9—20米，不能理解为城墙实测精度。闭合面跨过原图门口，只表示城圈，不将门口画成现存墙体；不是法定保护区。"
      },
      "geometry": {
        "type": "LineString",
        "coordinates": [
          [
            114.437190888,
            36.587425932
          ],
          [
            114.437197343,
            36.585370431
          ]
        ]
      }
    },
    {
      "type": "Feature",
      "properties": {
        "sourceId": "osm-way-584857492",
        "sourceName": "赵王城·龙台（现状土基）",
        "period": "周",
        "research": true,
        "city": "邯郸",
        "family": "period",
        "capitalSiteKey": "ancient-site:邯郸:36.62560,114.53910",
        "capitalSiteName": "邯郸",
        "sourceUrl": "https://www.openstreetmap.org/way/584857492",
        "referenceUrl": "https://www.hbswwkg.com/2024-07/19/content_9209483.html",
        "status": "现状遗迹标绘 · OSM",
        "note": "西城中部偏南的大型夯土基址；原始OSM名称为“遗址土基”，依据宫城平面图位置核对为龙台区域，不代表完整宫殿建筑复原。 OSM为现状标绘，不能据此确定古代建筑所有分期和保护区边界。",
        "osm": true,
        "license": "ODbL",
        "label": "赵王城·龙台（现状土基）"
      },
      "geometry": {
        "type": "Polygon",
        "coordinates": [
          [
            [
              114.434428,
              36.5738121
            ],
            [
              114.4346332,
              36.5737991
            ],
            [
              114.4356658,
              36.5737335
            ],
            [
              114.4366884,
              36.5736685
            ],
            [
              114.4367157,
              36.5719492
            ],
            [
              114.436721,
              36.571618
            ],
            [
              114.4345419,
              36.5716703
            ],
            [
              114.4345259,
              36.571972
            ],
            [
              114.434428,
              36.5738121
            ]
          ]
        ]
      }
    },
    {
      "type": "Feature",
      "properties": {
        "sourceId": "osm-way-585861056",
        "sourceName": "赵王城·北城西侧土基（现状）",
        "period": "周",
        "research": true,
        "city": "邯郸",
        "family": "period",
        "capitalSiteKey": "ancient-site:邯郸:36.62560,114.53910",
        "capitalSiteName": "邯郸",
        "sourceUrl": "https://www.openstreetmap.org/way/585861056",
        "referenceUrl": "https://www.hbswwkg.com/2024-07/19/content_9209483.html",
        "status": "现状遗迹标绘 · OSM",
        "note": "原始OSM“土基”范围；具体古代构筑物名称及用途未明确，保持通用名称。 OSM为现状标绘，不能据此确定古代建筑所有分期和保护区边界。",
        "osm": true,
        "license": "ODbL",
        "label": "赵王城·北城西侧土基（现状）"
      },
      "geometry": {
        "type": "Polygon",
        "coordinates": [
          [
            [
              114.4341787,
              36.5847072
            ],
            [
              114.4347972,
              36.5846686
            ],
            [
              114.4347325,
              36.583999
            ],
            [
              114.4341139,
              36.5840376
            ],
            [
              114.4341787,
              36.5847072
            ]
          ]
        ]
      }
    },
    {
      "type": "Feature",
      "properties": {
        "sourceId": "osm-way-584857421",
        "sourceName": "赵王城·北城东部土基（现状）",
        "period": "周",
        "research": true,
        "city": "邯郸",
        "family": "period",
        "capitalSiteKey": "ancient-site:邯郸:36.62560,114.53910",
        "capitalSiteName": "邯郸",
        "sourceUrl": "https://www.openstreetmap.org/way/584857421",
        "referenceUrl": "https://www.hbswwkg.com/2024-07/19/content_9209483.html",
        "status": "现状遗迹标绘 · OSM",
        "note": "原始OSM“赵王城土基”范围；不臆定为某座宫殿或附会北城全界。 OSM为现状标绘，不能据此确定古代建筑所有分期和保护区边界。",
        "osm": true,
        "license": "ODbL",
        "label": "赵王城·北城东部土基（现状）"
      },
      "geometry": {
        "type": "Polygon",
        "coordinates": [
          [
            [
              114.4411898,
              36.5853092
            ],
            [
              114.4422639,
              36.5852605
            ],
            [
              114.442292,
              36.584083
            ],
            [
              114.441899,
              36.5841144
            ],
            [
              114.4410731,
              36.5841805
            ],
            [
              114.4411898,
              36.5853092
            ]
          ]
        ]
      }
    },
    {
      "type": "Feature",
      "properties": {
        "sourceId": "osm-relation-18293823",
        "sourceName": "赵王城遗址公园·现代展示区",
        "period": "周",
        "research": true,
        "city": "邯郸",
        "family": "period",
        "capitalSiteKey": "ancient-site:邯郸:36.62560,114.53910",
        "capitalSiteName": "邯郸",
        "sourceUrl": "https://www.openstreetmap.org/relation/18293823",
        "referenceUrl": "https://www.hbswwkg.com/2024-07/19/content_9209483.html",
        "status": "现代公园范围 · OSM",
        "note": "赵王城西侧现代文化展示、公园区域，与古代西城位于不同位置，不能代替赵王城或大北城城界。",
        "osm": true,
        "license": "ODbL"
      },
      "geometry": {
        "type": "Polygon",
        "coordinates": [
          [
            [
              114.4225862,
              36.5672352
            ],
            [
              114.4223846,
              36.5672337
            ],
            [
              114.4215508,
              36.5672689
            ],
            [
              114.4203272,
              36.5673797
            ],
            [
              114.4186,
              36.5676981
            ],
            [
              114.418685,
              36.5742811
            ],
            [
              114.4227583,
              36.5742636
            ],
            [
              114.4266411,
              36.5742469
            ],
            [
              114.4266909,
              36.5726645
            ],
            [
              114.4268251,
              36.568403
            ],
            [
              114.4267402,
              36.5680392
            ],
            [
              114.4267968,
              36.5676867
            ],
            [
              114.4266694,
              36.567482
            ],
            [
              114.42635,
              36.5673792
            ],
            [
              114.4231339,
              36.5672392
            ],
            [
              114.4229712,
              36.567238
            ],
            [
              114.4228084,
              36.5672368
            ],
            [
              114.4225862,
              36.5672352
            ]
          ]
        ]
      }
    },
    {
      "type": "Feature",
      "properties": {
        "sourceId": "osm-way-488781902",
        "sourceName": "武灵丛台（现存修缮建筑）",
        "period": "周",
        "research": true,
        "city": "邯郸",
        "family": "period",
        "capitalSiteKey": "ancient-site:邯郸:36.62560,114.53910",
        "capitalSiteName": "邯郸",
        "sourceUrl": "https://www.openstreetmap.org/way/488781902",
        "referenceUrl": "https://www.hbswwkg.com/2024-07/19/content_9209483.html",
        "status": "现状遗迹标绘 · OSM",
        "note": "丛台历史地望位于大北城地区；此面为后世多次修缮的现存建筑，不能充作战国平台原始基底。 OSM为现状标绘，不能据此确定古代建筑所有分期和保护区边界。",
        "osm": true,
        "license": "ODbL",
        "label": "武灵丛台（现存修缮建筑）"
      },
      "geometry": {
        "type": "Polygon",
        "coordinates": [
          [
            [
              114.4843498,
              36.6158423
            ],
            [
              114.4844149,
              36.6158397
            ],
            [
              114.4844508,
              36.6162657
            ],
            [
              114.4847128,
              36.6162448
            ],
            [
              114.4847263,
              36.6162422
            ],
            [
              114.4847238,
              36.6162158
            ],
            [
              114.4848289,
              36.6162122
            ],
            [
              114.4848277,
              36.6162351
            ],
            [
              114.4848812,
              36.6162492
            ],
            [
              114.4849311,
              36.6162744
            ],
            [
              114.4849662,
              36.6163093
            ],
            [
              114.4849875,
              36.6163567
            ],
            [
              114.4849912,
              36.6164109
            ],
            [
              114.4849662,
              36.6164569
            ],
            [
              114.4849154,
              36.6165028
            ],
            [
              114.4848637,
              36.6165325
            ],
            [
              114.4844917,
              36.6166158
            ],
            [
              114.4845547,
              36.6169884
            ],
            [
              114.4844538,
              36.617008
            ],
            [
              114.4843675,
              36.616488
            ],
            [
              114.4843529,
              36.6161051
            ],
            [
              114.4843498,
              36.6158423
            ]
          ]
        ]
      }
    },
    {
      "type": "Feature",
      "properties": {
        "sourceId": "osm-way-142769371",
        "sourceName": "大北城·赵苑地区参照",
        "period": "周",
        "research": true,
        "city": "邯郸",
        "family": "period",
        "capitalSiteKey": "ancient-site:邯郸:36.62560,114.53910",
        "capitalSiteName": "邯郸",
        "sourceUrl": "https://www.openstreetmap.org/way/142769371",
        "referenceUrl": "https://www.hbswwkg.com/2024-07/19/content_9209483.html",
        "status": "现状遗迹标绘 · OSM",
        "note": "以赵苑现代公园中心作为大北城西北遗迹群地区参照，附近有铸箭炉、梳妆楼等遗存。此点不是这些遗迹各自的坐标；大北城不是赵王城北小城。完整战国城界尚未接入，南垣位置及战汉分期详见2017年考古论文。 OSM为现状标绘，不能据此确定古代建筑所有分期和保护区边界。",
        "osm": true,
        "license": "ODbL",
        "label": "大北城·赵苑地区参照"
      },
      "geometry": {
        "type": "Point",
        "coordinates": [
          114.46661835,
          36.6237439
        ]
      }
    }
  ]
}
