{"type":"FeatureCollection","features":[{"type":"Feature","properties":{"id":"rift-1","category":"rift","featureType":"ContinentalRift","name":"Somalia Africa boundary from PB03 GS","polarity":"","active":"","source":"EarthByte GPlates Müller et al. 2019"},"geometry":{"type":"LineString","coordinates":[[44.331,16.4008],[42.02440000000001,12.602500000000001],[40.7839,10.0954],[39.49680000000001,8.7245],[38.0696,6.929910000000012],[37.36921949967805,6.461409344747319]]}},{"type":"Feature","properties":{"id":"rift-2","category":"rift","featureType":"ContinentalRift","name":"Victoria-Rovuma (Stamps et al 2008)","polarity":"","active":"","source":"EarthByte GPlates Müller et al. 2019"},"geometry":{"type":"LineString","coordinates":[[33.31954636450718,-13.60923225898518],[33.98490000000002,-12.165500000000012],[34.6489,-10.938699999999999],[35.262999999999984,-9.836619999999996],[35.812099999999994,-9.21789],[36.38560000000001,-8.62527],[36.8389,-7.900130000000001],[37.4734,-7.7641699999999885],[37.8359,-7.446920000000014],[38.1078,-6.8124300000000115],[38.69700000000001,-5.770040000000018],[39.78170000000001,-4.100749999999998],[39.954800000000006,-4.01042]]}},{"type":"Feature","properties":{"id":"rift-3","category":"rift","featureType":"ContinentalRift","name":"Victoria - Somalia","polarity":"","active":"","source":"EarthByte GPlates Müller et al. 2019"},"geometry":{"type":"LineString","coordinates":[[37.36528501139809,-8.63540394033613],[36.97849999999998,-8.118810000000003],[36.6587,-7.496939999999998],[36.2323,-6.501950000000015],[35.894700000000014,-5.38259],[35.379400000000004,-4.085559999999995],[35.125509277549675,-3.4866087539853954]]}},{"type":"Feature","properties":{"id":"fault-4","category":"fault","featureType":"Fault","name":"Kamchatka","polarity":"","active":"","source":"EarthByte GPlates Müller et al. 2019"},"geometry":{"type":"LineString","coordinates":[[163.909,62.636900000000296],[161.05,60.96610000000024],[159.138,60.11180000000026],[157.959,59.54010000000025],[156.658,58.51080000000026],[155.002,57.033300000000246],[154.776,55.189500000000194],[155.027,53.1857000000002],[155.495,51.451300000000195],[155.66920297987534,50.48055821511529],[155.897,49.14770000000017],[156.16,48.26060000000015],[156.529,47.32760000000015],[157.4633943843593,45.26814634753641]]}},{"type":"Feature","properties":{"id":"fault-5","category":"fault","featureType":"Fault","name":"PAC NAM 2 SAF MG 4-28-07","polarity":"","active":"","source":"EarthByte GPlates Müller et al. 2019"},"geometry":{"type":"LineString","coordinates":[[-124.766,41.01420000000001],[-124.62,40.9575],[-124.489,40.9029],[-124.343,40.8459],[-124.19299999999998,40.78880000000001],[-124.0,39.99999999999999],[-123.9,39.5],[-123.70000000000002,38.99999999999999],[-123.19999999999999,38.5],[-122.75,38.0],[-122.3,37.5],[-121.70000000000002,37.0],[-121.04099999999998,36.46600000000001],[-120.411,35.866499999999995],[-119.70999999999998,35.1742],[-119.20200000000001,34.7911],[-118.64800000000001,34.3161],[-118.021,33.7701],[-117.16700000000002,33.1466],[-116.169,32.4438],[-115.71300000000001,32.112999999999985],[-115.297,31.604000000000003],[-114.679,31.059900000000003],[-113.599,30.527499999999996]]}},{"type":"Feature","properties":{"id":"orogenic-belt-6","category":"orogenic-belt","featureType":"OrogenicBelt","name":"Southern limit of Greater India deformation, After Bird (2001)","polarity":"","active":"","source":"EarthByte GPlates Müller et al. 2019"},"geometry":{"type":"LineString","coordinates":[[57.57652142554117,25.040200627446893],[63.93763986786653,26.67857285862981],[65.79391443107588,27.91470958879049],[67.08680710185217,29.0001301754768],[68.31050000000002,29.878000000000792],[69.47144772690878,30.8481856442845],[70.10100000000004,31.459400000000816],[70.43940000000002,32.4310000000009],[70.94209999999997,32.94710000000094],[71.39199999999994,33.47680000000093],[71.84740000000004,34.004800000001005],[72.45910000000003,34.68220000000104],[73.0296,34.17590000000091],[73.59330000000003,33.66690000000094],[74.31420000000001,33.15940000000091],[75.08940000000001,32.88060000000093],[75.67490000000002,32.18940000000087],[75.722,31.63330000000085],[76.521,31.153700000000907],[77.00669999999998,30.737600000000842],[77.6407,30.558000000000774],[78.07619999999997,30.2261000000008],[78.42240000000004,29.886900000000782],[78.91180000000001,29.677600000000833],[79.1969,29.393400000000756],[79.7898,29.14280000000081],[80.22649999999999,29.093000000000835],[80.54650000000001,28.97500000000082],[81.04300000000002,28.79020000000075],[81.36100000000003,28.41350000000077],[82.20040000000002,28.16690000000077],[82.93540000000003,27.88150000000074],[83.66670000000002,27.59290000000071],[84.1585,27.451900000000734],[84.64910000000002,27.30910000000071],[85.62190000000001,27.170400000000726],[86.25150000000001,27.09460000000071],[86.4809,26.737200000000705],[86.8204,26.668300000000734],[87.2186,27.022000000000716],[87.74500000000002,26.90890000000071],[88.32,26.885000000000677],[89.28210000000001,27.026800000000712],[89.77240000000002,26.847200000000733],[90.32940000000002,26.937000000000687],[91.25800000000002,27.007500000000718],[91.78120000000001,27.03290000000075],[92.30470000000003,27.056400000000732],[93.23340000000002,27.116500000000716],[93.57040000000002,27.109800000000753],[94.18900000000001,27.500800000000734],[94.8287,27.91820000000073],[95.46570000000001,28.183200000000767],[96.23450000000001,28.13490000000078],[96.79160000000002,28.109900000000767],[97.3484,28.08260000000077],[98.33217458272128,28.2630481940479],[100.32580590951328,28.161399507073224],[101.98866212227864,28.664552829836264],[103.94137935402655,28.84845507518072],[106.43224080823745,28.484379287625025],[106.83994391775072,28.39723771470543]]}},{"type":"Feature","properties":{"id":"fracture-zone-7","category":"fracture-zone","featureType":"FractureZone","name":"Dead Sea F& Arab-Turk Suture NUVEL file., DB 04-2007","polarity":"","active":"","source":"EarthByte GPlates Müller et al. 2019"},"geometry":{"type":"LineString","coordinates":[[50.77310000000009,44.387400000000525],[49.718711368641024,44.472557099503874],[47.92905232332786,44.28729249970296],[45.58813810413921,44.06420380338358],[43.908017002118065,44.246713050213955],[42.37132072878262,43.87863446076174],[41.5290325818167,43.13293909139181],[40.800563738329025,42.28137842692033],[40.25039701698654,41.27930110901129],[39.91202169773076,40.06559326329244],[39.557792210219915,38.981755130385174],[39.09459468715738,38.535094576901635],[38.50000000000005,38.20000000000067],[37.899999999999935,37.90000000000072],[37.39999999999999,37.50000000000058],[36.800000000000054,37.20000000000057],[36.30000000000003,36.700000000000536],[35.89999999999994,36.40000000000057],[35.60000000000004,35.90000000000048],[35.8,35.70000000000055],[35.70000000000004,34.900000000000574],[35.49999999999992,34.000000000000476],[35.199999999999996,32.90000000000048],[34.99999999999997,32.100000000000385],[35.00000000000002,31.300000000000516],[34.90000000000001,30.800000000000455],[34.89999999999996,30.000000000000437],[34.90000000000003,29.50000000000043],[34.70000000000001,29.000000000000437],[34.49999999999996,28.400000000000396],[34.19999999999999,27.90000000000038],[34.19999999999995,27.1000000000004],[33.84589999999999,26.673100000000346],[33.579599999999985,26.424100000000404]]}},{"type":"Feature","properties":{"id":"other-8","category":"other","featureType":"UnclassifiedFeature","name":"MACQUARIE","polarity":"","active":"true","source":"EarthByte GPlates Müller et al. 2019"},"geometry":{"type":"LineString","coordinates":[[160.027,-64.62799999999861],[160.436,-63.57249999999867],[160.755,-63.038099999998664],[160.743,-62.16119999999869],[160.848,-61.52069999999875],[160.183,-60.258399999998815],[160.004,-60.07959999999878],[159.72900000000004,-59.737499999998676],[159.109,-59.51699999999884],[158.48,-59.16459999999882],[158.069,-58.81309999999887],[157.693,-58.37219999999887],[157.564,-58.04609999999891],[157.481,-57.71209999999895],[157.489,-57.45339999999893],[157.442,-57.261899999998924],[157.46,-57.21259999999892],[157.578,-57.10379999999896],[157.732,-56.89039999999896],[157.804,-56.64079999999897],[157.866,-56.42989999999899],[157.865,-56.248099999999],[157.883,-56.136599999998985],[157.883,-56.07059999999896],[157.919,-56.01459999999898],[158.037,-55.994199999998955],[158.192,-55.97879999999895],[158.31,-55.953199999998986],[158.48300000000003,-55.86109999999901],[158.528,-55.84069999999902],[158.755,-55.73809999999902],[158.973,-55.671199999999004],[159.208,-55.428799999998986],[159.308,-55.25259999999901],[159.371,-55.070499999999],[159.47,-54.80879999999904],[159.559,-54.524199999999034],[159.603,-54.21109999999909],[159.684,-53.87939999999904],[159.783,-53.65319999999905],[160.209,-53.14219999999909],[160.499,-52.82939999999909],[160.879,-52.54189999999912],[161.142,-52.30829999999914],[161.369,-52.0958999999991],[161.723,-51.797899999999125],[161.94,-51.63969999999914],[162.148,-51.32169999999913],[162.356,-50.967099999999135],[162.51,-50.69639999999916],[162.754,-50.313699999999166],[162.917,-50.09769999999918],[163.062,-49.90429999999918],[163.216,-49.7335999999992],[163.343,-49.591899999999185],[163.46,-49.491299999999235],[163.542,-49.4022999999992],[163.651,-49.313099999999196],[163.832,-49.182099999999195],[164.004,-48.972999999999224],[164.131,-48.780999999999224],[164.266,-48.49779999999919],[164.393,-48.261599999999206],[164.483,-48.06689999999923],[164.583,-47.84709999999923],[164.663,-47.62009999999927],[165.15640077812085,-46.80259122875969],[166.21765894122893,-46.641092566562904]]}},{"type":"Feature","properties":{"id":"fracture-zone-9","category":"fracture-zone","featureType":"FractureZone","name":"Northern most NAN PAC f NUMVEL file MG 4-28-07","polarity":"","active":"","source":"EarthByte GPlates Müller et al. 2019"},"geometry":{"type":"LineString","coordinates":[[-145.672,60.72209999999996],[-141.708,60.095299999999995],[-141.076,59.908599999999986],[-140.398,59.72389999999995],[-139.728,59.535799999999995],[-139.16300000000004,59.308499999999995],[-138.4,59.00000000000001],[-137.4,58.5],[-136.9,58.00000000000001],[-136.3,57.000000000000014],[-135.9,55.99999999999999],[-134.9,54.99999999999999],[-134.3,53.99999999999998],[-133.2,53.0],[-131.836,51.93789999999999],[-131.1,51.49999999999999],[-130.182,51.0691]]}},{"type":"Feature","properties":{"id":"fracture-zone-10","category":"fracture-zone","featureType":"FractureZone","name":"Owen FZ from NUVEL file, DB 04-2007","polarity":"","active":"","source":"EarthByte GPlates Müller et al. 2019"},"geometry":{"type":"LineString","coordinates":[[54.30000160050518,5.198433282435687],[54.886742145656484,6.179596853021862],[57.799946347548634,11.702984917609397],[59.72602546172792,15.334966039711336],[61.01425922226929,18.701951638555823],[63.46459639712989,22.69006056474873],[66.21412195663339,26.013862252832098],[68.37644013290105,29.138513887088333],[68.94819968845728,30.153730086697447],[70.2758809083006,32.30702177958171],[71.05342984576684,33.49354046889829],[71.89418545042366,34.63976430515549],[72.42482726462062,35.94553723920593]]}},{"type":"Feature","properties":{"id":"ridge-11","category":"ridge","featureType":"MidOceanRidge","name":"Aden Ridge from NUVEL file (MG)","polarity":"","active":"","source":"EarthByte GPlates Müller et al. 2019"},"geometry":{"type":"LineString","coordinates":[[40.78606594485525,11.450790559956078],[42.67247912820995,11.836392269374157],[43.930787780718404,12.182624785714996],[46.52851522173937,12.523280073844338],[46.723856415407084,12.826346181678998],[48.42429813084151,12.952554233046698],[49.01864024955504,13.361686862019726],[50.01842947035398,13.476889877936873],[50.41421515019843,13.782908040218095],[51.420500185322375,13.497997926945342],[52.398348336439845,15.012754710522142],[53.00259739022903,14.821679578682446],[53.19980140590596,15.0246131801061],[54.00600178276117,14.736423458163946],[54.69326554995685,15.64655511565467],[56.31046190415887,14.769796637404877],[56.50780727864854,14.972641833724795],[57.725388799343875,13.989828965945918],[58.53884884224939,13.201178561452153],[59.258527864145236,12.457033658378567],[59.94867322866343,11.752408040318446],[61.28465387096272,10.541610086201032]]}},{"type":"Feature","properties":{"id":"inferred-boundary-12","category":"inferred-boundary","featureType":"InferredPaleoBoundary","name":"Bndy Bonin-Mariana","polarity":"","active":"","source":"EarthByte GPlates Müller et al. 2019"},"geometry":{"type":"LineString","coordinates":[[138.93000926347509,23.963197264644368],[140.59200000000004,24.176899999999847],[141.067,24.203299999999853],[141.89900000000006,24.244999999999852],[142.48300000000003,24.489499999999854],[143.193,24.626299999999848],[143.908,24.649799999999853],[144.621,24.778099999999842],[145.212,25.009199999999844]]}},{"type":"Feature","properties":{"id":"inferred-boundary-13","category":"inferred-boundary","featureType":"InferredPaleoBoundary","name":"Bndy from Mar to Sikoku","polarity":"","active":"","source":"EarthByte GPlates Müller et al. 2019"},"geometry":{"type":"LineString","coordinates":[[137.037,24.3177],[140.226,25.069099999999995],[141.36700000000002,25.2782],[145.44202356288807,26.485608801267066]]}},{"type":"Feature","properties":{"id":"inferred-boundary-14","category":"inferred-boundary","featureType":"InferredPaleoBoundary","name":"Hunter FractureZone DiCaprio","polarity":"","active":"","source":"EarthByte GPlates Müller et al. 2019"},"geometry":{"type":"LineString","coordinates":[[-167.105,-10.553999999999991],[-169.294,-11.6619],[-174.00773816733755,-13.127669847067784],[-175.81346637247458,-14.584780195231925],[179.516,-17.8233],[176.17902226866468,-21.23116704183746],[172.7406621820219,-23.15934756874362],[170.10752425283246,-24.64041922564915]]}},{"type":"Feature","properties":{"id":"inferred-boundary-15","category":"inferred-boundary","featureType":"InferredPaleoBoundary","name":"Indonesian bndy w IND-mg","polarity":"","active":"","source":"EarthByte GPlates Müller et al. 2019"},"geometry":{"type":"LineString","coordinates":[[98.56222784456789,39.00066948540953],[98.27350419457544,34.88850317804702],[98.0525565530406,32.928278175009915],[97.64288406072924,30.17473285998422],[97.16904408279,28.538667826605312],[95.99887730187075,26.63613526271991],[94.36602571287364,24.692330852913315],[93.77989849202147,22.434162727604985],[94.18160000000002,19.788100000001123],[93.82837658913,17.320309526221767],[93.10387358216337,14.664752329516888],[89.0551055177975,9.177432606553458]]}},{"type":"Feature","properties":{"id":"inferred-boundary-16","category":"inferred-boundary","featureType":"InferredPaleoBoundary","name":"ManusTrench DiCaprio","polarity":"","active":"","source":"EarthByte GPlates Müller et al. 2019"},"geometry":{"type":"LineString","coordinates":[[151.7626249449164,-0.6530033202488417],[149.483,-0.6737850000000014],[147.476,-0.3111370000000007],[145.909,-0.3970710000000008],[144.427,-0.7980180000000038],[143.796,-0.7220230000000014],[142.877,-1.0078000000000067],[141.696,-1.445000000000003],[140.823,-1.3400300000000027],[140.083,-1.647580000000008],[139.711,-1.9384900000000038],[138.94,-2.486760000000004],[138.143,-2.971450000000007],[137.621,-3.458870000000007],[136.628,-3.6576600000000226],[134.926,-4.856720000000011],[133.878,-5.783300000000011]]}},{"type":"Feature","properties":{"id":"inferred-boundary-17","category":"inferred-boundary","featureType":"InferredPaleoBoundary","name":"Morocco","polarity":"","active":"","source":"EarthByte GPlates Müller et al. 2019"},"geometry":{"type":"LineString","coordinates":[[-44.74403085344964,35.17488566266088],[-33.3708,35.16170000000018],[-28.663300000000007,35.484900000000174],[-25.318400000000008,35.63700000000018],[-22.294699999999995,35.82320000000017],[-18.862700000000004,36.00360000000017],[-15.624099999999999,36.22930000000017],[-11.209745032097425,36.787836463326066],[-9.884583153865282,36.85866613799303],[-7.886023784644864,36.555554320610945],[-4.688076876735154,36.41365835047641],[0.2897130000000012,36.66090000000017],[4.9913199999999955,36.17890000000017],[7.781169999999989,35.65000000000017],[10.873299999999999,34.804900000000174],[21.844234868201752,32.04434027078283]]}},{"type":"Feature","properties":{"id":"inferred-boundary-18","category":"inferred-boundary","featureType":"InferredPaleoBoundary","name":"Near Vitius tr-MG-5-24-07","polarity":"","active":"","source":"EarthByte GPlates Müller et al. 2019"},"geometry":{"type":"LineString","coordinates":[[164.66083869807147,-14.011434845974964],[166.14635542995234,-13.793333683107587],[168.22042408336674,-13.495733638632995],[168.575134546207,-13.517729613383311],[168.59170704020806,-13.597477562025068],[169.2340578359555,-13.652473251355007],[169.24281204577582,-13.79777336732857],[169.74101425890115,-13.817617070064411],[169.73808305164414,-13.953994693823876],[170.6223401135806,-13.953201108873209],[170.64103061203588,-14.086766029797827],[171.2851638008564,-14.063843624750952],[171.29082961808626,-13.801392234338755],[171.96447233344153,-13.688829333192169],[172.31166955998847,-13.483751777883114],[172.43382564081642,-13.435318941368896],[173.95156165786716,-12.715511705730647]]}},{"type":"Feature","properties":{"id":"inferred-boundary-19","category":"inferred-boundary","featureType":"InferredPaleoBoundary","name":"NewLine-1","polarity":"","active":"","source":"EarthByte GPlates Müller et al. 2019"},"geometry":{"type":"LineString","coordinates":[[-179.13807645963098,-24.17071590785891],[-177.35169400644682,-24.10135842533238],[-175.70795843225892,-23.83507520928472],[-173.56943169787618,-23.614264739475445]]}},{"type":"Feature","properties":{"id":"inferred-boundary-20","category":"inferred-boundary","featureType":"InferredPaleoBoundary","name":"Philippine Plate from NUVEL","polarity":"","active":"","source":"EarthByte GPlates Müller et al. 2019"},"geometry":{"type":"LineString","coordinates":[[119.277,-10.21539999999967],[122.42600000000003,-9.664799999999692],[123.86299999999999,-8.825199999999716],[125.35,-7.403299999999777],[127.007,-5.571499999999816],[128.291,-4.173399999999881],[129.37599999999998,-2.7382999999999145],[130.97362161792145,-1.222985696039241],[131.48620038806644,0.4235456041422986],[131.93418982286695,1.5449414961650885],[132.3747212904918,2.969476770711564],[133.0011609448262,5.333443463881331],[134.01850053991672,6.551795473940135],[135.4,7.79999999999975],[136.7,8.099999999999742],[137.8,8.799999999999722],[138.59999999999997,10.099999999999676],[138.913,10.938199999999654],[139.324,11.666599999999626],[139.79000000000002,12.676699999999592],[140.20299999999997,13.562399999999556],[141.22800000000004,13.092099999999576]]}},{"type":"Feature","properties":{"id":"inferred-boundary-21","category":"inferred-boundary","featureType":"InferredPaleoBoundary","name":"LauColville LT","polarity":"","active":"","source":"EarthByte GPlates Müller et al. 2019"},"geometry":{"type":"LineString","coordinates":[[178.91800000000003,-4.31785],[179.741,-8.28905],[-179.428,-14.4075],[-178.031,-19.27880000000001],[-178.274,-22.459400000000006],[-179.526,-30.420600000000015],[176.787,-36.43749999999999],[174.24800000000002,-38.9968]]}},{"type":"Feature","properties":{"id":"ridge-22","category":"ridge","featureType":"MidOceanRidge","name":"Ridge f iso on  at 4.8Ma","polarity":"","active":"","source":"EarthByte GPlates Müller et al. 2019"},"geometry":{"type":"LineString","coordinates":[[139.54807761400323,27.24637678865422],[142.8248829884751,22.84982139594674],[144.38828173316958,20.43841341337278],[144.5597225944063,20.219964869327526],[144.6713345519674,20.26830719196867],[145.16873655622854,19.463421046213274],[145.3525325122725,19.56366676558685],[145.5710838938906,19.067438575807298],[145.81201340836375,18.467655566262273],[145.6577040399713,18.38677144961556],[145.93647339842738,17.38067645673264],[145.76484033731694,17.227895286292416],[145.0350989283539,15.030376096669759],[144.089543027492,13.192650186693497],[143.11874210828293,10.486254102356176]]}},{"type":"Feature","properties":{"id":"ridge-23","category":"ridge","featureType":"MidOceanRidge","name":"Ridge from iso A5 from NorthAmerica 10.9Ma","polarity":"","active":"","source":"EarthByte GPlates Müller et al. 2019"},"geometry":{"type":"LineString","coordinates":[[-26.64530771093476,45.30424649992582],[-27.07872440030439,43.88745878785742],[-27.148550036928775,43.72821252590611],[-27.433563794580937,43.76351935011867],[-27.64941766861568,43.01596262935394],[-27.655272568092194,42.7343392528526],[-27.68643925827187,42.389727756096796],[-27.646307823885884,42.21696456235855],[-27.610703103116492,41.98718521617213],[-27.644619502739197,41.74016524275754],[-27.685349605150286,41.51362206943834],[-27.800357460588867,41.24782254206191],[-27.85050795743854,41.09184824796982],[-27.86148612966627,40.93050880161805],[-27.67669863762245,40.879345268489054],[-27.77118871371938,40.557115875612624],[-27.80656115972821,40.35769195772256],[-28.01510540891903,40.36537552378313],[-28.145056452942566,39.01051741740007],[-28.33171776474107,39.03668128609716],[-28.664979396352777,38.35214556740703],[-28.82876250162446,37.99969062283719],[-28.971821331735267,37.99431043760319],[-29.363343467948777,37.24619820982402],[-29.692929606478316,37.273708978806255],[-29.808674130961954,36.93632559563284],[-31.005556849726233,37.17235647362699],[-31.14486161687886,36.77201035195389],[-31.30548193964712,36.789501750587654],[-31.418449638084073,36.374942022248206],[-31.504880288112215,36.381470013467386],[-31.650789079411496,36.09540997564668],[-31.895346151494884,36.13794681144023],[-32.05868681669465,35.88713779587498],[-32.319016243759066,35.250129515440335],[-32.667986241874736,35.304761444916096],[-32.92524404628737,34.64857582556881],[-34.18772742650017,34.88132483693145],[-34.37278225931484,34.27268233530041],[-34.96650730790008,34.37007434224475],[-35.15386448526891,33.74003773937717],[-35.49580787854509,33.806473352493576],[-35.81283260374386,33.126684103971655],[-35.87555104787808,33.13210999829713],[-37.44510452331634,33.390464701050874],[-37.84431313624812,32.75491584796915],[-37.665433588255915,32.71148247151639],[-39.06112503286709,30.818506902546194],[-39.20426313018429,30.840750978253766],[-39.50099654114241,30.432317086972017],[-39.63185039862452,30.44709675979322],[-40.252084567973114,29.637295930771604],[-40.676922329347164,29.697790282868194],[-40.94658195585018,29.065158006568925],[-41.107699229217694,29.092484834482875],[-41.45452201198543,28.429187065190398],[-41.752338250896734,28.483412881839246],[-42.87851311823839,25.64302759301097],[-42.964399040516724,25.64434351038989],[-43.325684627327774,24.831474346403095],[-43.67736409202884,24.887639518565756],[-43.951739416862196,24.182872225631126],[-44.2634389456046,24.242238421395662],[-44.50966973846381,23.54134230511876],[-43.271935407308696,23.26258348769171],[-43.33618765582139,22.254145436577666],[-43.373602942574806,22.25266675594159],[-43.4404168976284,21.45612455085737],[-43.75557695119363,21.505169059610445],[-44.036100764608555,20.314690359667193],[-43.72762770873883,20.238123727689043],[-43.91537143716494,19.424835157308678],[-43.95262120224984,19.433358858526827],[-44.070664582436564,18.54141578429436],[-44.22736025051225,17.996296644881962],[-44.31164546132709,18.010326626731473],[-44.502220148831654,17.2405428673653],[-44.44967369270588,17.225247836971807],[-44.90748692279633,15.143437264192293],[-45.72948649301509,12.133953681454189]]}},{"type":"Feature","properties":{"id":"ridge-24","category":"ridge","featureType":"MidOceanRidge","name":"Arctic","polarity":"","active":"","source":"EarthByte GPlates Müller et al. 2019"},"geometry":{"type":"LineString","coordinates":[[-2.059606225215677,81.3985157681476],[-2.19125634424159,82.11680306503868],[-2.7746352442739313,82.46028062076219],[-0.6644822144687224,83.04167574031142],[2.1512671329486075,83.43022060680971],[5.462646606691693,83.79927719695195],[7.914341117440091,84.04902638011926],[9.900696067373886,84.28226806852686],[12.497651942147927,84.54925912538391],[15.925069100392466,84.80628477374046],[20.378817804608726,85.10859591036876],[23.98266989455951,85.28589640896881],[27.013308143614356,85.34914440720515],[31.16239688164384,85.4420744080606],[33.729221754001706,85.48059593562441],[36.5684168007602,85.61361613560288],[40.93610046967202,85.90140239646375],[45.63993058641863,86.06746851262002],[49.919597877264344,86.23322936779],[54.43873769618638,86.33608013807125],[56.52972470573445,86.41171301394783],[59.13962719046531,86.4988881450265],[60.96488542456403,86.39575349488747],[63.29239368471368,86.20564300448204],[66.26894213240003,86.099286954773],[69.25004133960208,85.8330877016851],[72.67229418082684,85.59258927781916],[76.37105586376202,85.40124018492916],[81.0988097787054,85.19276768640603],[84.58657268961002,85.11575776066813],[91.70979989726875,84.89044632656991],[94.21620411450773,84.71826180372811],[97.11217912658775,84.65385001628746],[100.19233687100319,84.44730861562128],[102.22043624882149,84.2444362010698],[106.99232100255651,83.83208210785325],[112.1633266935918,83.29688985991568],[113.2218806987735,82.98927855345461],[114.90411237266791,82.58594752310404],[115.63387676558469,82.25907056963555],[116.40048984851032,81.84311486391427],[116.8662034239983,81.49864957981829],[117.93144457569335,81.2360130341763],[119.74497999721142,80.56440085831949],[119.73534040041841,80.22604447938376],[121.10197272459627,79.8426001198264],[122.12023405246981,79.60271618531515],[122.92443799270409,79.35735976003261],[123.65588811680162,79.00716605991275],[124.20505739244437,78.41163587875664],[124.32549302021837,78.03945351352235],[124.46688022250534,77.58620879849428],[124.79866471278775,76.99094276096243],[126.23513870948634,76.1792003408522],[127.35322528814899,75.68777720434882],[131.08299120075108,74.11782071693942],[133.16030089916856,73.1019544413364],[135.30729048549782,70.05363325358593],[137.11058071157316,68.07974811636103],[138.5065544407932,65.1965465496824],[139.5915200138492,63.47830306899562],[140.9879199079439,60.36045569748687],[142.31917805978725,58.37069739073935],[143.24399193521094,56.22096519235274],[145.22985613263114,54.585532090389826],[146.90225527939808,53.41731951528105],[149.08352173291811,51.09366075248963],[151.28002943058914,49.1207235652219],[152.29685404135347,47.82578057797358],[153.3881403228428,46.84404615724749],[154.1107239409529,46.00309895360651],[156.40422851190954,44.113589586556984],[157.16913129747226,43.7139789431788]]}},{"type":"Feature","properties":{"id":"ridge-25","category":"ridge","featureType":"MidOceanRidge","name":"Greenland - Eurasia","polarity":"","active":"","source":"EarthByte GPlates Müller et al. 2019"},"geometry":{"type":"LineString","coordinates":[[-8.004663296006257,70.17373322790553],[-7.333653060339153,71.02518395012358],[-6.715198346927165,71.49370918495737],[-6.011657675768397,71.57736733142147],[-5.494732618182316,71.66261205090149],[-3.923711045668009,71.87122521746707],[-2.165687361695934,72.15607435252132],[-0.48613082594790674,72.42393075541801],[2.142308814122135,72.8169745856958],[3.156163020096406,72.98444217495835],[4.280431642819591,73.19934284954371],[5.4752177359040815,73.41394975556928],[6.429835841660361,73.63827306843078],[7.080242332192658,73.86069532518391],[7.574698501972736,74.11961485444434],[7.619159798007926,74.29052966020768],[7.464654489427865,74.49556227634565],[6.603720669661802,74.90196029863242],[6.906374496566133,75.04631695452247],[5.5159252888574155,75.29973867446532],[6.03354959889913,75.45525914415569],[6.695268514956768,75.6287223771786],[6.934372376333101,75.7250185068354],[5.951654538861618,75.89907566117563],[6.27848434557924,76.0761069004135],[5.221953988578713,76.35194400429569],[5.615081015903408,76.57136118246578],[6.051591285552518,76.73027469707874],[6.012301824361968,76.95168934633269],[5.597660158837232,77.02864524208658],[5.608516433465265,77.60261126949065],[4.49699165301304,77.79296636834567],[5.73560314965521,78.42699482053881],[4.816534816872263,78.63376289372488],[2.526686799925823,78.95682911453835],[1.7689487314274417,79.3139952262834],[1.4962206658795452,79.43845600537331],[1.6942738242342812,79.68973244176125],[0.6457130211527773,79.9144395536501],[-1.6516654602517287,80.32129038278049],[-3.094255932001816,80.51143035888578],[-2.7709626808690775,81.13671143185931],[-4.1533011024128035,81.51990673486928],[-6.6295370773752165,82.06351125734295],[-7.834124862064439,82.53728466055324],[-9.096674914474372,82.80936633145325]]}},{"type":"Feature","properties":{"id":"ridge-26","category":"ridge","featureType":"MidOceanRidge","name":"MOR extended for closure AT","polarity":"","active":"","source":"EarthByte GPlates Müller et al. 2019"},"geometry":{"type":"LineString","coordinates":[[-173.8761569913195,-67.29554875528913],[-173.27731501377193,-67.87190653496978],[171.82731488749053,-71.98088687277324]]}},{"type":"Feature","properties":{"id":"ridge-27","category":"ridge","featureType":"MidOceanRidge","name":"Porcupine MOR","polarity":"","active":"","source":"EarthByte GPlates Müller et al. 2019"},"geometry":{"type":"LineString","coordinates":[[-28.01424244609643,53.07255900316365],[-28.159158914305205,51.98628436186554],[-28.22451850902491,51.07168677712573],[-27.939320378881117,50.988448262205374],[-27.89439785393074,50.14934618550713],[-26.50098838255303,49.927838469193055],[-26.34063915665281,49.26390770861386],[-26.26364265017421,49.15509422652468],[-26.13898728599617,49.02344422518183],[-26.008149119078983,48.858135586735585],[-25.89787283413506,48.690014985587084],[-25.867838077285494,48.55322853152043],[-25.885846833793103,48.376575844038264],[-25.693518742391475,48.34252246764484],[-25.705940295024483,48.14501702180945],[-25.624470991328966,48.03506604235223],[-25.558986176370873,47.95216322116836],[-25.50851607473025,47.855795826509905],[-25.31593048333206,47.131582105546094],[-25.346177500219294,46.657214723533606],[-25.48303779090724,46.097408574029934],[-25.82618567403248,45.32526227616327],[-26.454861603807135,44.29760794304536],[-27.25173043513337,44.397817922849775]]}},{"type":"Feature","properties":{"id":"ridge-28","category":"ridge","featureType":"MidOceanRidge","name":"Red sea rift from NUVEL file (MG)","polarity":"","active":"true","source":"EarthByte GPlates Müller et al. 2019"},"geometry":{"type":"LineString","coordinates":[[33.9212942725342,29.10452265302649],[34.369032497819376,28.31929483063926],[34.880367732005034,27.605294581077427],[35.2424420860429,27.130159966800772],[36.2875206142179,26.082065606799446],[37.18966487281428,24.552370671087623],[38.171189252846425,23.61712563476639],[39.265227607986084,20.485226641779956],[40.64351924049903,19.136953981465272],[42.28449764050695,16.944920274851572],[43.02486947056379,15.65565634593556],[43.98427856053013,14.270758657742043],[44.6352284691346,13.107122028557653],[44.84902159370033,12.81583406803077],[45.39205372976456,12.18461362854009],[46.08197286708406,11.47096596571264]]}},{"type":"Feature","properties":{"id":"ridge-29","category":"ridge","featureType":"MidOceanRidge","name":"SouthAmerica North America BOUNDARY from BIRD 2002 model","polarity":"","active":"true","source":"EarthByte GPlates Müller et al. 2019"},"geometry":{"type":"LineString","coordinates":[[-44.43749934839667,14.517709989670424],[-48.94955019397071,15.773567218183834],[-50.94041037116767,16.03888747994141],[-52.86492607409875,16.7077047908708],[-55.94229690609616,16.844272191269262],[-58.98933711757006,16.896713523820413],[-61.28020940206377,16.781051570793352],[-63.64822457180359,16.59843929191765],[-71.30840876063169,18.774808060325974]]}},{"type":"Feature","properties":{"id":"subduction-30","category":"subduction","featureType":"SubductionZone","name":"COCOS - NORTH AMERICA TRENCH 1","polarity":"Right","active":"true","source":"EarthByte GPlates Müller et al. 2019"},"geometry":{"type":"LineString","coordinates":[[-93.47,14.1929],[-94.425,14.5573],[-95.2041,14.860299999999995],[-95.8,14.999999999999998],[-96.4,15.1],[-97.0,15.2],[-97.6,15.300000000000002],[-98.30000000000001,15.599999999999996],[-98.8,15.800000000000002],[-99.40000000000002,16.1],[-99.9,16.3],[-100.7,16.599999999999998],[-101.4,16.9],[-102.1,17.19999999999998],[-102.9,17.6],[-103.6,17.999999999999993],[-104.3,18.400000000000002],[-104.8,18.900000000000002],[-105.2,19.200000000000003],[-105.6,19.6],[-105.7,20.2],[-105.7,20.60000000000001],[-105.6,21.200000000000003],[-105.9,21.6],[-106.2,21.899999999999995],[-109.177,24.02500000000001]]}},{"type":"Feature","properties":{"id":"subduction-31","category":"subduction","featureType":"SubductionZone","name":"Halmahera Subduction","polarity":"Left","active":"true","source":"EarthByte GPlates Müller et al. 2019"},"geometry":{"type":"LineString","coordinates":[[117.93352231665915,15.454093683547503],[120.3069346455605,12.18297819326168],[121.81372897343493,9.239500820255213],[122.85648104562594,7.692202892845944],[123.61935084445189,5.900508617615764],[125.51772080474173,4.145890667978176],[127.29842919099258,2.746980804775591],[126.873,0.054935000000020745],[126.94300000000003,-1.5811800000006495],[127.35613984713203,-2.4329639674283796],[128.00189224371962,-3.1670663365788085]]}},{"type":"Feature","properties":{"id":"subduction-32","category":"subduction","featureType":"SubductionZone","name":"Hikurangi& Kermadec TR","polarity":"Left","active":"true","source":"EarthByte GPlates Müller et al. 2019"},"geometry":{"type":"LineString","coordinates":[[168.744,-42.74690000000022],[171.27,-42.73000000000019],[171.86,-42.61000000000023],[172.6,-42.480000000000196],[173.13,-42.39000000000023],[173.72,-42.290000000000205],[174.31,-42.20000000000019],[174.98,-42.12000000000018],[175.5,-42.060000000000194],[176.08,-41.91000000000019],[176.68,-41.7500000000002],[177.12,-41.66000000000021],[177.6,-41.50000000000019],[178.02,-41.19000000000017],[178.29,-40.80000000000019],[178.56,-40.420000000000186],[178.79,-40.090000000000195],[178.95,-39.68000000000019],[179.9148355078259,-37.19421374424217],[-178.6263165793731,-34.98866759037287],[-178.18937083624823,-33.838117244673974],[-177.9971398681607,-33.60986686776232],[-177.6274280100449,-32.60408876515533],[-177.1790259043105,-31.27742883084328],[-175.999,-25.829700000000113],[-175.51917675084928,-24.215321343521623]]}},{"type":"Feature","properties":{"id":"subduction-33","category":"subduction","featureType":"SubductionZone","name":"Indonesian bndy w AUS-mg","polarity":"Left","active":"true","source":"EarthByte GPlates Müller et al. 2019"},"geometry":{"type":"LineString","coordinates":[[89.9391558144742,21.281602599463632],[91.63560043577314,15.925135372324341],[91.7638105296031,10.47397240468271],[92.0644,7.100300000000039],[93.4348,4.525800000000012],[95.745,1.4585000000000026],[98.0509,-1.7904999999999955],[100.038,-4.494900000000005],[101.66900000000001,-6.345200000000014],[102.09770418232243,-6.9363820750654295],[104.27611225225726,-8.718627257679637],[104.99822750232568,-9.209126855155796]]}},{"type":"Feature","properties":{"id":"subduction-34","category":"subduction","featureType":"SubductionZone","name":"Izu Bonin Trench","polarity":"Left","active":"true","source":"EarthByte GPlates Müller et al. 2019"},"geometry":{"type":"LineString","coordinates":[[142.285,22.876599999999875],[142.941,23.72139999999988],[143.0,24.999999999999865],[143.0,25.99999999999986],[143.2,26.999999999999847],[143.2,27.999999999999854],[142.8,28.999999999999844],[142.5,29.999999999999826],[142.2,30.999999999999822],[142.0,32.99999999999981],[142.0,33.99999999999982],[142.0,34.9999999999998],[141.767,36.65389999999979],[141.675,38.44319999999976],[141.508,40.00249999999975],[141.566,41.76489999999974],[140.62155219393244,45.864424180850804]]}},{"type":"Feature","properties":{"id":"subduction-35","category":"subduction","featureType":"SubductionZone","name":"Japan sub zone fromEarthByte cob MG 4-20-07","polarity":"Right","active":"","source":"EarthByte GPlates Müller et al. 2019"},"geometry":{"type":"LineString","coordinates":[[146.065,44.593900000000005],[144.47439431493666,44.08563168517589],[144.2113208259229,42.7567964091112],[144.29056686161942,40.53594524036814],[143.9858670336132,38.92895188392126],[143.62358542666934,37.894522497543946],[143.01501429826467,36.76024688789376],[142.2997175192538,35.8458990047785],[142.0293296939209,35.28535003320363],[141.92847602567633,35.1598047410961],[141.70213059657257,35.11058160017274],[141.16384418732247,34.93801821155134],[139.84873149623982,34.60448414548897],[139.23771298022888,34.204612607563675],[138.5308316974445,33.75269687383481],[136.51595055300703,32.480817321941174],[134.94141287666724,31.770491909262002],[134.058,31.204900000000006],[133.012,30.361399999999996],[130.53424982894296,29.345210190044213],[127.54038650820539,28.09259261981562],[124.80401345529397,27.26386177560763]]}},{"type":"Feature","properties":{"id":"subduction-36","category":"subduction","featureType":"SubductionZone","name":"Kalimantan subduction boundary (inferred)","polarity":"Right","active":"","source":"EarthByte GPlates Müller et al. 2019"},"geometry":{"type":"LineString","coordinates":[[117.44809865089006,3.8729016184930427],[120.85700000000003,6.533909999999883],[122.05617125744918,7.927274114585856],[123.71398790265252,8.671872022472144],[128.1545764895326,11.952215517341784]]}},{"type":"Feature","properties":{"id":"subduction-37","category":"subduction","featureType":"SubductionZone","name":"Kamchatka SZ from EarthByte COB at 0Ma -- MG 4/20/07","polarity":"Right","active":"","source":"EarthByte GPlates Müller et al. 2019"},"geometry":{"type":"LineString","coordinates":[[170.142,61.98940000000002],[168.78,60.42079999999999],[164.363,55.58749999999999],[163.29541934458635,54.264948598881126],[161.1802349784595,52.19643666814617],[160.32364928392096,51.29127191538175],[159.35415505494063,50.48460703012469],[156.40978089414048,48.60954991598685],[155.11868045660316,47.47346594785425],[154.46897807430068,46.797331942352926],[152.56532691029898,45.50487065322438],[150.93869066480562,44.8086634402066],[149.5455142270066,44.02364779092267],[148.08665782673538,43.229681535927355],[146.02313159848725,42.08655089469969],[144.9040003392762,41.53069201931056],[143.50132152267645,40.457043187841705],[142.0059603472457,39.317626449732046]]}},{"type":"Feature","properties":{"id":"subduction-38","category":"subduction","featureType":"SubductionZone","name":"Marianas Trench-NUVEL","polarity":"Left","active":"true","source":"EarthByte GPlates Müller et al. 2019"},"geometry":{"type":"LineString","coordinates":[[133.26854813282634,7.088376192727404],[134.7096537268073,6.971430889621566],[136.6687510605976,7.255929430033591],[137.34697741046645,7.648980602922441],[137.85572143741777,8.258045613023535],[138.49657123392288,9.413061496941888],[138.94989835888958,10.812506296130358],[140.7328206261748,10.845668350358073],[142.3,11.199999999999141],[144.80000000000004,12.299999999999077],[146.60000000000002,13.899999999998938],[147.30000000000004,15.599999999998804],[147.3,17.49999999999862],[147.3,18.79999999999854],[147.3,19.999999999998447],[147.0,20.999999999998384],[146.19999999999996,21.999999999998266],[145.0,22.999999999998156],[144.0,23.999999999998096],[143.00000000000006,24.999999999998018],[141.411,26.198399999997914]]}},{"type":"Feature","properties":{"id":"subduction-39","category":"subduction","featureType":"SubductionZone","name":"NewBritainTrench DiCaprio","polarity":"Right","active":"true","source":"EarthByte GPlates Müller et al. 2019"},"geometry":{"type":"LineString","coordinates":[[154.32847695240318,-9.305125661131347],[152.3952801102901,-7.803333180718613],[151.16317876165795,-7.0825180815622035],[149.78283200104894,-7.033514633060277],[148.35188533004526,-7.228327201554281],[146.92684906994106,-6.767677397515451],[145.56074708563332,-5.638760737881396],[144.51712741234542,-4.829572750097494],[143.58061982430206,-4.123567716786147],[142.99942533933125,-3.6185532594495795],[141.76633064139398,-2.9265290106354946],[140.84639011868515,-2.241405390712088],[139.9716362648255,-1.6773736920653906],[139.18915198774377,-0.8402169362807456],[138.42135947935253,0.10037784796154875],[137.41757143027672,0.6948991462135062],[136.87880280618867,1.103645376388447],[136.8255266934953,1.3503962360854413]]}},{"type":"Feature","properties":{"id":"subduction-40","category":"subduction","featureType":"SubductionZone","name":"NewBritian TR-MG-5-22-07","polarity":"Right","active":"true","source":"EarthByte GPlates Müller et al. 2019"},"geometry":{"type":"LineString","coordinates":[[157.277,-5.231800000000012],[154.855,-5.932200000000014],[153.18689906544276,-5.771972000978304],[152.57144190572475,-5.65329512105606],[151.91185756649068,-5.919450781906955],[151.56998632006184,-6.174893988912818],[151.04873495723393,-6.5133871490659585],[150.31472152244677,-6.827960513359908],[149.3875048253203,-7.030298843656301],[148.598,-7.589600000000037],[147.356,-7.93420000000002],[145.933,-8.34640000000002],[144.589,-8.526900000000023],[143.469,-8.54250000000002],[143.042,-8.550300000000021],[141.09244756610468,-8.931825546442754]]}},{"type":"Feature","properties":{"id":"subduction-41","category":"subduction","featureType":"SubductionZone","name":"New Hebrides Trench","polarity":"Right","active":"true","source":"EarthByte GPlates Müller et al. 2019"},"geometry":{"type":"LineString","coordinates":[[173.885,-23.407099999999986],[172.06,-23.1684],[170.54100000000003,-22.822600000000005],[170.327,-22.6987],[169.217,-21.7287],[168.156,-20.004100000000005],[168.007,-19.7636],[167.491,-18.4796],[167.06163936436508,-17.433805227269318],[166.94700000000003,-17.0937],[166.804,-16.8323],[166.224,-15.559499999999982],[166.19800000000004,-15.342600000000004],[166.244,-14.339700000000011],[165.908,-12.8754],[165.508,-11.6845],[165.23512696576213,-11.390118732664895],[164.88989549688407,-11.200694994563843],[164.511,-11.0871],[164.272,-11.117200000000004],[163.997,-11.1617],[163.694,-11.2004],[163.307,-11.2606],[163.149,-11.290700000000003],[160.601,-11.6646],[157.04,-12.4767]]}},{"type":"Feature","properties":{"id":"subduction-42","category":"subduction","featureType":"SubductionZone","name":"NewHebrides VanuatuTrench DiCaprio","polarity":"Left","active":"true","source":"EarthByte GPlates Müller et al. 2019"},"geometry":{"type":"LineString","coordinates":[[164.46,-8.685209999999998],[165.8737831537638,-12.623045128493864],[166.19925211325207,-13.968849624092513],[166.23752814564492,-14.876608566263325],[166.653,-16.280499999999996],[167.594,-18.3399],[168.556,-20.2436],[169.536,-21.3832],[170.274,-21.6829],[170.938,-22.286099999999998],[171.607,-22.8113]]}},{"type":"Feature","properties":{"id":"subduction-43","category":"subduction","featureType":"SubductionZone","name":"Northern most NAN PAC f NUMVEL file MG 4-28-07","polarity":"Left","active":"true","source":"EarthByte GPlates Müller et al. 2019"},"geometry":{"type":"LineString","coordinates":[[-137.94913296652325,57.125200302162646],[-136.5,56.00000000000018],[-135.5,55.00000000000015],[-134.34900000000002,54.188800000000164],[-132.455,53.71410000000015],[-130.844,52.91230000000013],[-129.598,52.38110000000014],[-128.509,51.31840000000011],[-127.628,50.53630000000014],[-127.16599999999998,49.85800000000011],[-126.27299999999998,49.07160000000011],[-125.515,47.93040000000012],[-124.034,46.77950000000012],[-123.528,45.55370000000013],[-122.69500000000001,44.060300000000105],[-122.89200000000001,42.7902000000001],[-122.736,41.51180000000009]]}},{"type":"Feature","properties":{"id":"subduction-44","category":"subduction","featureType":"SubductionZone","name":"North Sulawesi Subduction","polarity":"Right","active":"true","source":"EarthByte GPlates Müller et al. 2019"},"geometry":{"type":"LineString","coordinates":[[117.813,0.578427999999998],[119.621,1.3454999999999935],[120.904,1.4876299999999936],[122.884,1.4990899999999945],[125.71700000000001,1.8323399999999936],[126.67300000000002,1.9165199999999913],[127.86320249435992,3.358537077277353]]}},{"type":"Feature","properties":{"id":"subduction-45","category":"subduction","featureType":"SubductionZone","name":"Okinawa Trough (Ryuku) from EarthByte cob MG 4-20-07","polarity":"Left","active":"true","source":"EarthByte GPlates Müller et al. 2019"},"geometry":{"type":"LineString","coordinates":[[114.42399999999998,27.042799999997644],[115.58728025338631,25.886515931376284],[116.90190940298073,24.769257615294958],[118.09522033611746,24.035071025032966],[119.56796873823531,23.484915576776352],[121.23689901100693,23.27250637652329],[123.56946462269303,23.1976965417297],[125.53015154109745,23.510723289286403],[126.61049926418832,23.98713118101384],[128.46215674217896,25.516932285460445],[129.73146133632042,26.67227762014368],[130.21399999999997,27.245499999997655],[130.7304209204258,28.000697535094307],[131.1266380255828,28.805964576202456],[131.72363469365976,29.558400761806414],[132.19102720372425,30.17878641828437],[132.77703190847365,30.895841303500305],[134.03196816666753,32.38616081188447],[136.355342003078,39.578862519408425]]}},{"type":"Feature","properties":{"id":"subduction-46","category":"subduction","featureType":"SubductionZone","name":"SanCristobalTrench DiCaprio","polarity":"Right","active":"true","source":"EarthByte GPlates Müller et al. 2019"},"geometry":{"type":"LineString","coordinates":[[167.29913164249342,-10.009760597047],[166.88128576951104,-10.131579592712948],[166.28476095855498,-10.37467202755572],[165.6519782902438,-10.730301303872054],[164.566661296643,-11.105048151864294],[164.4496338389375,-11.085786130644342],[164.33347243348402,-11.115038814351589],[163.75772614509506,-11.196274653329022],[163.32303132763573,-11.26757381541703],[162.2420898878121,-11.438726594784397],[161.99832763555668,-11.411617040886014],[161.3619259300268,-11.22813598547286],[161.14746105337045,-11.145710242547791],[160.7894136775045,-10.854137456487425],[160.50574108902717,-10.640208769912007],[160.04951068980003,-10.367787074940018],[159.48224447525484,-10.01437132069131],[159.21555414154912,-9.83896173665691],[159.1253188825122,-9.733420954653491],[159.02323881848238,-9.65921194384573],[158.76401705101074,-9.552844038941084],[158.4889554099631,-9.485583705150646],[157.80852545739708,-9.103675892011845],[157.33358055146584,-8.848850041478242],[156.69931143340892,-8.562662336794894],[156.29496650129857,-8.17528654987423],[156.02027547209315,-7.859085592602889],[155.039,-7.075300000002804],[153.8938886305097,-6.243220838374379],[153.54452868765907,-5.946297227475665],[150.7239948712542,-4.839816929224611],[148.92759334972425,-3.6197893399756653],[148.50044148131263,-3.157624680679985],[147.86787914532343,-2.8573715090129657],[146.92692992692787,-2.7741846429777004],[145.77463776088334,-2.592201860982693],[144.9401778515312,-2.61292564914224],[144.16331863408018,-2.842344622680346],[143.03175274552143,-3.4485566365738833],[142.19643746059558,-3.4190293666183207],[140.71519268971142,-3.8926498868274466]]}},{"type":"Feature","properties":{"id":"subduction-47","category":"subduction","featureType":"SubductionZone","name":"So Melanesian-MG-5-20-07","polarity":"Right","active":"true","source":"EarthByte GPlates Müller et al. 2019"},"geometry":{"type":"LineString","coordinates":[[163.341,-12.12400000000001],[163.153,-11.9808],[162.793,-11.773900000000012],[161.982,-11.3625],[160.686,-10.6123],[159.87700000000004,-10.198000000000004],[158.718,-9.3633],[155.80895479083176,-7.673053442792669],[155.00956392032953,-7.051546359611485],[153.92979744940075,-6.253788544411858],[152.57994052116808,-4.050805547119387],[152.0672284396297,-3.596300256233696],[150.85111371430241,-2.6072483002415225],[149.63828368889585,-1.5730468047756945]]}},{"type":"Feature","properties":{"id":"subduction-48","category":"subduction","featureType":"SubductionZone","name":"Tonga-Kermadec-MG","polarity":"Right","active":"true","source":"EarthByte GPlates Müller et al. 2019"},"geometry":{"type":"LineString","coordinates":[[179.53490507022934,-15.12371003602264],[-179.39205549459064,-14.963680609884566],[-178.56680854409703,-14.790991751757307],[-177.5900800828694,-14.67550197881269],[-176.75304550125222,-14.661262599829964],[-175.90816299315046,-14.513144957337767],[-174.43641710273354,-14.300298366475618],[-173.44129289480958,-14.610226309207045],[-172.78196015565686,-15.011145231347548],[-172.30915524368245,-15.493706778297469],[-172.34735846497756,-17.305777930343215],[-172.67893636944476,-18.510098623093896],[-173.02842127898984,-19.588366535317885],[-173.3759516995996,-20.517327833260744],[-173.9833450934818,-22.02585713750218],[-174.88065585026857,-23.552450009626234],[-175.03936007990734,-23.820656194521778],[-175.33624227966817,-25.54532743335832],[-175.42133051855498,-26.917350547693967],[-175.76417855330263,-27.80513582146898],[-176.23592425838677,-29.743891035292542],[-177.30405542341177,-31.821095131848416],[-178.9342030397999,-34.78599537065935]]}},{"type":"Feature","properties":{"id":"subduction-49","category":"subduction","featureType":"SubductionZone","name":"West Molucca Sea Subduction","polarity":"Left","active":"true","source":"EarthByte GPlates Müller et al. 2019"},"geometry":{"type":"LineString","coordinates":[[124.25642678223039,-2.3555332973537078],[124.34148137845408,-1.5186582491174894],[124.71887477027153,-0.3910493426559549],[125.08813127595299,0.5965080037981787],[125.73980021319086,1.6080873105652418],[125.88000000000001,2.9776799999999644],[126.19599999999993,4.398369999999943],[126.20999999999994,5.529339999999932]]}},{"type":"Feature","properties":{"id":"transform-50","category":"transform","featureType":"Transform","name":"West Sulawesi Transform","polarity":"Unknown","active":"","source":"EarthByte GPlates Müller et al. 2019"},"geometry":{"type":"LineString","coordinates":[[117.4339070139254,-11.21286899747229],[119.92690954276088,-10.69737475084442],[121.34424089733196,-9.96430225230132],[121.26681644024097,-8.276992867552853],[121.01337569294118,-7.07474073409166],[120.68999999999993,-5.216159999999812],[120.52099999999994,-3.141509999999877],[119.294,0.6366479999999759],[119.307,2.017849999999918],[118.55727670133258,3.505020849340384],[119.4039911308865,5.130798965686361],[119.63395193621466,8.13316607228554]]}},{"type":"Feature","properties":{"id":"terrane-boundary-51","category":"terrane-boundary","featureType":"TerraneBoundary","name":"Capricorn Boundary (Kreemer et al 2003)","polarity":"","active":"","source":"EarthByte GPlates Müller et al. 2019"},"geometry":{"type":"LineString","coordinates":[[64.734,-2.061210000000297],[71.4163,-1.724280000000247],[74.89790000000002,-1.3873500000001986],[80.62570000000001,0.07266270000000932],[82.928,1.0272900000001512],[84.2757,2.262690000000328],[86.0165,4.396560000000634],[88.4873,5.575800000000812],[89.8912,7.541210000001095],[91.31337348362773,9.066584223618195],[92.33131756372376,10.147322592084603],[93.4851,11.359700000001663],[94.42476778881917,12.395259626416191],[95.77407885761724,13.862197183226817],[97.17923996744321,15.362616853059386],[99.0046,17.26670000000256]]}},{"type":"Feature","properties":{"id":"terrane-boundary-52","category":"terrane-boundary","featureType":"TerraneBoundary","name":"Capricorn Boundary (Kreemer et al 2003)","polarity":"","active":"","source":"EarthByte GPlates Müller et al. 2019"},"geometry":{"type":"LineString","coordinates":[[74.1221,-39.730500000011574],[78.24820000000003,-37.1336000000105],[80.9094,-35.21950000000982],[82.6472,-33.339300000009125],[83.4334,-32.21620000000883],[85.455,-30.026100000008014],[86.4096,-28.734600000007642],[87.9819,-26.207600000006877],[90.902,-22.894500000005877],[92.5304,-21.097600000005336],[95.0574,-17.616000000004394],[96.6297,-15.594400000003855],[97.97739999999999,-13.235900000003271],[99.04440000000001,-11.719800000002884],[100.25600000000001,-10.784200000002658],[101.77747250161072,-9.844727625037304],[103.229,-8.937040000002167],[104.92013797391769,-7.632176651943639],[105.72577828552349,-7.005268881492141],[106.421,-6.461810000001576],[108.07514081191302,-5.203362392883179],[109.17440662934361,-4.3617303620866466],[110.03210548070123,-3.7025902112152025],[110.94624891982241,-2.9980860951052537],[111.78340091631468,-2.351441525062887],[112.78262436748794,-1.5781906587280892],[113.51543937823544,-1.0104004112821257],[114.29457579521593,-0.40632568550466136],[115.19908318194734,0.29514181183184784],[115.715,0.6952000000001685],[116.58699557246244,1.334450147387286],[119.63600000000002,3.562610000000871],[120.05750398022101,3.9680615545630413]]}},{"type":"Feature","properties":{"id":"terrane-boundary-53","category":"terrane-boundary","featureType":"TerraneBoundary","name":"E/W ANT","polarity":"","active":"","source":"EarthByte GPlates Müller et al. 2019"},"geometry":{"type":"LineString","coordinates":[[158.5056880336057,-60.577891203516984],[159.94910504206885,-61.80253304688608],[169.96699999999998,-68.47560000001805],[171.66699999999997,-69.31370000001876],[174.30500000000006,-70.2635000000197],[176.82400000000004,-71.13500000002063],[177.989,-71.7182000000216],[178.81000000000003,-71.99760000002188],[179.33500000000004,-72.14790000002195],[179.75700000000006,-72.35050000002225],[179.50500000000005,-72.69380000002268],[179.16000000000005,-72.97040000002319],[178.72200000000004,-73.27250000002364],[178.311,-73.54520000002397],[177.74000000000004,-73.83310000002457],[177.203,-74.11030000002482],[176.49000000000004,-74.4323000000252],[176.01500000000004,-74.61960000002581],[175.64999999999998,-74.92670000002636],[175.41,-75.19240000002681],[175.15300000000008,-75.48870000002731],[174.618,-75.70440000002787],[174.12000000000006,-76.02900000002857],[173.6840000000001,-76.37090000002927],[173.22800000000004,-76.62430000002978],[172.703,-76.99920000003081],[172.2700000000001,-77.38800000003161],[172.3526377048989,-77.81693216671644],[172.91451022712235,-78.1275249633092],[173.992586356124,-78.62346705619105],[175.36518749537953,-79.09678591924317],[177.69380477257636,-79.67222025525427],[-179.29085547659454,-80.18599700847017],[-175.7442873941722,-80.64629012345377],[-171.17751743201836,-81.19716852498009],[-166.6784543835752,-81.83027747585282],[-160.7146065656219,-82.54542073784621],[-152.59172007587816,-83.2893411221495],[-145.3449641857921,-83.69532776754147],[-134.6310377508162,-83.93673751717779],[-121.04816438216919,-83.92199112065788],[-112.74554077164645,-83.57925182444625],[-104.74021261199118,-82.9431843724695],[-99.57765927107349,-82.19104337077165],[-95.15927888125033,-80.96222652691165],[-92.78293039037646,-80.19207536143534],[-90.50764394442233,-79.03661857956357],[-88.47123952985129,-77.8222448582097],[-85.99394085095581,-76.58612543483711],[-84.90963911189542,-75.62275142445758],[-83.88712768062251,-74.61580030195064],[-83.54938713609883,-73.62676143880704],[-83.44089400771692,-72.85526736377639],[-83.6038026576578,-71.94575983945059],[-84.42160735224347,-70.97610478182946],[-85.22407293584902,-70.04138149111267],[-85.98240421608936,-69.39970525320226],[-86.98177173910084,-68.39123060528854],[-87.56823852224468,-67.60237338193967],[-87.78385620677268,-66.21876379550734],[-87.83809645110414,-65.5362990353185],[-86.47097084788882,-62.689562107690776],[-84.69009118256433,-60.030652759367314]]}},{"type":"Feature","properties":{"id":"terrane-boundary-54","category":"terrane-boundary","featureType":"TerraneBoundary","name":"Northwest Africa-Benue Trough","polarity":"","active":"","source":"EarthByte GPlates Müller et al. 2019"},"geometry":{"type":"LineString","coordinates":[[-6.088217812935843,-0.9758206096886803],[-0.8024301425528104,1.7486117001668589],[3.0025574960547283,4.005287873172744],[4.778960491953138,5.284419213320552],[6.406550000000004,6.51450999999987],[6.971199999999995,6.9379999999998665],[7.765240000000005,7.467359999999848],[8.365180000000013,7.8202699999998595],[8.73573000000001,8.04965999999984],[8.96512000000001,8.261399999999838],[9.537040000000006,8.590369999999824],[10.236199999999995,8.964819999999813],[11.20440000000001,9.338889999999816],[11.903800000000007,9.552469999999824],[12.521792998999814,9.702026460565127]]}},{"type":"Feature","properties":{"id":"terrane-boundary-55","category":"terrane-boundary","featureType":"TerraneBoundary","name":"Victoria-Somalia (Stamps et al 2008)","polarity":"","active":"","source":"EarthByte GPlates Müller et al. 2019"},"geometry":{"type":"LineString","coordinates":[[36.9785,-8.118810000000005],[36.6587,-7.496939999999998],[36.2323,-6.501950000000016],[35.894700000000014,-5.38259],[35.379400000000004,-4.0855599999999965]]}},{"type":"Feature","properties":{"id":"transform-56","category":"transform","featureType":"Transform","name":"Japan transform adapted from cob Subduction GS","polarity":"","active":"","source":"EarthByte GPlates Müller et al. 2019"},"geometry":{"type":"LineString","coordinates":[[145.114,58.1443],[144.956,57.71749999999999],[145.054,57.30749999999998],[145.141,56.807499999999976],[144.247,55.82080000000001],[144.919,51.360699999999994],[144.84800000000004,47.937499999999986],[144.32138128886973,43.64737097702073],[144.22534250446114,41.06770866800323],[144.42416898704334,38.493865248081924]]}},{"type":"Feature","properties":{"id":"transform-57","category":"transform","featureType":"Transform","name":"Mindanao-Negros Transform","polarity":"","active":"","source":"EarthByte GPlates Müller et al. 2019"},"geometry":{"type":"LineString","coordinates":[[126.67081206635962,1.8941288294440417],[126.76394028413254,3.516743733139423],[126.304,4.2845299999998625],[125.89199999999998,6.935739999999778],[125.38300000000004,9.326419999999699],[124.73499999999997,10.777299999999657],[123.81199999999995,12.351099999999592],[122.169,14.356199999999523],[121.23499999999999,15.794099999999473],[120.63899999999997,16.857599999999437],[119.33000000000001,18.0648999999994],[118.205,19.33729999999934],[116.04204713942065,23.221467517092513]]}},{"type":"Feature","properties":{"id":"transform-58","category":"transform","featureType":"Transform","name":"North halmahera transform","polarity":"","active":"","source":"EarthByte GPlates Müller et al. 2019"},"geometry":{"type":"LineString","coordinates":[[137.736,-0.6833],[132.42800000000003,0.0019236599999999998],[130.93118373483364,0.5475863385261963],[130.069,0.86171],[129.4193632149812,1.5312070318163793],[128.71501441817816,2.688129068010883],[126.00249379702248,3.56653274280326],[123.296,4.51452]]}},{"type":"Feature","properties":{"id":"transform-59","category":"transform","featureType":"Transform","name":"North Porcupine Transform","polarity":"","active":"","source":"EarthByte GPlates Müller et al. 2019"},"geometry":{"type":"LineString","coordinates":[[-36.09862656195463,52.6111294776892],[-33.22400000000003,52.48290000000003],[-30.12420000000002,52.16990000000004],[-28.375699999999977,52.15290000000005],[-25.783600000000007,52.09220000000008],[-23.847400000000004,51.941500000000076],[-21.776400000000013,51.97080000000008],[-19.524977840152452,52.3228243419576],[-18.937109029471888,52.457183996348896],[-18.038533393620416,52.58214038187938],[-17.381164544268014,52.598045193657235],[-16.527381747574893,52.148002011043765],[-16.017976864467247,51.71112881136279],[-15.520500000000009,51.18290000000007],[-15.09420489412084,50.68117440802811],[-14.604368437891923,50.08914547647125],[-14.168599999999994,49.548100000000034],[-12.989500000000008,48.48870000000004],[-9.51944999999999,47.49220000000005],[-4.378710000000009,45.20230000000001],[-2.4050800000000048,43.390500000000046],[-0.6720969999999915,41.760200000000076]]}},{"type":"Feature","properties":{"id":"transform-60","category":"transform","featureType":"Transform","name":"NORTH SCOTIA RIDGE TRANSFORM FAULT","polarity":"","active":"","source":"EarthByte GPlates Müller et al. 2019"},"geometry":{"type":"LineString","coordinates":[[-25.745000000000015,-54.11619999999998],[-26.909700000000008,-54.365999999999985],[-29.6106,-54.871700000000004],[-31.874699999999994,-54.809999999999995],[-33.9723,-54.37929999999997],[-34.9996,-54.15059999999999],[-35.978500000000004,-53.477199999999975],[-37.6399,-53.1951],[-39.2013,-53.3079],[-40.2758,-53.34689999999998],[-41.94380000000001,-53.05399999999999],[-43.7238,-53.04520000000001],[-45.39809999999998,-52.792799999999986],[-46.6093,-52.66],[-47.8633,-52.6433],[-48.82030000000001,-52.7694],[-50.21779999999999,-52.64990000000002],[-51.9415,-52.7283],[-54.0181,-53.19919999999998],[-55.14629999999999,-53.524699999999996],[-57.19359999999999,-53.6072],[-59.031,-53.62319999999998],[-60.5186,-53.631799999999984],[-61.8127,-53.7198],[-64.1006,-54.304599999999986],[-65.6986,-54.5398],[-67.987,-54.550299999999964],[-69.6321,-54.38989999999999],[-71.788,-53.87189999999999],[-73.6248,-53.058399999999985],[-74.9904,-52.5562],[-77.1664,-51.16399999999999],[-77.7127,-50.470299999999966]]}},{"type":"Feature","properties":{"id":"transform-61","category":"transform","featureType":"Transform","name":"PNG transform","polarity":"","active":"","source":"EarthByte GPlates Müller et al. 2019"},"geometry":{"type":"LineString","coordinates":[[132.989,-4.712980000000022],[131.70167755179492,-3.0834197352322232],[130.486,-2.680950000000012],[128.81,-2.490810000000009],[126.689,-2.6959900000000223],[124.07700000000001,-3.361070000000015],[120.46180186743194,-3.317598439837788]]}},{"type":"Feature","properties":{"id":"transform-62","category":"transform","featureType":"Transform","name":"Red River Fault","polarity":"","active":"","source":"EarthByte GPlates Müller et al. 2019"},"geometry":{"type":"LineString","coordinates":[[84.40347876399606,22.013991435169313],[87.23264517471839,25.960619138894952],[89.73100068607125,28.322439943122482],[94.3219,29.09470000000007],[95.6655,29.304300000000072],[97.169,28.956300000000052],[98.9039,27.08640000000006],[100.34,25.16630000000005],[101.51700000000001,23.931900000000073],[103.125,22.835500000000053],[104.86600000000001,21.565600000000043],[107.233,19.258000000000038],[110.77400000000002,15.901800000000032],[111.63299999999998,14.725000000000042],[113.32900000000001,10.342100000000015]]}},{"type":"Feature","properties":{"id":"transform-63","category":"transform","featureType":"Transform","name":"South Scotia Ridge Transform Fault","polarity":"","active":"","source":"EarthByte GPlates Müller et al. 2019"},"geometry":{"type":"LineString","coordinates":[[-56.37722620808297,-62.109596952021384],[-55.31859999999999,-61.56550000000001],[-54.90719999999999,-61.52900000000002],[-54.33359999999996,-61.510799999999996],[-53.12145010182489,-61.03617501536885],[-52.58657563736298,-60.893736862611036],[-52.06600082209833,-60.75209525623069],[-51.119314187887966,-60.57269200311902],[-50.886339956680104,-60.09339197264361],[-48.25242080737823,-59.96817070649762],[-46.955023915518865,-59.96145301650739],[-45.604858863235286,-60.09142687184738],[-45.05769412638339,-60.15337975817387],[-44.02086100601747,-60.26223714550624],[-42.064316727038445,-60.50221303209176],[-41.21431549073557,-60.97490518654084],[-39.824894630190656,-60.63466926059843],[-39.09185163193104,-61.01884636204738],[-37.62960788903246,-61.233864669670105],[-36.417962474187235,-61.39206921623451],[-34.82203587621712,-60.98829317029833],[-33.472553098870534,-60.706567747733445],[-32.37208488056387,-60.41069241707738],[-30.94010863837262,-60.533531617284154],[-27.72585284655362,-60.62799749800099],[-26.013705328263484,-60.384403644614906],[-24.131174813042882,-60.68555924437715],[-22.165994317895333,-60.73751565349503]]}},{"type":"Feature","properties":{"id":"transform-64","category":"transform","featureType":"Transform","name":"South Sulawesi transform","polarity":"","active":"","source":"EarthByte GPlates Müller et al. 2019"},"geometry":{"type":"LineString","coordinates":[[131.92883939806754,-11.132690890381715],[131.21218582163607,-10.296810042252712],[130.217,-8.688179999999909],[129.005,-7.7582599999999085],[126.41699999999999,-6.345069999999921],[125.397,-5.786739999999928],[123.55199999999999,-4.389169999999943],[121.841,-3.1940199999999606],[119.933,-1.8919599999999674],[118.22800000000001,-0.5397789999999939]]}},{"type":"Feature","properties":{"id":"other-65","category":"other","featureType":"UnclassifiedFeature","name":"NE SIberia","polarity":"","active":"","source":"EarthByte GPlates Müller et al. 2019"},"geometry":{"type":"LineString","coordinates":[[164.57726268836794,54.66753206594089],[163.38326032852575,55.89116908428513],[162.469,57.03079999999971],[160.358,58.67169999999972],[158.265,60.41499999999965],[156.186,61.93059999999968],[154.255,63.21129999999965],[153.518,63.53909999999965],[152.28299999999996,64.00219999999962]]}},{"type":"Feature","properties":{"id":"subduction-66","category":"subduction","featureType":"SubductionZone","name":"Aleutian and Bering Sea Masking Polygon","polarity":"Right","active":"true","source":"EarthByte GPlates Müller et al. 2019"},"geometry":{"type":"LineString","coordinates":[[-141.301,61.50299999999999],[-149.903,58.27719999999994],[-153.954,56.14],[-154.773,55.69769999999999],[-155.444,55.313],[-156.452,55.005799999999994],[-157.081,54.748799999999996],[-157.828,54.42159999999999],[-158.682,54.091],[-159.326,53.872],[-163.457,52.84899999999999],[-168.586,51.713],[-173.002,50.818999999999996],[-178.986,50.36599999999999],[178.47,50.559099999999994],[175.474,50.9382],[171.544,52.1259],[167.084,53.848099999999995],[162.767,55.7294],[157.12,57.7899]]}},{"type":"Feature","properties":{"id":"subduction-67","category":"subduction","featureType":"SubductionZone","name":"Shirshov Ridge Subduction","polarity":"Right","active":"","source":"EarthByte GPlates Müller et al. 2019"},"geometry":{"type":"LineString","coordinates":[[-178.392,57.8113],[175.686,56.247799999999984],[173.412,55.416799999999995],[172.63200000000003,54.4328],[172.467,54.008900000000004],[172.058,53.6919],[171.441,53.35269999999999],[170.461,53.19139999999999],[169.196,53.09799999999999],[168.312,53.1202],[163.486,52.733000000000004],[160.007,52.30579999999999]]}},{"type":"Feature","properties":{"id":"transform-68","category":"transform","featureType":"Transform","name":"Continuation of RRF","polarity":"","active":"","source":"EarthByte GPlates Müller et al. 2019"},"geometry":{"type":"LineString","coordinates":[[109.29359530754351,17.93014095453613],[109.79043237082979,15.324280694375279],[109.77882318345661,12.635491545943239],[109.70032729478628,12.032659512634718],[109.54612434110516,10.840551519166047],[109.45605724294136,10.139737778892085],[109.38176547917747,9.559327566224658],[109.29678257491017,8.892942561204382],[109.21969064263226,8.28630692807961],[109.35060033283419,7.586755038816303],[109.88248980269114,4.722736054287484],[110.20298502258643,3.7136030729058627],[110.63595135106296,2.6366731712084106],[111.33966967106068,0.9510397299018335],[111.68991676504191,-1.2432318563359996],[110.32411866909344,-5.085966501384644]]}},{"type":"Feature","properties":{"id":"transform-69","category":"transform","featureType":"Transform","name":"Three Pagodas and Sumatra Fault Zone","polarity":"","active":"","source":"EarthByte GPlates Müller et al. 2019"},"geometry":{"type":"LineString","coordinates":[[105.66237152276717,17.537938742307055],[101.93256435104962,13.664627334687221],[99.621970619264,10.569015553691216],[98.07180755750252,7.111844559001591],[97.69306266567,4.659436598579221],[98.14207168134763,3.588349993327691],[98.72644445511088,2.190383235555988],[101.23885134017458,-1.8141453018788565],[102.46047890211774,-3.3847680936296793],[103.09811004455352,-4.654563047460094],[103.08789312648864,-5.86178258968591],[102.83262184524058,-6.982384252073007],[102.72260087970945,-7.905820437642884],[101.63391716493742,-12.60054502731461]]}},{"type":"Feature","properties":{"id":"transform-70","category":"transform","featureType":"Transform","name":"Three Pagodas Fault (inferred extent)","polarity":"","active":"","source":"EarthByte GPlates Müller et al. 2019"},"geometry":{"type":"LineString","coordinates":[[108.25235778401762,9.534204758936994],[112.2260909597691,-1.0360088054942735]]}},{"type":"Feature","properties":{"id":"transform-71","category":"transform","featureType":"Transform","name":"Burma transform","polarity":"","active":"","source":"EarthByte GPlates Müller et al. 2019"},"geometry":{"type":"LineString","coordinates":[[94.60420341871992,31.854527867557696],[96.25470990188383,29.19025823571724],[96.91341465550288,26.021208791930395],[96.08577376661816,22.398174745889996],[96.19160796591946,19.996818168568364],[96.84079905403172,17.062116929422483],[97.39840363695156,13.414324539498839]]}},{"type":"Feature","properties":{"id":"transform-72","category":"transform","featureType":"Transform","name":"Burma transform","polarity":"","active":"","source":"EarthByte GPlates Müller et al. 2019"},"geometry":{"type":"LineString","coordinates":[[98.12474612384496,14.790962864878075],[97.5932649616608,14.023335149221058],[97.16388690873661,13.239287525019764],[96.66030688469885,11.5261101220853],[96.61031979528138,9.2689543039016],[96.84595370157095,6.755631630178999],[97.3939425540851,4.840370220548114],[99.01505970746462,3.473185117248794]]}},{"type":"Feature","properties":{"id":"subduction-73","category":"subduction","featureType":"SubductionZone","name":"Philippine trench","polarity":"Right","active":"","source":"EarthByte GPlates Müller et al. 2019"},"geometry":{"type":"LineString","coordinates":[[113.91862865176326,25.75858851623813],[117.37127221991553,24.79143985846449],[121.69599051529737,20.06952229641214],[123.30905691206486,16.373676358389663],[124.21598598197956,15.434858008203065],[126.32582908477787,12.055065389004238],[127.46086838386543,8.024415926323814],[127.95011112479004,4.897184253211738],[128.88401435050102,3.1157115607380304],[129.04895948031486,0.7747902186833474],[129.0502605559248,-0.09580564454301672]]}},{"type":"Feature","properties":{"id":"subduction-74","category":"subduction","featureType":"SubductionZone","name":"Luzon subduction","polarity":"Left","active":"","source":"EarthByte GPlates Müller et al. 2019"},"geometry":{"type":"LineString","coordinates":[[122.41361527927243,26.386142225210833],[121.21478133037047,24.409444036719684],[120.42700692509153,20.83689646129085],[120.36022256506094,18.6969215913812],[119.48980554114183,17.2802589181028],[119.54231529381983,15.1007042619801],[119.90123603736477,13.905091038142956],[120.77664749266448,13.207205365202466],[121.34594041205057,12.879095225713966],[121.73613115226657,11.733625312680708],[122.10180023681067,10.650936260013253],[122.168358967877,9.712659160648295],[122.63861250426925,8.834581792310518],[123.40364221832294,8.091413231141399],[124.94554155354761,6.354738552528806],[125.50924375069931,5.594808512001717],[125.77604217059786,5.247959721715523]]}},{"type":"Feature","properties":{"id":"subduction-75","category":"subduction","featureType":"SubductionZone","name":"East Sunda subduction","polarity":"Left","active":"","source":"EarthByte GPlates Müller et al. 2019"},"geometry":{"type":"LineString","coordinates":[[127.93150763000433,-5.376206210477088],[128.31753028466855,-4.161070922491666],[128.7815126994508,-3.274604469375288],[129.20054756090295,-2.353690889979541],[128.98917719979082,-1.0731463981869238],[128.55690273185476,-0.23602145891116552],[126.97116540447607,2.6748087731277663],[125.85688088564928,4.51704494167443],[125.0164530838278,5.163816526506141],[123.95890277201302,6.131732364174422],[123.59867743791357,7.786706795942743],[123.3458600764871,9.546486741008058]]}},{"type":"Feature","properties":{"id":"orogenic-belt-76","category":"orogenic-belt","featureType":"OrogenicBelt","name":"Borneo deformation","polarity":"","active":"","source":"EarthByte GPlates Müller et al. 2019"},"geometry":{"type":"LineString","coordinates":[[105.38544629544312,8.21612995540642],[109.02886802112019,3.5444792989983225],[109.90565453224404,3.249899992655647],[111.04935274296629,2.8727691952498593],[112.71352200343316,2.1740579196917693],[113.57985471900876,2.6062422947135384],[115.24053367497721,5.121146166566359],[116.45160971883891,7.297835776364044],[117.21979419484774,10.146197115263437]]}},{"type":"Feature","properties":{"id":"ridge-77","category":"ridge","featureType":"MidOceanRidge","name":"Andaman Sea MOR","polarity":"","active":"","source":"EarthByte GPlates Müller et al. 2019"},"geometry":{"type":"LineString","coordinates":[[90.58670172045953,3.562339974052743],[92.73509894358037,4.681458765487423],[93.49224628054468,5.156179369679669],[93.23443599058186,5.6066210695131335],[93.03156716377849,6.13296052950838],[92.92167308676366,6.453033454859188],[92.86630323629684,6.754319468881282],[93.1218714932794,6.828238297516301],[93.00306585970047,7.222076104857578],[92.8828998593903,7.656227963079116],[92.82353231920065,8.09199316073508],[93.15474066886112,8.161140338653949],[93.11825177140949,8.510109509922268],[93.77501857204183,8.63416224062945],[94.33738491660512,8.73494148786046],[94.2728635448642,9.729198499355261],[94.23569928528418,10.42127176626221],[94.71361573815051,10.459008072148803],[94.71632788050465,10.943537520309443],[94.87412900243898,10.93350755155243],[94.8620668747832,11.478411554988902],[95.0610323947894,11.48263683752288],[95.0645445859201,12.888556609483707],[96.27904330445237,12.891143052592101],[98.23705168011125,12.917295400058098]]}},{"type":"Feature","properties":{"id":"subduction-78","category":"subduction","featureType":"SubductionZone","name":"Luzon East subduction","polarity":"Left","active":"","source":"EarthByte GPlates Müller et al. 2019"},"geometry":{"type":"LineString","coordinates":[[121.66616019262429,13.862702315444196],[122.3671550112399,15.158774973971862],[123.1193696704441,17.40575698465104],[122.29271013336697,21.59588057020201],[122.06234769982308,23.090677872130357],[122.19009770572497,26.20950289756879],[122.17153704816053,28.34460860080591],[121.89868098482113,29.733211954038623],[122.02699458579987,31.30279036431392],[121.95377325580453,32.652302102846896],[122.5122302527846,34.95186623580648]]}},{"type":"Feature","properties":{"id":"ridge-79","category":"ridge","featureType":"MidOceanRidge","name":"Sulu Sea","polarity":"","active":"","source":"EarthByte GPlates Müller et al. 2019"},"geometry":{"type":"LineString","coordinates":[[118.91092254568177,6.649803660997125],[124.8981692726415,13.7116237248403]]}},{"type":"Feature","properties":{"id":"transform-80","category":"transform","featureType":"Transform","name":"Borneo transform","polarity":"","active":"","source":"EarthByte GPlates Müller et al. 2019"},"geometry":{"type":"LineString","coordinates":[[114.28301994293564,12.679477343318261],[116.64565445987947,9.690245873030204],[118.95899625145003,6.5247284839288175],[120.51540741846622,3.9860973689778807]]}},{"type":"Feature","properties":{"id":"transform-81","category":"transform","featureType":"Transform","name":"New Britain transform","polarity":"","active":"","source":"EarthByte GPlates Müller et al. 2019"},"geometry":{"type":"LineString","coordinates":[[149.42934359575744,-10.934057611158511],[148.59587343287677,-7.547081724404778],[148.1452414809411,-5.633957866234902],[147.52996957676388,-3.9553283489742173]]}},{"type":"Feature","properties":{"id":"ridge-82","category":"ridge","featureType":"MidOceanRidge","name":"Banda spreading","polarity":"","active":"","source":"EarthByte GPlates Müller et al. 2019"},"geometry":{"type":"LineString","coordinates":[[125.30476929756529,-6.41501050733408],[125.8161280129078,-6.233650938013806],[128.63992633076427,-4.687481091347032],[128.53779712328682,-4.532639954003699],[132.28866219947395,-2.395278840458171]]}},{"type":"Feature","properties":{"id":"transform-83","category":"transform","featureType":"Transform","name":"Bird's Head transform","polarity":"","active":"","source":"EarthByte GPlates Müller et al. 2019"},"geometry":{"type":"LineString","coordinates":[[126.0442199704512,-3.342000044305545],[129.39575428216725,-1.374552795811121],[133.1471320344289,1.1492290549323332],[134.08853250707338,1.7271795040580677]]}},{"type":"Feature","properties":{"id":"transform-84","category":"transform","featureType":"Transform","name":"Bird's Head transform","polarity":"","active":"","source":"EarthByte GPlates Müller et al. 2019"},"geometry":{"type":"LineString","coordinates":[[123.4154767140904,-2.1472542719379035],[125.16641358381261,-2.321677940214663],[126.84042123129163,-2.431702051498172],[128.8205060219565,-2.690697459842066],[130.92817856633164,-3.5633628055819204],[131.3253879111984,-3.672153581577619]]}},{"type":"Feature","properties":{"id":"inferred-boundary-85","category":"inferred-boundary","featureType":"InferredPaleoBoundary","name":"Philippine Plate from NUVEL","polarity":"","active":"","source":"EarthByte GPlates Müller et al. 2019"},"geometry":{"type":"LineString","coordinates":[[132.56395593155102,-2.646372822855428],[132.70547188691697,-1.255598813818623],[132.76396998541782,-0.629412449966675],[132.66789731877665,0.6024000137733875],[132.78674302220736,1.842192438831305],[132.8052581564631,3.712058429817851],[133.10341057448892,4.589484304588405],[133.50612823196164,5.799414601735107],[134.24679292842845,6.5520099337267315],[134.79580413286476,7.1430312122345585],[135.01574409449748,7.962847368628961],[135.16594436015603,9.333379447020228]]}},{"type":"Feature","properties":{"id":"subduction-86","category":"subduction","featureType":"SubductionZone","name":"Mussau Trench","polarity":"Right","active":"","source":"EarthByte GPlates Müller et al. 2019"},"geometry":{"type":"LineString","coordinates":[[149.74926448780067,-4.361369621791106],[149.72342392507278,-3.42917165651282],[149.1447296140428,0.43031239254806536],[148.72592334155286,1.4135454306702024],[148.67581640420946,3.2735423771668355],[147.80700523443983,6.391753218734728],[144.5293607712195,7.901852946217422]]}},{"type":"Feature","properties":{"id":"transform-87","category":"transform","featureType":"Transform","name":"Toricelli transform","polarity":"","active":"","source":"EarthByte GPlates Müller et al. 2019"},"geometry":{"type":"LineString","coordinates":[[129.73178850413535,0.4037495403621176],[134.2432903114081,-1.396129694418334],[136.9717479947105,-1.9786629115442596],[140.20242602772993,-2.9519583639202414],[142.45304000481113,-4.0289247067264915],[144.69631352026647,-4.8168418826449],[150.0194223511675,-9.09964605915216]]}},{"type":"Feature","properties":{"id":"transform-88","category":"transform","featureType":"Transform","name":"Sorol Trough","polarity":"","active":"","source":"EarthByte GPlates Müller et al. 2019"},"geometry":{"type":"LineString","coordinates":[[125.43358620734902,15.719981812822274],[138.15356226883824,9.442234148587552],[139.1383339097613,9.078397185948296],[140.59809350547442,8.666494731154861],[142.85861307509916,7.260351390886258],[143.66008496976698,6.765262603452932],[144.72090004731956,6.547173831992551],[151.8602804628224,4.414673330033829]]}},{"type":"Feature","properties":{"id":"ridge-89","category":"ridge","featureType":"MidOceanRidge","name":"Ridge f iso on EPV at 22.6Ma","polarity":"","active":"","source":"EarthByte GPlates Müller et al. 2019"},"geometry":{"type":"LineString","coordinates":[[141.7061754599397,22.756137309661696],[141.0003665489688,25.8433509858706],[140.40831931461523,27.96929498754968],[139.94638784012065,29.606269239887546],[139.35572120563359,31.95582480691462],[139.09725978947841,33.1142934722563],[139.0002246749558,33.128931132366375],[138.62514548125597,34.43155054721635],[138.03303944915803,37.01732863172124],[137.31486628936767,40.21841651917306],[136.20971002713813,43.36116509088916],[135.41744584441355,46.39006173217121],[134.81588403339728,49.41734393760664]]}},{"type":"Feature","properties":{"id":"ridge-90","category":"ridge","featureType":"MidOceanRidge","name":"MOR NAM-Caribbean","polarity":"","active":"","source":"EarthByte GPlates Müller et al. 2019"},"geometry":{"type":"LineString","coordinates":[[-81.81718456383085,17.702511894121574],[-81.87162998285233,18.803298627678355]]}},{"type":"Feature","properties":{"id":"fracture-zone-91","category":"fracture-zone","featureType":"FractureZone","name":"Fracture Zone Pacific-Rivera","polarity":"","active":"","source":"EarthByte GPlates Müller et al. 2019"},"geometry":{"type":"LineString","coordinates":[[-111.68109917955826,12.433813061879706],[-109.93608839161247,12.567518607855352],[-109.21162713321357,12.61933357219182],[-108.9534259376487,12.231631346317048],[-108.23200858519061,12.309931809393898],[-107.90248022272,12.077433399377592],[-107.41876817450643,12.098374404929737],[-107.02608497327535,11.841571300175405],[-106.44280208315978,11.392009258399538],[-106.00846337349434,11.468319491197182],[-105.64355625631919,10.903363181983114],[-105.17519198253078,10.981466671311633],[-104.66081222478121,10.595849768926833],[-104.18276496960374,10.239127146010425],[-103.7659631142399,10.142974772125884]]}},{"type":"Feature","properties":{"id":"ridge-92","category":"ridge","featureType":"MidOceanRidge","name":"Lau Basin MOR","polarity":"","active":"","source":"EarthByte GPlates Müller et al. 2019"},"geometry":{"type":"LineString","coordinates":[[-177.26969892610913,-15.16962666117863],[-177.23719640707424,-15.694520980072866],[-177.6350524865073,-16.01445699333112],[-177.682334136472,-16.18046877121015],[-177.24060163093574,-16.538207387471047],[-176.92201880558216,-16.8805683246633],[-176.62351475084128,-17.394309395373927],[-176.460899888292,-17.759274689710427],[-176.29176214397614,-18.099814725746846],[-176.34021414258905,-18.285144187187466],[-176.59270509180806,-18.795769951332026],[-176.5431456949772,-19.21968380517003],[-175.92135613688004,-19.404321378370916],[-176.12584344216432,-19.89500887384298],[-176.17903842904764,-20.100244566528524],[-176.11883108814516,-20.130142474161282],[-176.14152080259018,-20.25744081589343],[-176.20499970241661,-20.66811619578332],[-176.4020032947492,-21.493617417462175],[-176.59669379716456,-21.97885196683734],[-176.64341638127394,-22.2327099010371],[-176.68738279884067,-22.274276218908298],[-176.7585185633084,-22.766908014137915],[-177.4376724855886,-24.178796321771383],[-178.4075792994678,-27.881774065838407],[-179.3168614377595,-29.048132611355296],[-179.64109524522323,-29.327473940406986]]}},{"type":"Feature","properties":{"id":"ridge-93","category":"ridge","featureType":"MidOceanRidge","name":"Lau Basin MOR North","polarity":"","active":"","source":"EarthByte GPlates Müller et al. 2019"},"geometry":{"type":"LineString","coordinates":[[-174.96698287282962,-11.676972796769459],[-175.15767531166307,-13.041021748610358],[-175.21510951692775,-13.788135956439351],[-175.35912698457477,-14.153100483893496],[-175.40158181131957,-14.312070657953807],[-175.49176344121005,-14.840084292072534],[-175.4913303156371,-15.403821019107218],[-175.57925532784023,-15.789136567453088],[-175.37230147151317,-15.811142273835715],[-175.4894850424569,-16.045869105403863],[-175.33074000884733,-16.134595728015274],[-175.41473412532773,-16.752350699571856]]}},{"type":"Feature","properties":{"id":"ridge-94","category":"ridge","featureType":"MidOceanRidge","name":"Lau Basin MOR","polarity":"","active":"","source":"EarthByte GPlates Müller et al. 2019"},"geometry":{"type":"LineString","coordinates":[[-175.1440705498664,-15.779876846456313],[-177.5082474082251,-15.438560953958879]]}},{"type":"Feature","properties":{"id":"ridge-95","category":"ridge","featureType":"MidOceanRidge","name":"North Fiji Basin MOR","polarity":"","active":"","source":"EarthByte GPlates Müller et al. 2019"},"geometry":{"type":"LineString","coordinates":[[166.95001518094358,-10.134797995730775],[168.16901468282674,-10.827548449358043],[168.97732292777505,-11.422842555295434],[170.0491564908144,-12.139733119008566],[171.0106294727931,-13.037682471692213],[172.25437518670938,-13.985869218701996],[172.36891177821605,-14.597264426867765],[172.94909113423057,-16.63395490936538],[172.79401099765846,-16.675985720314067],[172.91059638750272,-17.078524277066656],[172.7812398513376,-17.17731308368844],[173.17965534411587,-18.022550170943234],[172.35947841475047,-19.40716394609275],[172.50840001735105,-19.424612244618277],[172.21191367386433,-22.021259212720018],[172.91956963459,-22.12127246291139],[172.3931801389394,-24.984262506269502]]}},{"type":"Feature","properties":{"id":"subduction-96","category":"subduction","featureType":"SubductionZone","name":"Java SZ","polarity":"Left","active":"","source":"EarthByte GPlates Müller et al. 2019"},"geometry":{"type":"LineString","coordinates":[[99.68982845162269,-8.472819381495555],[102.66323748891065,-8.616499775019964],[103.47710319340484,-8.75678345863282],[103.92464108602054,-8.833140172789966],[104.86552272284358,-9.020834642663564],[106.83186472982402,-9.178072740284044],[107.36168543481185,-9.244032671467606],[108.0421008499022,-9.327565002515893],[108.96177160607759,-9.4383516407188],[109.58881453244368,-9.458046885233676],[109.91587548349298,-9.467877658633913],[110.1881046640601,-9.475828897458076],[110.42555648269308,-9.482592574244022],[110.74647454779121,-9.491479205004044],[111.15299510745696,-9.502315886852788],[111.66300061769407,-9.515246031311088],[111.9706075170174,-9.506655719124627],[112.40931888084418,-9.49393800130064],[112.82225830140602,-9.481467196246447],[112.9649109316324,-9.477046450913196],[113.92519796025597,-9.445784664867116],[115.273199271186,-9.369484651213417],[117.20238294427828,-9.286656416295052],[121.61003997601001,-7.913544919510496]]}},{"type":"Feature","properties":{"id":"subduction-97","category":"subduction","featureType":"SubductionZone","name":"Flores Banda SZ","polarity":"Left","active":"","source":"EarthByte GPlates Müller et al. 2019"},"geometry":{"type":"LineString","coordinates":[[108.27889505547377,-8.909862244794143],[114.88707173453264,-9.599629002219016],[118.7704071221152,-9.31664480531122],[122.36129608537424,-9.281330977633228],[125.4156974240052,-8.526405260214151],[128.9145861334505,-7.806589298263306],[130.4768504648172,-7.356198270462726],[131.53537051886403,-6.456891646108966],[132.30400453520406,-5.597569550709403],[132.6520302722562,-1.982413978666241]]}},{"type":"Feature","properties":{"id":"subduction-98","category":"subduction","featureType":"SubductionZone","name":"Central American subduction from 135 Ma","polarity":"Left","active":"","source":"EarthByte GPlates Müller et al. 2019"},"geometry":{"type":"LineString","coordinates":[[-101.45830885144484,18.365580535911093],[-99.24003000475814,16.755739235317144],[-97.13042519838808,15.69309460675195],[-94.8337751782357,14.500328556659593],[-91.57973435853472,12.892172483144256],[-89.23203718577605,11.868881852648844],[-87.78839432483501,10.668369560368795],[-85.74713126631238,9.373991754453149],[-82.46517343784339,7.391921183485433],[-81.99525480923597,7.158709536784666],[-81.42332928699483,6.890667273030678],[-79.46361024901623,6.847242860312394],[-77.09770580112088,6.748248215088626]]}},{"type":"Feature","properties":{"id":"transform-99","category":"transform","featureType":"Transform","name":"","polarity":"Left","active":"","source":"EarthByte GPlates Müller et al. 2019"},"geometry":{"type":"LineString","coordinates":[[-89.40516505287836,8.773286900954217],[-86.36946635300255,7.9303882126260685],[-82.45977197196807,6.938983294183767],[-81.84981387404139,6.8484669711212405],[-80.43255553482798,6.899046676657675],[-79.77990991485338,6.964706042955812],[-78.99738734424113,7.085741354867817],[-78.5751730643091,7.216062272240717],[-77.97610190319912,7.598660399300906],[-77.46131409450962,7.913091334822535],[-76.1978724796227,8.589297087900295],[-74.29614066576431,9.99844725427403]]}},{"type":"Feature","properties":{"id":"subduction-100","category":"subduction","featureType":"SubductionZone","name":"Caribbean/farallon subduction iniating at 85 Ma","polarity":"Left","active":"","source":"EarthByte GPlates Müller et al. 2019"},"geometry":{"type":"LineString","coordinates":[[-80.20194059026181,10.962310039906365],[-80.49366964381242,10.575541798762455],[-80.56951059398108,10.15137963680977],[-80.33080208064975,9.606530566471442],[-79.46911446097926,8.1712493006086],[-78.95219381430104,7.420224722147354],[-78.60065202948908,6.882955432076408],[-78.08200825791302,6.136826618588267],[-77.86863900582166,5.181204034434667],[-78.30840932231118,3.591956413731599],[-78.41353085986788,2.970129845521644],[-78.26204948628731,1.9474955304351946],[-76.2434574447852,-1.7395712439920763],[-73.81284037628346,-6.013522988183084]]}},{"type":"Feature","properties":{"id":"subduction-101","category":"subduction","featureType":"SubductionZone","name":"Caribbean subduction","polarity":"Right","active":"","source":"EarthByte GPlates Müller et al. 2019"},"geometry":{"type":"LineString","coordinates":[[-67.064771811627,22.11768225358399],[-62.70939486733169,20.927672242003908],[-59.19551628923604,17.660098757459007],[-58.35642554552449,15.847519669365619],[-57.65527289127784,14.92455413534165],[-57.28248541540422,13.071277321379414],[-57.63595386941193,11.222229423763391],[-58.270473472076155,9.003956312569864],[-59.30555523617564,7.147166757873553]]}},{"type":"Feature","properties":{"id":"transform-102","category":"transform","featureType":"Transform","name":"FZ NORTH 1","polarity":"","active":"","source":"EarthByte GPlates Müller et al. 2019"},"geometry":{"type":"LineString","coordinates":[[-104.99351785389418,18.200193208364794],[-102.95748681142035,17.250340838175006],[-100.03041257024691,16.235875286479192],[-97.40187656340957,15.476748058651348],[-95.54811857403803,15.05923133516031],[-90.2161387410814,15.541847996419564],[-88.59467205993414,15.777462192600614],[-87.0093,16.27630000000033],[-85.1908,17.02240000000034],[-83.438,17.548900000000355],[-81.47010000000002,17.835700000000358],[-79.54918156995328,17.956872379303046],[-78.80582842387514,17.985016424098315]]}},{"type":"Feature","properties":{"id":"transform-103","category":"transform","featureType":"Transform","name":"TBD","polarity":"","active":"","source":"EarthByte GPlates Müller et al. 2019"},"geometry":{"type":"LineString","coordinates":[[-77.32000687477579,12.471594416109248],[-72.94646382755657,11.945432447937188],[-69.92345160315934,11.540737207411317],[-67.89741751025036,11.43411742754336],[-54.549796013472246,10.387716649789052]]}},{"type":"Feature","properties":{"id":"transform-104","category":"transform","featureType":"Transform","name":"FZ NORTH 2","polarity":"","active":"","source":"EarthByte GPlates Müller et al. 2019"},"geometry":{"type":"LineString","coordinates":[[-82.263,18.657599999999995],[-82.127,18.669099999999986],[-81.8122,18.7172],[-79.3785,19.0727],[-76.7185,19.407600000000002],[-73.9603,19.699400000000004],[-70.4986,19.8322],[-67.6518,19.8836],[-64.4904,19.756900000000012],[-60.58172635338277,19.54151465606257]]}},{"type":"Feature","properties":{"id":"ridge-105","category":"ridge","featureType":"MidOceanRidge","name":"Pacific-Nazca MOR from Bird 2003 (NW15)","polarity":"","active":"","source":"EarthByte GPlates Müller et al. 2019"},"geometry":{"type":"LineString","coordinates":[[-102.7039474569647,1.5314852627493942],[-102.73148169337338,1.1982149371871502],[-102.79200010073667,0.7755401586249488],[-102.7622357440409,0.768876994255305],[-102.80687815590495,0.4328165190136237],[-102.84811113614398,0.2261392758798882],[-102.87530267934608,0.045185488788029034],[-102.90835852266234,-0.330139112146546],[-102.95565815418124,-0.43958175617777784],[-103.00940062767607,-0.7577923012555855],[-103.05807480217281,-1.045330180001462],[-103.0869231410151,-1.2185748883981373],[-102.96223133255955,-1.2198574649415501],[-102.98563106765125,-1.3111307213418604],[-103.02639482166032,-1.4689099325076118],[-102.95834959781581,-1.4969828744940141],[-102.87164748266937,-1.5328582029591467],[-102.90004440808602,-1.6236040441434108],[-102.92152486757426,-1.6930874554848228],[-102.9435134928023,-1.7640681154431972],[-102.9684501693242,-1.8438327752983599],[-103.18733283691643,-1.8415348004561218],[-103.22397653777826,-2.123538566275231],[-103.246247919077,-2.282719128280919],[-103.26464891781379,-2.429020675313717],[-103.28703083071724,-2.590100678886981],[-103.32595412308544,-2.8682919933337065],[-103.26776219758491,-2.8693102472340755],[-103.13787927755556,-2.871420821482831],[-103.141439654169,-3.064704240892236],[-103.14581582648015,-3.37008488136675],[-103.1749075976571,-3.4781273277521474],[-103.23258023096427,-3.6922150343894047],[-103.26013921623917,-3.794265823408164],[-103.28912940731739,-3.9020088854190127],[-103.31311787884492,-3.9911790368393976],[-103.64647221945062,-3.9504565696353433],[-104.39421545610324,-3.858176977491072],[-105.11597717614607,-3.7690506576041827],[-105.27793877356454,-4.075976055803061],[-105.95806196979089,-3.998689842177207],[-106.12481180956576,-4.488695247031798],[-106.83321173954313,-4.409470673689231],[-106.8514820447778,-4.45967296569762],[-106.89208117448074,-4.5709558713652765],[-106.95034461019164,-4.731344404433097],[-107.03316293952632,-4.957701796157425],[-107.06036166606557,-5.068657010086931],[-107.10865435766726,-5.271100061494163],[-107.15478133940526,-5.461354646706018],[-107.17329271540302,-5.537556171762409],[-107.32734650780186,-5.532827670319306],[-107.3403110822736,-5.931763802606683],[-107.43328074321725,-5.928664139153805],[-107.54077802063523,-6.3543929467541425],[-108.03097327747783,-6.275862750775521],[-108.19916810857069,-6.667267876811675],[-108.24757293176692,-7.093315037726524],[-108.47640984744766,-7.42099610532726],[-108.49498398929605,-7.490497854911297],[-108.66211410280448,-8.145514668184813],[-108.79402471346926,-8.26301234811331],[-108.92518366884447,-9.049024259365757],[-110.3590701913328,-8.821106823838258],[-110.37946557302755,-8.968901093344318],[-110.4645202832834,-9.572860137643639],[-110.67858752455284,-9.560029346640594],[-110.8283107474914,-9.97754542245321],[-110.8844734439535,-10.506456893410224],[-110.90549792684025,-10.695448783272383],[-111.06055389044813,-10.715332149997723],[-111.10176455242873,-11.2870233836141],[-111.29181695962632,-11.364024496233101],[-111.43467971754028,-11.640877557744641],[-111.54533559838028,-11.859499528981656],[-111.70081671038885,-12.631494734962683],[-111.5159725493663,-12.645765059981986],[-111.63484408565525,-13.300750551305608],[-111.81857759685936,-13.285386744742258],[-111.89414458540871,-13.429992862943754],[-113.05252248992971,-13.269045139228018],[-113.06824346617552,-13.746870245760176],[-113.21205995534193,-13.944125872416686],[-113.24696688111881,-14.599454028653616],[-113.39960490198322,-14.584761771182153],[-113.6125349227788,-15.671573918189802],[-113.7090138169514,-16.231182554692634],[-113.6162199926316,-16.240163082185653],[-113.80954112529288,-16.54916709859463],[-113.68589407525745,-16.562807044244003],[-113.88774055302446,-16.929968334759565],[-113.76399711647501,-16.94380843609358],[-113.9783376175128,-17.39880705250702],[-113.8235427980821,-17.41710737790978],[-114.03988409658105,-17.871096128700962],[-113.91585427200947,-17.88623705841878],[-114.03736405326835,-18.321915792804553],[-114.17606289960692,-18.63480459001285],[-114.02058556769244,-18.654307363954572],[-114.28192247304948,-19.161466538388535],[-114.1571071633838,-19.17751045060783],[-114.46392366586622,-20.20014453298506],[-114.59747573255807,-20.449161088220382],[-114.7536968662362,-20.47425848613861],[-114.89667807392402,-20.984732063401257],[-114.98966312715744,-21.43566188557623],[-115.05199557266911,-21.50084329858098],[-115.09584059828781,-21.98582597655034],[-115.18580904240433,-21.99396524435658],[-115.18035368902632,-22.06769430502832],[-115.17299230129815,-22.40733720151773],[-115.25025199390473,-22.894449142135162],[-115.5547577908415,-22.909792626013562],[-115.64311307402126,-23.04904374311377],[-115.86462997125211,-23.103815176551308],[-115.93562631032728,-23.263856069818686],[-116.27961894554304,-23.335508185010877],[-116.10860896254589,-23.75168346557932],[-116.0876379211651,-23.884492152327528],[-116.16828990925542,-23.97218349813309],[-116.5984629975048,-24.106503160094164],[-116.65516044058327,-24.247218246417194],[-116.87138438945142,-24.32162578089191],[-116.91293358113798,-24.419017354225815],[-116.78885317492855,-24.71094898998612],[-117.18139883188526,-25.03297213818716],[-117.04705218035747,-25.27685348189171],[-116.72333163731174,-25.5374933164499],[-116.44424486297501,-25.857612099732453],[-116.21699079560733,-26.110369667320537],[-115.99165835862186,-26.333719122433777],[-115.80705010853941,-26.47266167549474],[-115.22300689353037,-26.59834750031257],[-114.63797968609727,-26.665350766749093],[-114.23506912461184,-26.689426375863096],[-113.6835777126073,-26.70887702735616],[-113.6548968681261,-26.645624505513844],[-113.64806179256189,-26.808362646169254],[-113.81792933425764,-26.892284689864077],[-113.83798905784859,-27.149885257752914],[-113.84148884153903,-27.455372330001413],[-113.71113722305219,-27.486847480996836],[-113.68314837152941,-27.726296503711428],[-113.67319915853273,-27.913351238228405],[-113.65310986956949,-28.25686121386586],[-113.7283873991875,-28.2660715346251],[-113.73444169086,-28.424642933892258],[-113.7383599263402,-28.666226844434533],[-113.67713343036915,-28.88904777524642],[-113.09542562147483,-29.041169458248444],[-112.52850311201026,-29.15062530413805],[-112.47460937749075,-29.46291229944284],[-112.50144878244902,-29.891679891412345],[-112.50283501351453,-30.0621757507448],[-112.52836298060788,-30.313347049724843],[-112.58367899986064,-30.50976191391658],[-112.61802991282475,-30.551083423094703],[-112.6868095261977,-30.92743157060685],[-112.71592039475411,-31.270886132454983],[-112.70196848566076,-31.275258967234468],[-112.76193641839491,-31.42064901609455],[-112.78170285782228,-31.48904726189614],[-112.7859267937108,-31.576626884079072],[-112.78130546685955,-31.65625246207876],[-112.80474635762579,-31.83223359884402],[-112.80794806641138,-31.99872005138055],[-112.89569388355123,-32.226467223422894],[-113.10011822240406,-32.21050296663257],[-113.16051096317452,-32.371091965631656],[-113.16553834968458,-32.676171628304736],[-113.19239340851385,-33.00033823065644],[-113.21195119451303,-33.281041985001224],[-113.25776144904322,-33.53170878847287],[-113.35771807225171,-33.543989859685475],[-113.38430750694128,-33.88015836294451],[-113.32057470796792,-34.181195201259726],[-113.17783508790703,-34.43844200009148],[-112.94876894853311,-34.55783619203419],[-112.519333615975,-34.69717830732043],[-112.16490844698112,-34.79963338742864],[-112.1344230212018,-34.80909316519289],[-111.89870449547969,-34.88172965559599],[-111.59418789045957,-34.98142993984805],[-111.47664289472145,-34.985196486949015]]}},{"type":"Feature","properties":{"id":"ridge-106","category":"ridge","featureType":"MidOceanRidge","name":"Cocos-Nazca MOR from Bird 2003 (NW15)","polarity":"","active":"","source":"EarthByte GPlates Müller et al. 2019"},"geometry":{"type":"LineString","coordinates":[[-102.37938329816231,3.114758799796633],[-101.89467454775134,3.138464696515249],[-101.49241746489444,2.74813583942427],[-101.19425731605551,2.3842887639395047],[-101.18686960442041,2.3428388070771904],[-101.05773997610781,2.355330737519997],[-100.72326991414756,2.3881600432827694],[-100.59453454455505,2.295486333368396],[-100.27199408991356,2.292666292301764],[-100.2597609695226,2.3870140259763195],[-99.82752932849678,2.3457861598638825],[-99.79774349721794,2.447057930623496],[-99.69139965692372,2.434222831662631],[-99.53187659829634,2.414960465836583],[-99.28913866317848,2.3973454021746954],[-98.84808141833243,2.3710835357729065],[-98.27686932318355,2.3838153506522404],[-97.52431117938518,2.27605023561035],[-97.12947191739079,2.319727353130899],[-96.56414326739117,2.2409601690494196],[-96.5281233777781,2.4894692144921735],[-95.50258509006792,2.5020899875164004],[-95.48252906013514,2.779766180824753],[-95.11907485317354,2.734492088230561],[-93.60226797284373,2.5658238474492676],[-92.31834517440149,2.366119686209153],[-92.14213542812755,2.2467573420856946],[-91.94222992078944,2.311215258069004],[-91.52774527763337,2.280927670590083],[-91.50186887862922,2.1597258740483496],[-90.73674189551792,2.030105401282095],[-90.52562055543429,1.1541098683744706],[-87.8053485785374,0.9194938136196391],[-87.00744719202616,0.9529958730629713],[-87.00916658481827,1.1214790705353592],[-86.59612848209956,1.107915929837366],[-85.30593113234974,1.0634113956320321],[-85.22485517404401,1.9645415445468108],[-84.66267611880825,1.961845318745586],[-84.61592466220664,2.756936872749481],[-84.59283051986465,3.157926335254754],[-84.37383731900982,3.1419632997932125],[-84.35764929055264,3.29376496655205],[-84.33816125715168,3.4683586932812434],[-83.35200811450719,3.468545983626535],[-82.7978168129562,3.3796629434046057]]}},{"type":"Feature","properties":{"id":"ridge-107","category":"ridge","featureType":"MidOceanRidge","name":"Galapagos-Nazca MOR from Bird 2003 (NW15)","polarity":"","active":"","source":"EarthByte GPlates Müller et al. 2019"},"geometry":{"type":"LineString","coordinates":[[-101.79560892592413,0.7917438712316446],[-101.63250666083815,1.078496294112442],[-101.53228758638232,1.1477475937876687],[-101.40963441694356,1.2107222197073981],[-101.27600006789027,1.2770575152143302],[-101.09538873657193,1.347451498081856],[-101.0309173988649,1.2617047706164375],[-100.93831277141152,1.3334152733257623],[-100.8740360684303,1.28306818161338],[-100.79937422652777,1.3443800108710886],[-100.76610560862551,1.2955623942077883],[-100.64651225255975,1.3692219505691523],[-100.60430831277492,1.3321538045942842],[-100.49878080272147,1.4177363692414842],[-100.52601623010864,1.4604869829612441],[-100.41680026397646,1.6024908651813796],[-100.42593058857196,1.6261409135741804],[-100.36129017284745,1.6911981201106785],[-100.42777490822255,1.7792330771595095],[-100.50318242163594,1.8533187358891074],[-100.60358473491421,1.926566811617246],[-100.65147842832246,2.1432063497283944],[-100.35567883001107,2.537008215981219]]}},{"type":"Feature","properties":{"id":"ridge-108","category":"ridge","featureType":"MidOceanRidge","name":"Pacific-Cocos MOR from Bird 2003 (NW15)","polarity":"","active":"","source":"EarthByte GPlates Müller et al. 2019"},"geometry":{"type":"LineString","coordinates":[[-104.1607121397279,20.244019688106903],[-105.75396439093954,17.830572850912933],[-105.75234361653536,17.73034403599779],[-105.73054282801871,16.993109161103103],[-105.77027301215877,16.22503964544757],[-105.74148246155981,15.52002126869655],[-105.70914378417433,15.068180153991774],[-105.07799316995988,15.226923995061178],[-104.84077535872309,14.02146767783003],[-104.35026614847717,12.529535322935443],[-104.20205137115401,11.834033422168929],[-104.30966463788373,11.816571892381994],[-104.18373206233184,10.878528310163775],[-104.08106186853635,10.217297208768823],[-104.05235849143457,10.062127525730652],[-104.75174082262161,9.965129107838152],[-104.76254811491272,9.121596432033733],[-104.73329501557036,8.404675028938955],[-104.70794889229253,8.290550226717942],[-103.43761923147794,8.331642107189507],[-103.1500920951673,7.111671659677856],[-102.97144805480403,5.45462227755469],[-102.71719143881859,3.700127935607393],[-102.79553405068437,3.672598718611093]]}},{"type":"Feature","properties":{"id":"ridge-109","category":"ridge","featureType":"MidOceanRidge","name":"Pacific-Rivera MOR from Bird 2003 (NW15)","polarity":"","active":"","source":"EarthByte GPlates Müller et al. 2019"},"geometry":{"type":"LineString","coordinates":[[-104.91465319922223,16.82752130633221],[-107.1694059532565,17.950011364388182],[-108.05515172292762,18.144770176221453],[-108.050771707681,18.231990607262446],[-108.02660175853336,18.33385574670441],[-107.97020078861888,18.48960328668878],[-107.89456056085382,18.718806127708884],[-108.17038951389402,18.784947118630523],[-108.38869453056513,18.863701933613083],[-108.62299171657767,18.956798475399673],[-108.81790024920153,19.072628851400236],[-108.87321351706203,19.10513074821231],[-109.10265371347403,19.24750003915067],[-109.3813805004726,19.363231519000447],[-109.76528267095536,19.594454319942404],[-109.71135064017997,19.703829609294555],[-110.01848851326517,19.912793775506486],[-110.34827566314765,20.12988971775242],[-110.34245898817821,20.205372212034803],[-110.56720914015204,20.422722484451924],[-110.81704974740266,20.68361678412742],[-110.72108843317606,20.785010847475945],[-110.72076120930913,20.818989712982926],[-110.65037620179896,20.876613304468687],[-110.52134673906141,21.01397372002211],[-110.47615808377246,21.110614124990338],[-110.56339126229787,21.18342816541951],[-110.52552415702512,21.26273462770884],[-110.44274869174745,21.348181770671218],[-110.3460103579244,21.419586534577604],[-110.1097163300208,21.63154152974281],[-109.97320051500593,21.798276947845707],[-110.12322237866293,21.916170904040165],[-110.06483617389894,22.013177937117618],[-109.88109990989265,22.179738494349888],[-109.74505446451906,22.291347161286645],[-109.62891900502463,22.398848196915402],[-109.71945471845152,22.476241839893664],[-109.60849706098644,22.604278354532106],[-109.51903629434737,22.69086051176525],[-109.51674676640471,22.76731212073954],[-109.3694529743855,22.9105725439043],[-109.20648257456443,23.061715638960465],[-109.14868231419236,23.152644285833752],[-108.88083778062708,23.389987739001114],[-108.07045082096728,24.340405308855566]]}},{"type":"Feature","properties":{"id":"ridge-110","category":"ridge","featureType":"MidOceanRidge","name":"Cocos-Nazca MOR from Bird 2003 (NW15)","polarity":"","active":"","source":"EarthByte GPlates Müller et al. 2019"},"geometry":{"type":"LineString","coordinates":[[-82.8316559184868,8.082383515071667],[-82.85503785811417,3.4178648926088355]]}},{"type":"Feature","properties":{"id":"ridge-111","category":"ridge","featureType":"MidOceanRidge","name":"Pacific-Cocos MOR from Bird 2003 (NW15)","polarity":"","active":"","source":"EarthByte GPlates Müller et al. 2019"},"geometry":{"type":"LineString","coordinates":[[-102.79471173375705,3.674388644376872],[-102.73865766965302,3.3819698775480527],[-102.76139183777472,3.162535224353534],[-102.7374681343938,2.9958252382587887],[-102.69175962955603,2.811743422577589],[-102.66471249767363,2.8155078788327628],[-102.64379422156598,2.7205408186861493],[-102.65866634351211,2.7067244032954663],[-102.63454501541526,2.5557132520787813],[-102.63268055928023,2.496585537739315],[-102.628575559138,2.424629016194257],[-102.63677845164997,2.4083296003359553],[-102.63770002170558,2.334235321456703],[-102.64296175658083,2.313199025026444],[-102.64175290925051,2.249579104984796],[-102.63399021483004,2.230481252810706],[-102.63082224057115,2.0831305482456415],[-102.62311788433733,2.0593330604573867],[-102.63251902927887,1.9466410817345583],[-102.63417765755314,1.8936575859512306],[-102.64702133463756,1.8258118116348911],[-102.66301566619786,1.8263104326956066],[-102.6935706834917,1.7012801669915574],[-102.82288864447187,1.676084116543415],[-102.7935048057377,1.4655029368599974],[-102.82067080106881,1.4522392945334857],[-102.78774609486656,1.2851175015378655],[-102.808899150335,1.2728792569644913],[-102.77049245941708,1.1444923877970195],[-102.79057360714496,1.1380412687616235],[-102.74956805607559,1.057825862280477]]}},{"type":"Feature","properties":{"id":"ridge-112","category":"ridge","featureType":"MidOceanRidge","name":"Juan Fernandez/Nazca Ridge from Bird 2003 (NW15)","polarity":"","active":"","source":"EarthByte GPlates Müller et al. 2019"},"geometry":{"type":"LineString","coordinates":[[-109.2551,-34.54529999999927],[-109.277,-34.20369999999929],[-109.27,-33.91669999999929],[-109.205,-33.70189999999931],[-109.323,-33.39169999999932],[-109.41,-33.14009999999931],[-109.183,-33.02039999999931],[-108.972,-32.93649999999932],[-109.20600000000002,-32.66149999999932],[-109.435,-32.39999999999934],[-109.791,-32.115199999999334],[-110.21000000000001,-31.91979999999935],[-110.68700000000001,-31.71499999999935],[-111.202,-31.563799999999368],[-111.66,-31.556399999999357],[-112.023,-31.53619999999936]]}},{"type":"Feature","properties":{"id":"ridge-113","category":"ridge","featureType":"MidOceanRidge","name":"Nazca-Antarctic MOR from Bird 2003 (NW15)","polarity":"","active":"","source":"EarthByte GPlates Müller et al. 2019"},"geometry":{"type":"LineString","coordinates":[[-70.97688075431726,-44.41934940386066],[-76.30487566461221,-45.56500989084083],[-77.28887165684617,-45.685890404805725],[-77.3931373934922,-45.51421626337455],[-77.62219582160407,-45.01803182877167],[-77.842460565598,-44.33821910373721],[-78.52758177450713,-44.4741857160804],[-79.21849286325791,-44.59698073663131],[-79.91224333911234,-44.71559475222518],[-80.7361076839995,-44.81233614933962],[-81.56273750781365,-44.90309955244055],[-81.76919500912136,-44.34366075223268],[-81.98675333595881,-43.579356687898084],[-82.14953854561645,-42.80157606356983],[-83.08652296100936,-42.92542000617186],[-83.09347480164563,-42.816941567886474],[-83.24713612704768,-42.166935680763174],[-83.36276528554359,-41.618507268140604],[-83.4765470286228,-41.069873127906796],[-84.1357193152084,-41.13822746697352],[-84.79623100839778,-41.20279311841711],[-85.8862944283674,-41.34558200506194],[-86.9810650092212,-41.47800331624716],[-87.0631719046382,-41.22987304573733],[-88.09184116977535,-41.27909036995163],[-88.89391089355819,-41.341164008948724],[-89.69754347697832,-41.39765001629855],[-89.7333333140877,-41.02436607948202],[-90.38435961618191,-41.05034697522798],[-91.03582794735847,-41.07273341317655],[-91.12256748411333,-40.70242113349691],[-91.16176122881213,-40.253048431094925],[-91.20042132892958,-39.80367400521705],[-91.25833198208663,-39.32026401973282],[-91.31540692657288,-38.83675131407646],[-91.99664185365755,-38.89184355631234],[-92.67891874130379,-38.943042998180985],[-92.73417675309933,-38.40532432868788],[-93.65508967709535,-38.46133357162646],[-93.75603489253676,-37.69636762234786],[-93.79655460618909,-36.980098086729164],[-94.5761331685279,-36.967234414677044],[-95.35546549416887,-36.94937312533967],[-96.21813376599037,-36.908597022217826],[-97.07986830317364,-36.861620426232925],[-97.07150853406812,-36.2841868934852],[-98.08692576825909,-36.186833869826444],[-99.20226858532214,-36.13102254129547],[-100.31581900064818,-36.064805764430936],[-100.95717920804285,-36.00078429603752],[-101.5975739695783,-35.93335901595239],[-102.2370029637418,-35.86252965491864],[-102.87446521520542,-35.78839255187442],[-103.67100566122076,-35.70739344041819],[-104.46659788060668,-35.621188520071954],[-105.06513652770296,-35.541313956290054],[-105.66270319410701,-35.45853412795376],[-106.34110366473618,-35.415525370193144],[-107.018541024858,-35.368810217186585],[-107.74729126490682,-35.26716385947971],[-108.47408181031335,-35.1611065250424],[-108.93917505830544,-34.57536287379606]]}},{"type":"Feature","properties":{"id":"ridge-114","category":"ridge","featureType":"MidOceanRidge","name":"Juan Fernandez/Antarctic Ridge from Bird 2003 (NW15)","polarity":"","active":"","source":"EarthByte GPlates Müller et al. 2019"},"geometry":{"type":"LineString","coordinates":[[-110.68379294704326,-35.0781475052594],[-110.50436138698551,-35.131206016331916],[-110.20510274509263,-35.09630611083095],[-110.00459413894934,-34.980334844726656],[-109.82016027671474,-34.85081683051347],[-109.59864413389226,-34.734874424141914],[-109.37101552157256,-34.64141122835336],[-108.93917505830544,-34.57536287379606]]}},{"type":"Feature","properties":{"id":"ridge-115","category":"ridge","featureType":"MidOceanRidge","name":"Pacific-Antarctic MOR from Bird 2003 (NW15)","polarity":"","active":"","source":"EarthByte GPlates Müller et al. 2019"},"geometry":{"type":"LineString","coordinates":[[-179.50670896331212,-65.85701509117581],[-179.10426466937946,-66.03413305701203],[-178.24240724022638,-65.73286436475279],[-177.39325890036883,-65.4771299622614],[-176.05772711897225,-65.05226206721213],[-175.40140576881123,-65.37455833737252],[-174.75212528174612,-65.70457369378039],[-174.0471775746058,-65.37529215985076],[-172.86170755203742,-64.8472318296791],[-171.6511397210687,-64.22512422628952],[-170.39984916020612,-64.72707160314981],[-170.19688688933613,-64.63225277600382],[-169.47058661078944,-64.11329898636475],[-168.74412147676523,-63.59876643238769],[-167.8821147721014,-62.97445536904976],[-166.9810711478937,-62.35847577497379],[-166.57389564925967,-62.47409571523239],[-165.52871047462983,-62.87557744354186],[-164.30654270194432,-63.3354287453406],[-163.39028920204152,-62.83638148263556],[-162.45387971129827,-62.26267233984186],[-161.73427978462024,-62.4836429446277],[-160.83067709915204,-62.792786536207615],[-160.29059917435598,-62.46504759923963],[-159.11145716271722,-62.87443990912995],[-158.80344587509904,-62.658651406535746],[-158.01445843269926,-62.94045447188054],[-157.1349062219634,-63.19482141989149],[-156.44217303604145,-62.823631685101866],[-155.67633070678983,-62.30419660402024],[-154.7487288248794,-61.64816936817617],[-154.60646332889377,-61.70814495192992],[-154.0875575313823,-61.27152691961467],[-153.37109185877716,-60.71343348859152],[-152.5486355090518,-60.030724719179055],[-151.75992314898195,-59.34312031740826],[-150.81709341859693,-59.591945091405314],[-150.2451398791942,-59.18884024748101],[-149.70079938612233,-58.697227819238485],[-148.7144211042656,-58.00585901079222],[-148.13086604099018,-57.43100875778478],[-147.6078701438446,-57.51462338596677],[-147.12258017423483,-57.18471687419679],[-146.42110049091266,-56.54630103845163],[-145.85468571968576,-56.105886188612914],[-145.30018775569422,-55.66287264414156],[-144.926708744146,-55.7893072386879],[-143.77335641685661,-56.14257300723661],[-142.54035298701413,-56.50056634084293],[-141.6688274954957,-56.7213431333171],[-140.78634834499647,-56.93585884171227],[-140.50224396798308,-56.655558925196004],[-140.00599661092835,-56.151689920985724],[-139.651179462633,-55.609174574233975],[-140.03666174615915,-55.49845559103469],[-139.71139460077043,-55.13510793706166],[-139.2569101174234,-54.59700643883761],[-138.7953286868899,-54.02622009186866],[-138.34669840935152,-53.45362642571625],[-137.9800787076084,-53.573946485164115],[-137.05131882845006,-53.79393137409335],[-136.64068729444674,-53.283419298459755],[-135.770828096912,-53.53177461962166],[-134.67258814993357,-53.777243601518464],[-133.34238418499447,-54.128956074718396],[-132.60108221794357,-54.325135870376606],[-131.85279736226028,-54.51674314844397],[-130.54148632951288,-54.827051996305066],[-129.83017548333632,-55.02525630389063],[-129.1118810926048,-55.219186688082935],[-127.7235562866453,-55.46512341270194],[-127.29133909072209,-54.96446760567757],[-126.69017303651735,-55.0394756714307],[-125.57442070312024,-55.35709049293721],[-124.76206103868785,-55.491561936928626],[-123.94468370248786,-55.6205606939144],[-123.16037915663618,-55.77992517562081],[-122.37006607769004,-55.93431704070181],[-122.14258817902255,-55.740591112968005],[-121.73337385021121,-55.12806653494197],[-121.16558419921051,-54.31991155312773],[-120.19087495597459,-54.55336114248032],[-119.09015995899254,-54.73215438979822],[-118.82031397561042,-54.2644211315195],[-118.54156205657328,-53.60540452680463],[-118.16352916344508,-53.039364775089126],[-119.4758258609003,-52.810379467186095],[-119.37334758186874,-52.66555563519893],[-118.91872342449112,-52.12594092723106],[-118.61528714615075,-51.686267766252506],[-118.3178539173609,-51.24588647760171],[-118.01438130859455,-50.79021806208558],[-117.71591482397865,-50.333843162013125],[-117.29139527366004,-49.81019443543028],[-116.87586924139683,-49.28503416647124],[-115.72373433070774,-49.508814153799946],[-115.04841688183987,-49.64184853123381],[-114.36908482668987,-49.77100134534972],[-114.23713062425777,-49.279743862876444],[-114.01823922835544,-48.76374830946626],[-113.80337165352466,-48.24734639818778],[-113.61735117667256,-47.69679153029018],[-113.43436152630747,-47.145931815530886],[-113.16699908588066,-46.4628308910649],[-112.9056745130918,-45.77922025963913],[-113.15425279865879,-45.75705225326277],[-113.0281214369618,-45.418788282597966],[-112.85723792190649,-44.862708303685416],[-112.69037904332309,-44.306321406493396],[-112.44346617504088,-43.69948666981947],[-112.20057612274253,-43.09204568108872],[-112.00709703089143,-42.60981228389234],[-111.81663091904109,-42.127273980406066],[-111.42225473857559,-42.17632895420949],[-111.29731367386005,-41.28336584174361],[-111.21738976421337,-40.68771751189037],[-111.13849636271003,-40.09196736600116],[-110.99272561597195,-39.503346263155365],[-110.84897772694048,-38.91452173645822],[-111.72705806495053,-38.905534921966655],[-111.72474210867863,-38.804639044627876],[-111.52206610389864,-38.20342508460457],[-111.32240736324601,-37.6019062508008],[-111.11968169122127,-36.97049412166815],[-110.92097332307107,-36.338775155029275],[-111.18857051480882,-36.285859626518594],[-111.16418136273792,-36.146706138318166],[-111.0271641106848,-35.75846880277598],[-111.34277995811422,-35.72446175922955],[-111.3234132735816,-35.246897611908],[-111.27280219483366,-35.01869418329956],[-111.19282864790927,-34.49562951068793]]}},{"type":"Feature","properties":{"id":"ridge-116","category":"ridge","featureType":"MidOceanRidge","name":"Juan de Fuca-Pacific MOR from Bird 2003 (NW15)","polarity":"","active":"","source":"EarthByte GPlates Müller et al. 2019"},"geometry":{"type":"LineString","coordinates":[[-123.09117296052757,40.49267131755865],[-127.45600041473921,40.69146551610545],[-128.1685680172015,40.727911084049445],[-128.8821518917759,40.760004807286954],[-129.59574480856196,40.78764642811392],[-129.59574143637096,40.876146428077135],[-129.7344424417758,40.91024846938036],[-129.6560314604796,41.418347557382845],[-129.5766004860261,41.9264459923162],[-129.46200129474656,41.89274259661969],[-129.41675801117194,41.978140886192534],[-129.25590720298794,42.02973310921356],[-129.0527436195763,42.69461950699416],[-128.6383640014328,43.351178680650534],[-129.58758140663232,43.75714624801835],[-130.55002303007845,44.15522066773936],[-131.52568881198272,44.54499806464044],[-132.51357233794496,44.92647481776484],[-132.40009167140641,45.266805557015616],[-132.10049524954505,45.622780340817435],[-132.21926818471871,45.751351808265255],[-131.96690208748834,46.07361074307865],[-131.89956477132338,46.233425370926234],[-132.10483831690976,46.28007936002233],[-132.08282693543026,46.533184514389916],[-131.94801216835688,46.56651491589126],[-131.8333947029449,46.77063931027304],[-131.60093900536964,46.73898464154544],[-131.28620104011884,47.40223723922666],[-130.96332252762969,48.06458066628046],[-131.21700578513057,48.17294745820337],[-130.96549530910556,48.66118041918455],[-131.17392687985236,48.81355357527309],[-130.94450155440367,49.2062828858168],[-131.73599622766594,49.514259095897444],[-132.53767412823223,49.81666854032392],[-132.19661478505364,50.32005766755095],[-132.33563781039805,50.39272279557208],[-132.19675570805043,50.55455765037345],[-132.36500012672747,50.635215197509815],[-132.28956857769808,50.80203460420191],[-132.79250251028034,51.24479439182457],[-133.1160903417106,51.52219055991138],[-132.8907861003938,51.94926406169936],[-130.89305902532314,54.60560613960436]]}},{"type":"Feature","properties":{"id":"ridge-117","category":"ridge","featureType":"MidOceanRidge","name":"WOODLARK BASIN (SPREADING CENTER SE OF NEW GUINEA)","polarity":"","active":"true","source":"EarthByte GPlates Müller et al. 2019"},"geometry":{"type":"LineString","coordinates":[[158.61933090566734,-7.682072882886991],[156.2914679805973,-8.110264108407074],[156.4425,-9.1644],[156.2832,-9.2152],[156.0805,-9.2592],[156.0905,-9.5176],[155.9003,-9.5613],[155.843,-9.492],[155.6507,-9.5606],[155.614,-9.501],[155.4876,-9.5533],[155.4686,-9.4833],[155.1602,-9.6189],[155.1974,-9.7162],[155.0745,-9.7959],[154.8451,-9.8321],[154.8429,-9.7237],[154.2182,-9.909000000000002],[154.1915,-10.313],[153.4932,-10.359],[153.2819,-10.3865],[152.8907,-10.393],[152.8826,-10.1076],[152.6917,-10.0691],[152.2416,-10.0514],[152.2537,-9.9591],[151.9912,-9.9572],[151.9171,-9.935099999999997],[151.8047,-9.8956],[150.400572778866,-9.727200890609808]]}},{"type":"Feature","properties":{"id":"transform-118","category":"transform","featureType":"Transform","name":"Woodlark Rise boundary","polarity":"","active":"","source":"EarthByte GPlates Müller et al. 2019"},"geometry":{"type":"LineString","coordinates":[[162.4225487364114,-1.7963539685577152],[158.25052451576013,-5.146844210505146],[157.17698168642966,-6.098667958054385],[156.28527655504604,-6.812486040542311],[153.68651614202105,-8.975524204472023],[152.81324783622284,-9.372506975951922]]}},{"type":"Feature","properties":{"id":"subduction-119","category":"subduction","featureType":"SubductionZone","name":"Sandwich Trench","polarity":"Left","active":"","source":"EarthByte GPlates Müller et al. 2019"},"geometry":{"type":"LineString","coordinates":[[-27.770119253490154,-60.736869297249015],[-26.197924284217816,-60.50976487625314],[-25.068799999999992,-59.973300000008656],[-24.455899999999986,-59.38580000000842],[-23.99069999999999,-58.92090000000829],[-23.819399999999977,-58.19500000000807],[-24.13020000000001,-57.42530000000775],[-24.23270000000001,-57.17360000000772],[-24.696299999999997,-56.73360000000767],[-25.14920000000003,-56.29200000000752],[-25.720500000000012,-55.83960000000736],[-26.414,-55.424400000007275],[-26.994900000000033,-55.231900000007194],[-27.604400000000005,-55.09480000000717],[-28.605611737664177,-54.884050774399874],[-29.505374871767756,-54.73356518159813],[-30.390674139398882,-54.42903498324682],[-31.159743302607115,-53.265168020674864],[-31.559129220270012,-52.36424184596948]]}},{"type":"Feature","properties":{"id":"ridge-120","category":"ridge","featureType":"MidOceanRidge","name":"East Scotia Ridge","polarity":"","active":"","source":"EarthByte GPlates Müller et al. 2019"},"geometry":{"type":"LineString","coordinates":[[-34.530108355154084,-53.70528168951126],[-34.326825636882006,-55.261932269938676],[-34.422975179251445,-55.38546454669755],[-34.396148706030914,-55.559312365561276],[-34.3718962578272,-55.66297529015461],[-34.41354807967718,-55.74212708841446],[-34.91060470708657,-55.81776471458894],[-34.91756223525197,-55.92745703977224],[-34.92270265274877,-56.013126137521105],[-34.917341389170126,-56.115687976840476],[-34.90742632240168,-56.198398532164354],[-34.91062551871108,-56.354360064303606],[-34.94953510874079,-56.50779649368339],[-35.29297179245768,-56.51720450574418],[-35.29694677096354,-56.57905744578513],[-35.31123203630787,-56.6381181352179],[-35.30080923260063,-56.92746185169158],[-35.02656273906994,-56.91628035168434],[-34.92881323737578,-57.15799869871121],[-34.67757274148352,-57.15705876555032],[-33.8526617559137,-57.132858086195384]]}},{"type":"Feature","properties":{"id":"ridge-121","category":"ridge","featureType":"MidOceanRidge","name":"East Scotia Ridge","polarity":"","active":"","source":"EarthByte GPlates Müller et al. 2019"},"geometry":{"type":"LineString","coordinates":[[-34.6649911656104,-56.82095776372662],[-34.52811628937938,-57.6591282692151],[-34.31036431097983,-57.655274061963674],[-34.27839338777163,-58.319069698209184],[-34.440953286413816,-58.33075438821815],[-34.36454181492362,-58.86336870491725],[-33.976045640024076,-58.870848216210426],[-33.93976402520644,-59.567715198055694],[-34.4933323558268,-59.57464679865058],[-34.39987177183637,-59.99576880698933],[-34.23957806728697,-60.23076062401306],[-33.944904379760736,-60.48886641714637],[-33.021780720519125,-60.50330275644078],[-32.048142649256675,-60.50179805427523],[-32.03359004899924,-60.651480379304125],[-32.12666607493941,-61.79961408165131],[-32.05986026072979,-63.67225548895026]]}},{"type":"Feature","properties":{"id":"inferred-boundary-122","category":"inferred-boundary","featureType":"InferredPaleoBoundary","name":"Boundary Between Rigid Eurasia and Himalaya-Zagros Deformation","polarity":"","active":"","source":"EarthByte GPlates Müller et al. 2019"},"geometry":{"type":"LineString","coordinates":[[41.67280728944988,31.882481673468284],[42.38840929474976,35.09589590959724],[43.597048444343905,38.610712847364034],[44.99791769625295,39.97691966376016],[49.33785518396476,39.1432132112515],[54.26857052733425,39.07479029982826],[56.20858438429064,38.89211007476859],[57.656416547023184,37.623572786328715],[58.83539111705081,37.21121829775903],[60.17852608713399,35.68360434494564],[60.762161573769085,33.58539891868843],[61.02431857713808,32.561910457002426],[62.234200360086184,32.22424348826475],[63.403063519763826,32.71523623117987],[64.51170148278574,33.53477046421813],[65.32585577079746,35.419840479347044],[65.82362021463256,37.42447398207983],[66.24793064652616,39.399749735123216],[67.5843104735889,40.32894322403906],[70.1920516048963,42.59854466269052],[73.8215068990823,43.60259635161833],[79.26747018170799,44.49805594023269],[85.72011253374096,44.717917582388594],[91.34509621085269,44.3174852289345],[97.1540343166785,43.79717830897409],[101.2557861233396,42.93521505941266],[105.86932732004635,41.61653075877897],[106.80215867286636,40.29757432183516],[108.06347418111115,37.66693447896359],[109.18328936962935,34.730014860380166],[108.02774750171129,33.05572723265623],[106.69166610007409,31.37458621748624],[105.23370947283448,30.91584211017537],[103.91468747146263,30.016855424767872],[103.29066644711942,28.99999876319985],[101.2913458732627,27.31345813862885],[99.42953947843603,26.501981050138347],[98.73303279413734,25.464401424738284],[96.58103569595282,23.21239445745936],[92.33692504804145,15.723645526776952],[91.78660791978652,14.831151341511514],[89.06096410186571,12.114532843456681]]}},{"type":"Feature","properties":{"id":"subduction-123","category":"subduction","featureType":"SubductionZone","name":"Mediterranean Subduction, DB 04-2007","polarity":"Left","active":"true","source":"EarthByte GPlates Müller et al. 2019"},"geometry":{"type":"LineString","coordinates":[[37.93273250636096,38.531480105168484],[39.400284085864925,38.4239519983069],[40.966822624095606,38.31526319929158],[42.494869529031455,38.028141941905105],[43.58065316190522,37.734985304569186],[45.24968336706686,36.191106479401235],[47.59038844632384,34.38356073530442],[49.35433082755069,33.1306007617866],[51.43606192038219,31.853727508795902],[53.633790138395625,29.722641053947438],[55.95064228992237,28.213244414002332],[58.389326537939006,27.054561414004006],[59.922800000000066,26.50069999999706],[61.70909999999986,25.72919999999719],[62.946471823831885,25.390320619221],[64.03610000000002,25.081699999997422],[65.06701050991612,25.14179756042308],[66.37489999999991,25.207699999997168],[67.4000000000002,25.207699999997313],[70.71697974491481,25.21609259315581]]}},{"type":"Feature","properties":{"id":"transform-124","category":"transform","featureType":"Transform","name":"Shackleton Fracture Zone","polarity":"","active":"","source":"EarthByte GPlates Müller et al. 2019"},"geometry":{"type":"LineString","coordinates":[[-71.31658257041833,-54.89005034275418],[-68.7874880517476,-56.31164186065024],[-66.32328835735684,-57.39187384501943],[-66.08043357957995,-57.49244841772068],[-65.85088868013628,-57.58657765245075],[-65.4437794810538,-57.75131551598514],[-64.9210717291917,-57.958758307451276],[-64.18973412476319,-58.23240859760301],[-62.249681262657944,-58.62438609983305],[-59.04023589105638,-59.72947303196381],[-55.942676062778794,-60.93181468437527],[-53.41011725274327,-62.29539472794689]]}},{"type":"Feature","properties":{"id":"subduction-125","category":"subduction","featureType":"SubductionZone","name":"New Hebrides Trench small segment","polarity":"Right","active":"true","source":"EarthByte GPlates Müller et al. 2019"},"geometry":{"type":"LineString","coordinates":[[173.885,-23.407099999999986],[172.06,-23.1684],[170.54100000000003,-22.822600000000005],[170.327,-22.6987],[169.217,-21.7287],[168.156,-20.004100000000005],[168.007,-19.7636],[167.491,-18.4796],[167.06163936436508,-17.433805227269318],[166.94700000000003,-17.0937],[166.804,-16.8323],[166.224,-15.559499999999982],[166.19800000000004,-15.342600000000004],[166.36628973704825,-13.313972044803425]]}},{"type":"Feature","properties":{"id":"subduction-126","category":"subduction","featureType":"SubductionZone","name":"SanCristobalTrench consistent with Bird 2002","polarity":"Right","active":"true","source":"EarthByte GPlates Müller et al. 2019"},"geometry":{"type":"LineString","coordinates":[[166.1038736347017,-12.353551853677965],[165.26358976562426,-11.413144459531207],[164.9256091661925,-11.209656259778393],[164.79950341705867,-11.174717687476045],[164.566661296643,-11.105048151864253],[164.4496338389375,-11.085786130644305],[164.33347243348402,-11.115038814351546],[163.75772614509506,-11.19627465332898],[163.32303132763573,-11.267573815416988],[162.2420898878121,-11.438726594784358],[161.99832763555668,-11.411617040885975],[161.3619259300268,-11.228135985472823],[161.14746105337045,-11.145710242547754],[160.7894136775045,-10.854137456487383],[160.50574108902717,-10.640208769911967],[160.04951068980003,-10.367787074939985],[159.48224447525484,-10.014371320691271],[159.21555414154912,-9.838961736656874],[159.1253188825122,-9.73342095465346],[159.02323881848238,-9.659211943845694],[158.76401705101074,-9.552844038941052],[158.4889554099631,-9.485583705150612],[157.80852545739708,-9.103675892011813],[157.33358055146584,-8.848850041478212],[156.69931143340892,-8.562662336794865],[156.29496650129857,-8.1752865498742],[156.02027547209315,-7.859085592602867],[155.039,-7.075300000002766],[153.8938886305097,-6.2432208383743575],[153.54452868765907,-5.946297227475644],[150.7239948712542,-4.839816929224595],[148.92759334972425,-3.6197893399756533],[148.50044148131263,-3.1576246806799744],[147.86787914532343,-2.8573715090129554],[146.92692992692787,-2.77418464297769],[145.77463776088334,-2.592201860982684],[144.9401778515312,-2.6129256491422317],[144.16331863408018,-2.842344622680337],[143.03175274552143,-3.448556636573872],[142.19643746059558,-3.419029366618309],[140.71519268971142,-3.8926498868274386],[137.69394675231092,-4.8026509567381614]]}},{"type":"Feature","properties":{"id":"ridge-127","category":"ridge","featureType":"MidOceanRidge","name":"Manus Basin spreading ridge from Bird 2002","polarity":"","active":"","source":"EarthByte GPlates Müller et al. 2019"},"geometry":{"type":"LineString","coordinates":[[138.76995903721954,-4.232399695937838],[142.5091555613511,-3.692233168858977],[144.368,-3.53117],[144.807,-3.55013],[145.399,-3.48507],[146.11,-3.47062],[146.415,-3.43769],[146.836,-3.7549300000000003],[146.918,-3.6409900000000004],[146.999,-3.51435],[147.083,-3.38515],[147.162,-3.261],[147.241,-3.15205],[147.325,-3.05326],[147.407,-2.9620400000000005],[147.478,-2.90886],[147.539,-2.88103],[147.60500000000002,-2.87857],[147.816,-2.81284],[147.983,-2.92212],[148.123,-3.02628],[148.329,-3.14063],[148.499,-3.2219500000000005],[148.675,-3.30577],[148.878,-3.39465],[149.089,-3.46572],[149.295,-3.52151],[149.453,-3.54429],[149.603,-3.569589999999999],[149.717,-3.579659999999999],[149.773,-3.5922999999999994],[149.816,-3.6176399999999913],[149.95241362499846,-3.7252327313303835],[150.1876122090551,-3.818642729793611],[150.2460932548454,-3.9049003568483225],[150.70588643196538,-3.808438795068775],[150.9801968416497,-3.700038773996467],[151.09162161385268,-3.797144019031438],[151.32284825223732,-3.6560327199376195],[151.42102889973697,-3.7481647074831317],[151.56143879635277,-3.6652816188957797],[151.67681399611587,-3.7712927246329473],[152.03169411823026,-3.6347311433196032],[152.7981042039678,-3.734167542651467]]}},{"type":"Feature","properties":{"id":"inferred-boundary-128","category":"inferred-boundary","featureType":"InferredPaleoBoundary","name":"Manus trench from Bird 2002","polarity":"","active":"","source":"EarthByte GPlates Müller et al. 2019"},"geometry":{"type":"LineString","coordinates":[[147.0969885922515,0.3664018625832273],[149.481,-0.818472],[149.769,-1.00453],[150.02300000000002,-1.02138],[150.344,-1.12276],[150.717,-1.22404],[151.089,-1.30833],[151.427,-1.46017],[151.816,-1.64562],[152.155,-1.86475],[152.578,-2.13414],[152.916,-2.1502],[153.119,-2.20029],[153.39,-2.43572],[153.542,-2.60389],[153.711,-2.68759],[153.882,-3.04097],[154.03500000000003,-3.3268000000000004],[154.256,-3.6121000000000003],[154.359,-3.9484500000000002],[154.7,-4.28294],[154.955,-4.550280000000001],[154.992,-4.88657],[154.978,-5.24012],[154.592,-5.58051],[154.545,-5.90097],[154.533,-6.423240000000008],[154.73,-6.8580800000000135],[154.927,-7.29284]]}},{"type":"Feature","properties":{"id":"transform-129","category":"transform","featureType":"Transform","name":"PNG transform","polarity":"","active":"","source":"EarthByte GPlates Müller et al. 2019"},"geometry":{"type":"LineString","coordinates":[[123.97285614156615,-0.3818383862781918],[126.0249466223168,-1.4357623588520543],[127.30974631777406,-1.6859881830186145],[128.88833329259754,-1.9081275699844422],[130.43891412521177,-1.5842507545439948]]}},{"type":"Feature","properties":{"id":"subduction-130","category":"subduction","featureType":"SubductionZone","name":"PNG subduction","polarity":"Right","active":"","source":"EarthByte GPlates Müller et al. 2019"},"geometry":{"type":"LineString","coordinates":[[130.69379194778054,0.6480085212762032],[133.25832181740415,-0.0682335785017566],[137.32699907477394,-0.8544427388483029],[140.3172056137412,-1.7880446907651302],[143.27452654041528,-3.1721306284136648],[144.99229982593118,-3.681187470771199],[145.72229005211423,-4.121900012397738],[146.98652400070225,-5.160645810245595]]}},{"type":"Feature","properties":{"id":"transform-131","category":"transform","featureType":"Transform","name":"PNG","polarity":"","active":"","source":"EarthByte GPlates Müller et al. 2019"},"geometry":{"type":"LineString","coordinates":[[145.50686798611162,-7.2620089835285375],[144.89968390312055,-5.414456781953634],[144.7410149635335,-4.607415002708556],[144.17249517882377,-3.7835429111560828],[143.6706609883612,-3.068632416761956],[143.25920917382535,-2.3218326460977194]]}},{"type":"Feature","properties":{"id":"ridge-132","category":"ridge","featureType":"MidOceanRidge","name":"SW Indian Ridge, Africa/Antarctica, based on Bird (2003)","polarity":"","active":"","source":"EarthByte GPlates Müller et al. 2019"},"geometry":{"type":"LineString","coordinates":[[-4.7441113158297705,-55.029231680339244],[-0.40383005434781116,-54.86001109643762],[-0.031579475960206334,-54.672133725347905],[0.4500325954147667,-54.445680152870764],[0.9723230566980974,-54.82678355167844],[1.694595816241662,-54.39759345700737],[2.364524049202576,-54.032990009525584],[2.4332256894899054,-53.99359944364713],[3.0321184741429748,-53.64518420989621],[3.374267501931541,-53.827723329766734],[3.962603760521038,-54.1207032202266],[4.421607340719644,-54.424718663794046],[4.832378776987998,-54.15558687515989],[5.501644243407665,-54.53722268323226],[5.9197087631606555,-54.278296767893124],[6.1894951319306495,-54.10949810211701],[6.6317645515124495,-53.808737463495284],[7.243026743025773,-54.09530688465088],[7.775235337666678,-54.38831913866446],[8.29438841253653,-54.026907422746405],[8.806194380892542,-53.662520164507946],[9.07961248707415,-53.47404906460181],[9.453057870944805,-53.211931672532835],[9.998764172891239,-52.786030814650815],[10.5472641706231,-53.05910881536811],[10.980137679604717,-53.32572044918355],[11.730532340258508,-52.76552548292434],[12.31283545269239,-52.36281112392897],[12.900371849971165,-51.95676356084691],[13.12080545405233,-52.0838191494329],[13.271980275390176,-52.17138541905617],[13.792639420466092,-52.47052338501164],[14.468350859747332,-51.99095987819708],[15.116878190198042,-52.301124475893516],[15.434921921111139,-52.07596391927342],[15.826822330563978,-51.78081961739016],[16.80290958117425,-52.125462888321536],[17.602933590174192,-52.39293427525108],[17.806551140382144,-52.45913747367074],[18.54179673889336,-52.72796106210223],[18.716346293483383,-52.546501339900445],[19.99725636442275,-52.81030540036446],[21.254406519486935,-52.90227429099109],[22.49753219801535,-53.04354503828146],[23.078979255229783,-53.09082912657653],[23.02575920866671,-53.19382754398347],[23.886828200716046,-53.30164008445205],[24.688706021094756,-53.41507890426594],[24.875714289110803,-53.3385397805776],[25.183012859807548,-53.43739925950568],[25.65094646089685,-53.40296193400225],[25.864049903317838,-53.47286159469366],[25.990326627745038,-53.575122731215444],[26.18439776454377,-53.42160193942105],[26.34194474552216,-53.056431992252634],[26.516227407949764,-52.61319812126065],[26.716403385972118,-52.37107698210602],[27.32524782767685,-52.54040383669271],[27.37323678479218,-52.66592032847442],[27.481813451392632,-52.76408950268045],[28.113776334139505,-52.8968946770616],[28.317627860018977,-52.52788236293815],[28.405350738354677,-52.27109088495832],[28.608722115554954,-51.76448730025414],[29.259713953635902,-50.646391919064165],[29.31688635515796,-50.54968868328413],[29.353485521660872,-50.48844536047285],[29.442559796597646,-50.35110573570466],[29.71426189153335,-49.92662839869292],[30.364871448561857,-49.20805535831094],[30.707039804552693,-49.003836606633996],[31.308567814491056,-48.156454353168556],[31.86212712830969,-47.194544940413074],[33.17583325559996,-47.257412834957464],[33.54179677693817,-46.33936568987169],[33.82006486211947,-45.97209008220414],[33.9842955633452,-46.07429816240374],[34.08865569464684,-46.0828008805804],[34.268782883580926,-46.20535945121525],[34.50541291681399,-46.21460195322733],[34.70572946825409,-45.964258341368875],[34.87070452732039,-45.45707274328946],[35.01634540049373,-45.098833448896016],[35.18270712982878,-44.848431309330046],[35.66134237629196,-44.85894097171685],[35.97393694918332,-44.953999119406056],[36.305549815932864,-44.959540394081884],[36.67844592062022,-44.91285804945962],[37.08713869804981,-44.79728463679829],[37.50969426887061,-44.86833933636298],[38.08414214151916,-44.611866653802345],[38.19498652960984,-44.394059527604725],[38.33956615284899,-44.04775881388729],[39.07408073343913,-44.15785587080964],[39.268455465734284,-43.71875528294452],[39.4599312516695,-43.279254782004784],[40.50681177458298,-43.43065341479582],[41.55869048240642,-43.57245437700134],[41.68677771601364,-43.11045465408188],[41.81286561385006,-42.648354960742175],[42.469391763687526,-42.72295710102193],[42.572683807585925,-42.253257520757444],[42.67447633671221,-41.78345795647484],[42.77476933657664,-41.3135584072041],[42.87366278270727,-40.84355887247046],[44.00984300981866,-40.90806570126823],[44.0236446465915,-40.66386580097981],[44.68637545426893,-40.6841710629578],[44.716577167586976,-40.36197132482718],[45.30321693707146,-40.35897679361748],[45.33231836593094,-40.10157708378729],[46.07484263438616,-40.11208509201786],[46.16064634101251,-39.48758609223886],[46.244850364110974,-38.86298708888396],[47.135666222453345,-38.75679854754398],[48.02368332505758,-38.64381163075667],[48.01738835122583,-38.47111153215005],[48.632842326124475,-38.007321562529185],[49.034605055119805,-37.993028538588874],[49.036810795416876,-37.78482857776864],[49.9452264704539,-37.78334560052831],[49.96233097561125,-37.589945937530935],[50.8233523499304,-37.573063693587684],[50.82705643018969,-37.443863773264304],[51.55479034147226,-37.43467999037364],[52.28262445459352,-37.425397310259314],[52.31054648653699,-36.790497996287385],[52.337968272739346,-36.1555986715939],[52.90221974546019,-36.14621291896663],[53.46637147695109,-36.13412782193269],[53.47049676493506,-35.50992793298258],[54.2159431868289,-35.29564863808719],[54.254972320999016,-34.5348497531984],[55.2744889746553,-34.5537800021935],[55.30079920706926,-34.28048081083312],[55.69846985463044,-34.228293208447695],[55.73769351429671,-33.64609444836398],[56.40034320970206,-33.62011587735349],[57.060395680671654,-33.547538111181716],[57.090928673131934,-32.8283391604975],[57.12205217498984,-32.29614023222639],[57.15277549839852,-31.763941292099062],[57.79973142622084,-31.71536406377565],[58.45598612350356,-31.684388027196704],[58.52961342757766,-31.048690769305832],[59.1663695754212,-31.043114944174178],[59.1876933825994,-30.560515767350317],[60.00503839458587,-30.5541480248903],[60.762389026041646,-30.524979104971337],[60.74691900958669,-30.007978458091216],[60.76201888057424,-29.99247908887932],[60.78604691875879,-29.45868009297925],[60.809874732296706,-28.92478108984291],[61.53183008404043,-28.913411846046316],[61.517239047833556,-28.77071121405878],[62.16149708023999,-28.80493951176398],[62.13471733694568,-28.483138318809942],[62.74578185761485,-28.452065881207943],[62.702602494064806,-28.146063909097524],[63.21077131557317,-28.15758734495429],[63.19378086839639,-28.01498655302465],[63.62065442206584,-28.03240661548576],[63.603268050429385,-27.824905791112485],[64.46641822951823,-27.81114741188776],[65.33156813654026,-27.80589057586666],[65.3469865273899,-27.507791357707642],[66.35842873544425,-27.508243673649943],[66.37244354717852,-27.2748444118754],[67.12840193726248,-27.262984807319697],[67.15492791956004,-26.861186243711018],[67.42341301483901,-26.86370086471026],[67.43273297246569,-26.565301374137228],[67.96160362421747,-26.576830582206345],[67.97852304536738,-26.284431524742804],[68.62129095159038,-26.25636775074464],[68.59730224839679,-26.114466384575657],[68.81908916830753,-26.134879053806632],[68.82879804867169,-26.002779610237056],[69.14938248490402,-25.98719809087577],[69.13729806898074,-25.778197390346048],[69.45968165947528,-25.776116160137356],[69.48938778672206,-25.670117899162673],[69.95886571275827,-25.645145603131805],[70.50752077474952,-25.55065554340387]]}},{"type":"Feature","properties":{"id":"ridge-133","category":"ridge","featureType":"MidOceanRidge","name":"Mid Atlantic Ridge, based on Bird (2003)","polarity":"","active":"","source":"EarthByte GPlates Müller et al. 2019"},"geometry":{"type":"LineString","coordinates":[[-49.3385716316672,17.743636358493415],[-46.78368294281994,15.571057835985881],[-45.96007194882655,15.361285878307635],[-45.14258285277453,15.268070450325114],[-45.14887682373896,14.647471333006902],[-45.15507026201099,14.02687220151239],[-45.07417515632008,13.992460770321818],[-45.06217328574458,13.336559067339737],[-45.05027088801793,12.680657378418774],[-44.27497682700381,12.626247747836835],[-44.29055468433013,12.101449946344914],[-43.89755605357422,12.085994329023421],[-43.915741658224995,11.50679689723122],[-43.933826907409816,10.927599451198985],[-43.461429169703926,10.90603256340192],[-42.9890316588057,10.883665639418203],[-42.51673435965981,10.860598697972721],[-42.04453727164211,10.836831743632748],[-41.57244039407875,10.812364780961584],[-41.1003437408855,10.78709780032988],[-41.096262168659564,9.97958721277504],[-40.874863027740666,9.972855795968648],[-40.87824821623152,9.389536270305488],[-40.65365052956798,9.372984397026386],[-40.6657280106423,8.840736105525307],[-40.13313155731794,8.815320516256918],[-40.15441861384052,8.215433531398718],[-39.674421207062636,8.19725540276655],[-39.194423964810625,8.1785072744687],[-38.71452688499284,8.159199165477986],[-38.234629968412996,8.13932106637893],[-38.22019306506743,7.703129013463812],[-37.54929694618486,7.679043837313873],[-36.87850112408231,7.653918717338676],[-36.865137690917,7.400486820310927],[-36.071443922405855,7.362904346661888],[-36.060692891786644,7.022702820311045],[-35.38030640598849,6.934336481972437],[-35.376752486236875,6.613315975719722],[-34.50755341963006,6.615033032218684],[-33.6382545714806,6.616740244222103],[-33.63422793926021,6.103349670723954],[-33.527532112114386,6.075314612892645],[-33.52079297412857,5.6485836576334885],[-32.99199414089453,5.646209077195448],[-32.933914105858136,4.802810882112224],[-32.87593374635271,3.9594127020866],[-32.40123071489137,3.984865836953523],[-31.92642776914278,4.010039028751109],[-31.451624908145128,4.034942296159967],[-30.976722132605094,4.059575629733561],[-30.90113577110652,3.2535250186915583],[-30.825749180938622,2.4474844378504077],[-30.75036241133245,1.641423859173556],[-30.041467870190946,1.6057245672777138],[-29.934981251303387,0.7960206619552634],[-29.22427431486667,0.8474273597180874],[-28.361160172629397,0.9514330706464721],[-27.84555285707934,1.00580838373443],[-27.32994559323724,1.0600968321953324],[-26.488632636079792,1.1573203878007885],[-26.303424050674177,0.4962507999261886],[-25.673816249286347,0.5541929860670629],[-25.044108510199333,0.6120673966004683],[-24.835426396971915,-0.24668025265181773],[-24.626644070128545,-1.1054258879193894],[-24.06563417438987,-1.036062669902581],[-23.504624303064237,-0.9665932416719136],[-22.95041252327099,-0.8827456718518454],[-22.39620078726224,-0.798809882659588],[-21.558584620083458,-0.682755121798377],[-21.031672008217917,-0.5910970802298221],[-20.504759459320976,-0.4993838184288966],[-19.689537345798836,-0.3361618142308377],[-18.864516252928013,-0.17900654641389865],[-18.38410251465609,-0.07570906896785085],[-17.903688865149267,0.02758881638034173],[-17.337673266531308,0.1465099750522361],[-16.771657798359094,0.2654178357696867],[-16.512953906613024,0.29574405189654984],[-16.26706534287952,-0.5594350054167152],[-16.05206047123148,-0.5228939808416018],[-15.855541336608692,-1.1464885163457461],[-15.580131955529806,-1.0765642296295834],[-15.425286177965077,-1.4967642791862696],[-14.674360255289455,-1.3043811418740687],[-13.923634582774854,-1.1117773879265445],[-13.172909176098594,-0.9189780266962381],[-12.944783989226192,-1.510881971163041],[-12.716458536295367,-2.1027708828711256],[-12.179137898099365,-1.9492086765924892],[-12.013994770600467,-2.404029450533207],[-11.848751503855633,-2.8588402056223154],[-12.044472114446732,-3.0172256245593845],[-11.912732030539022,-3.49652217963744],[-11.78079185612281,-3.9757987397451657],[-12.112109940791902,-4.106797127711607],[-12.053970918937102,-4.591204442890806],[-12.159874186342774,-4.612581122198479],[-12.033926276991574,-5.029346966208039],[-11.61981335711543,-4.946138920180265],[-11.531572479842424,-5.418879968857885],[-11.182365472059855,-5.3809435885328805],[-11.037734110199825,-5.934111616830773],[-11.282647194260672,-6.024101081946606],[-11.196139423029576,-6.759301881572487],[-12.0089720426429,-6.964600118033318],[-12.82250472389054,-7.168497505131626],[-13.636737443871795,-7.370974061614713],[-13.505204010086048,-7.892670826174458],[-13.373270578617534,-8.414317622682598],[-13.206964263611917,-8.377638762210378],[-13.038973249518452,-9.228880092161878],[-13.264182255173155,-9.280101499917395],[-13.182349045083454,-9.798071900299542],[-13.331154628534359,-9.828292990809596],[-13.189757784671135,-10.626730966298892],[-13.047561209824638,-11.42514902111853],[-13.540583041600765,-11.542286350459262],[-14.034004805849559,-11.658623363102445],[-14.527826483848205,-11.77406006307933],[-15.022148084806044,-11.88869644156459],[-14.924108018614124,-12.34240908416767],[-14.877504793430903,-12.323015088270923],[-14.807449341274491,-12.659624112757916],[-14.566535408979728,-12.580455097180367],[-14.426720119839105,-13.221573057083088],[-14.616129236127607,-13.268948729640016],[-14.555692393895443,-13.740056500414768],[-14.495055740923389,-14.211164293010254],[-13.659419408130262,-14.039071225748962],[-13.45192664242374,-14.852997668250984],[-13.242934250243568,-15.6668242541164],[-13.400340464710155,-15.691804240531388],[-13.255509859501826,-16.215322660952715],[-13.78713494190332,-16.326454950945564],[-14.319359811969635,-16.436186857977386],[-14.255104960038766,-16.767995097927997],[-14.385809104567212,-16.780478338156446],[-14.241291850317149,-17.38939687367284],[-14.095774897607521,-17.99811551489976],[-13.536049333307455,-17.89658698316916],[-12.97692348619341,-17.793458033093405],[-12.876991117046925,-18.290870699899216],[-12.776558993237197,-18.788183418786915],[-12.494447446387166,-18.750219072378677],[-12.387628978375533,-19.344632554154433],[-12.280010933604434,-19.939046123705065],[-11.961987658312413,-19.828586129085803],[-11.86964997221752,-20.282197727141433],[-11.988255826787201,-20.302882833275167],[-11.780776467169394,-21.179708884928885],[-12.02418750905189,-21.21287832613551],[-11.867159713455186,-21.738898052849922],[-11.953564482512018,-21.755987204513954],[-11.83691991939369,-22.157201851374808],[-12.382051237665388,-22.27083328413082],[-12.927982234162561,-22.382664277613586],[-12.868917893024072,-22.633471762067398],[-13.357645835416925,-22.73380973572487],[-13.847173514832491,-22.832747344596847],[-13.681677116476367,-23.547768473794974],[-13.588270045139776,-23.51788038191242],[-13.443962174524136,-24.14939876702385],[-13.298254925602711,-24.780717307224236],[-13.828787339410201,-24.89094971275897],[-13.681501721529706,-25.651568516865787],[-14.066827281085187,-25.741119293160235],[-13.834054795291657,-26.589149057161357],[-13.708047500109533,-26.567965140092255],[-13.500881965057413,-27.446491553460916],[-13.290317956029993,-28.324618351939144],[-12.764282324940895,-28.216985062270442],[-12.551394109104779,-28.94461198014405],[-14.009196759807413,-29.254608738527725],[-13.83898640337008,-29.855552442340567],[-13.735150062928325,-29.831565313430687],[-13.385830515496101,-31.160293071812596],[-13.518107595440735,-31.18286408175547],[-13.264670601545172,-32.146440354188435],[-14.542549491557072,-32.403821275977606],[-14.386560231482633,-33.502437879193934],[-14.721584573319864,-33.57258971664307],[-14.534990057720199,-34.04652116993458],[-15.293802666999435,-34.24122209520275],[-15.10352828092321,-34.69255001824338],[-15.285809441620172,-34.77367112576202],[-15.120241235493653,-35.185732599626995],[-16.981657311301174,-35.50244319132847],[-17.72316115373032,-35.66622611686144],[-17.105488568094312,-36.47494051194044],[-17.460856533706956,-36.565621008057356],[-17.354047851553933,-36.945316012655404],[-17.253990090274584,-37.37736138418095],[-17.553591225630704,-37.47549837166807],[-17.408655097923372,-38.02822575223135],[-17.07056124647978,-38.450179772637085],[-16.819502918656337,-38.40446614108608],[-16.38131468947806,-38.561607735752524],[-16.064854856257803,-38.88624488478315],[-15.986228350830235,-39.353554158215154],[-15.94331115408453,-39.6839607046632],[-16.43591347320462,-39.793325424699255],[-16.490800065144608,-40.2761308571712],[-16.888563464966378,-40.36944835142317],[-16.837777736001108,-40.79187470019793],[-16.69928934789886,-41.522117963442376],[-16.35236693479438,-41.80981082560748],[-16.236122307353533,-42.34122403188685],[-16.451805236770486,-42.870650868957156],[-16.35129623703532,-43.39067340312915],[-16.266671429930746,-43.6862787664992],[-15.616038814080222,-45.47882392480641],[-14.916310619499102,-45.37498667698548],[-14.73780200162894,-45.902017760108784],[-13.832312433028989,-45.80079651776897],[-13.34809107433023,-47.581344745404685],[-10.506300713760949,-47.12934728675199],[-9.73245485012007,-49.21997624325959],[-8.161951385672683,-48.96513529764672],[-8.044795020672307,-49.286712084713805],[-7.983318496376442,-49.274595894979875],[-7.93229909880526,-49.40198484988551],[-7.753433168515357,-49.84016688912546],[-7.6607482465263175,-50.06304794050464],[-7.455706055546056,-50.00572752844776],[-7.181971264138322,-50.61413941254706],[-6.685367012751489,-50.5197268362669],[-6.235124771949049,-50.43190945914138],[-5.694770850090326,-50.3240608098515],[-5.192336488708955,-50.22068982251795],[-4.260677756203434,-52.05328610620536],[-3.978803249629058,-51.98373989122281],[-2.395883129412443,-54.3323587734919],[-1.4058044818768145,-54.05831619260043],[-0.44625007714429943,-54.86886856841312],[1.8437776683737812,-56.76362465405094]]}},{"type":"Feature","properties":{"id":"ridge-134","category":"ridge","featureType":"MidOceanRidge","name":"SE INDIAN OCEAN RIDGE, Australia/Antarctica, based on Bird (2003)","polarity":"","active":"","source":"EarthByte GPlates Müller et al. 2019"},"geometry":{"type":"LineString","coordinates":[[67.84816595703094,-24.62560359112211],[70.00397958166684,-25.629069509824728],[70.42802263846863,-26.044684311272455],[70.68470167591333,-25.896563075923165],[71.01371730730304,-26.17130820333138],[71.15473722578598,-26.06704195381568],[71.59949144517314,-26.438133747898586],[71.73603215382447,-26.369369999259895],[72.0851393921024,-26.639507489621707],[72.02798387684405,-26.701734068229882],[72.48236681314762,-27.129523349200763],[72.94014697208169,-27.555912113992115],[73.14254157024365,-27.428819022550744],[73.41942061319868,-27.637892066694125],[73.55404989517038,-27.552630455039363],[73.98849895348562,-27.926832368458825],[74.42594527039637,-28.29973392301869],[74.21251185164685,-28.523830672891517],[74.61215785241572,-28.885849815009212],[75.01460142056905,-29.246668557789654],[74.95824902419834,-29.310593900915293],[75.57474204735043,-29.82131775000167],[75.38507540970444,-29.987802530681233],[75.53591462424434,-30.09953512211835],[75.41371025322609,-30.22208975293128],[75.81843511425551,-30.555309236343177],[76.22585734321774,-30.887328432392575],[76.16950711423955,-30.952053398871662],[76.710999782414,-31.44631437148414],[76.41661275245627,-31.7006441863897],[76.8343551882539,-32.071360219276556],[77.25549460766001,-32.440675757934365],[77.680030932098,-32.80859083683959],[78.10816397576541,-33.17500540473169],[77.37472760522724,-33.819423890517186],[77.93970832526318,-34.30467841105968],[78.51118309648686,-34.78733199920362],[78.46561650786725,-34.822951586701464],[78.82693445661559,-35.14169668796824],[78.22501677356989,-35.66385530633083],[78.71396892075006,-36.078545177586975],[79.20811631932808,-36.49123425389291],[78.6309876783188,-36.97888087787147],[78.04646655560383,-37.46373267101351],[78.73144394115778,-37.9811379655959],[78.20725646982365,-38.37396336327258],[78.55515008964296,-38.63981366881474],[78.09931896799553,-38.98571005802077],[78.41021809943203,-39.24267605383559],[78.02902298392866,-39.519340527716665],[78.45217181863275,-39.885558108997905],[77.85175230361608,-40.3069174097384],[78.5111670149942,-40.84703290465654],[78.68602010712583,-40.85275787049402],[79.34670759513565,-41.36427607009353],[80.01778487658149,-41.87189251965718],[80.49085124876426,-41.49169416482168],[80.95842369557893,-41.10949946851166],[81.77909802857047,-41.70176122643236],[82.61495555405075,-42.288021095569995],[83.46639521689474,-42.868179231622705],[83.88030216835178,-42.52901465518724],[84.28971459415985,-42.188352975293135],[84.69483246215857,-41.84629408560404],[85.09555576813437,-41.502837998131454],[85.49198443805109,-41.15798464658509],[85.88431836360733,-40.81173392732382],[86.4271302818641,-41.10622723082044],[86.97483500578251,-41.39822072328958],[87.52743225376898,-41.68751447922782],[88.08502190746644,-41.974208537683424],[88.51316089068513,-41.662551833178505],[89.03533826651433,-41.92066255169436],[89.56170889923877,-42.17647372778903],[90.09237257236123,-42.42988538984815],[90.62732910665238,-42.68079760369411],[91.16657832416989,-42.92911043615914],[91.71022013675176,-43.174923920965284],[92.25815440722066,-43.4181381618816],[92.81058094239779,-43.658753162232834],[93.36739960789525,-43.8966690282876],[93.9286102947684,-44.13188583324779],[94.49431278965035,-44.36430361938197],[95.06450698600578,-44.593922463293644],[94.94987381302312,-44.77975870345088],[95.83038963403413,-45.115583144699634],[96.72128537220668,-45.44461054172844],[96.29811058441702,-45.970339310725386],[95.86685122315822,-46.49447199938295],[96.4827197509793,-46.74578305783085],[97.1042775094009,-46.99379541791291],[97.73162423123641,-47.23840915678847],[98.36465975295833,-47.47952441311246],[99.00348388037575,-47.71714126831737],[99.64819635853715,-47.95115980755252],[100.22516526916422,-47.23940022912245],[100.83996613311034,-47.43813329350091],[101.45875749043157,-47.63356844440601],[102.08253875800261,-47.82570550439071],[102.71031029502608,-48.014344824334366],[103.34307157647655,-48.199586239143656],[103.98082244050325,-48.38122984859556],[104.62256351313859,-48.55947599044372],[105.26829461540883,-48.734024749977856],[105.91901522420335,-48.904975987458556],[106.57472526929197,-49.072229806607965],[106.71251389824882,-48.812699549226664],[107.50614280605424,-48.98572860531286],[108.30475844677055,-49.153262180405015],[108.25982154735267,-49.229671399577505],[109.3702880375365,-49.494248931356246],[110.49093348870953,-49.74998895246036],[110.88771715386731,-49.79973277176544],[111.14764617737977,-49.77086653677421],[111.37394970727269,-49.89570989420582],[111.68359000231789,-50.05420681863672],[112.98467468547855,-50.17054089328925],[114.04093306854499,-50.35795479225719],[114.37851947408618,-49.847754394280635],[115.51594969881964,-49.94420618769484],[116.00329413104484,-49.82154792593294],[116.27083143340437,-49.51041828237724],[116.64968359296219,-49.24043023714335],[117.5390096842358,-49.590045705777435],[118.20765056296456,-49.83426028526412],[118.56099233862494,-49.77135212532685],[119.38130947371852,-49.9080709863285],[120.28547610447765,-50.005122081223035],[120.53292841737293,-49.48460012611241],[120.85411461445227,-48.85879244977016],[121.56698747106402,-48.97491680207352],[121.44888612420196,-49.58906058419603],[121.87898846755309,-49.70502997314026],[122.23569138603908,-49.81521956588826],[122.56378045112056,-49.78053616725049],[122.80818881396944,-49.697271221273],[123.02351998141764,-49.51123299005511],[123.33847804398954,-49.55372198089305],[123.78197277037373,-49.089919488735624],[124.0166099601748,-48.874754367385094],[124.22181162141048,-48.81625321411577],[124.61688523206506,-48.95248467703198],[125.0016549597078,-49.121952941949814],[125.13440659671681,-49.32678528688913],[125.27170661709043,-49.56737608093717],[125.90470403593363,-49.68618952052854],[126.10404876332447,-49.33054105679984],[126.23415191947954,-49.08629389467063],[126.27296989485674,-49.01350167986712],[126.44261860633391,-48.59852764659203],[127.32098550359753,-48.73263224859325],[127.1515153758955,-49.944840580314846],[128.32490025457696,-50.129176088430036],[129.40213780598572,-50.31362892784884],[130.57597635420947,-50.493657253542324],[131.11639759714532,-50.55600996602188],[131.26137134296474,-50.57244277387606],[131.52044704013932,-50.191009134838716],[132.2659137851725,-50.19162364266951],[133.45523426649603,-50.273306268291456],[134.00888291304543,-50.3039001977935],[135.02887984411072,-50.35295807303353],[135.2488529757713,-50.1780323274997],[136.2280299313948,-50.216457412190515],[136.94803686112752,-50.18938025404032],[137.70516765837894,-50.20259352892776],[137.907266587514,-50.20226742443391],[138.40176682389105,-50.20019206459449],[139.0915592685274,-50.224084824588296],[139.33266574124065,-50.234939630144645],[139.64490166013357,-50.24824978908382],[139.7361597067856,-51.174589454879595],[139.81228084188842,-51.80657103130994],[140.32228243608657,-51.7677098669266],[140.46105342633408,-52.62424354593647],[140.47712894697753,-52.72095651382894],[140.58213429992375,-53.47149563461664],[140.59982624053976,-53.55973859587588],[140.65731227889938,-53.85438015570951],[142.24685689405447,-54.18430694683441],[143.77394020539225,-54.20369114638749],[144.27755925718003,-54.768067247474185],[145.39681190034472,-54.72523410767714],[146.88097706581755,-54.66514760758873],[147.89319462436788,-57.536234317432324],[148.0673007007273,-57.49730408052367],[148.79671204360525,-57.40596477827352],[149.99435970342518,-59.54080569652707],[150.72050120182797,-59.44618344842283],[151.2767477473242,-60.38347849440815],[153.62392505322475,-59.90114724358249],[156.4361376938961,-62.88603162050208],[159.9824855446453,-61.82353151596455],[161.80804863992225,-61.15467800948942]]}},{"type":"Feature","properties":{"id":"ridge-135","category":"ridge","featureType":"MidOceanRidge","name":"CENTRAL INDIAN OCEAN RIDGE (INDIAN PLATE) (AFR/AUS)","polarity":"","active":"","source":"EarthByte GPlates Müller et al. 2019"},"geometry":{"type":"LineString","coordinates":[[68.45365675707657,-6.715204591887608],[68.29738661902513,-6.809215366301094],[67.81762963699336,-7.2394703366130235],[68.07783961594549,-7.639332044120086],[67.64805654285213,-8.019560725875118],[68.04829567185487,-8.479347862177356],[67.09874849984182,-9.259853969868372],[67.388937374616,-9.619699084526214],[66.46936297851553,-10.340191061028595],[66.79957959966572,-10.750014195002056],[66.17985068343168,-11.200346575628464],[66.43003758563437,-11.550212333603518],[65.71032083451048,-12.010599225322371],[66.38075256880288,-12.82023896532968],[65.83102315704441,-13.260534436982345],[66.22129745013706,-13.770324704030829],[65.94142312298194,-13.97047514992331],[66.50181076549893,-14.690174317788069],[66.90211928191216,-15.259960002621062],[67.30241613814249,-15.809746180278575],[67.39248074146997,-15.929698139388506],[67.04261433646049,-16.129885004016373],[67.42289602657794,-16.649682026397013],[66.72318460737814,-17.080056062035062],[66.15342671071545,-17.440361730475495],[65.55365376124558,-17.770684523729106],[65.0238481799607,-18.050970509984],[65.5342826749254,-18.820695133828096],[66.04470598218062,-19.57042049853608],[66.44498489891686,-20.070205642979733],[66.76483740590515,-19.860034201192647],[67.05503095590043,-20.2098790128646],[67.32492241138482,-20.059734837380002],[67.60508541353167,-20.359585489370218],[67.78501871848248,-20.26948965676072],[67.91512482672957,-20.459420467731686],[68.22499453309845,-20.279255800875177],[68.57522352721888,-20.69907016518651],[68.29534681486501,-20.869218560113637],[68.66566687794501,-21.4390223942241],[69.216016233363,-22.078731678823203],[68.81623307115896,-22.37894288217251],[69.17647653393651,-22.818752658913805],[69.57677893272646,-23.35854181279689],[69.8669660972981,-23.698389306670297],[69.41721366620892,-24.028625938383808],[69.69739722189351,-24.358478528771233],[69.9575699209629,-24.668341894287785],[69.60778763479581,-24.9585257623474],[70.1080671256239,-25.46826307155681],[69.98018592666169,-25.633230186078162],[69.54802339729643,-26.902271500926947]]}},{"type":"Feature","properties":{"id":"ridge-136","category":"ridge","featureType":"MidOceanRidge","name":"CENTRAL INDIAN OCEAN RIDGE (INDIAN PLATE) (Africa/India)","polarity":"","active":"","source":"EarthByte GPlates Müller et al. 2019"},"geometry":{"type":"LineString","coordinates":[[58.13448472336359,12.838137639216765],[56.92536768496734,9.977765142035041],[56.985404174444525,9.867783708301106],[57.03540535425149,9.86779916914806],[57.26546800958068,9.68787022119117],[57.49539092287335,9.947941124853507],[58.06553433401442,9.538116340137417],[58.02555861208914,9.458104075607434],[58.26561460022781,9.29817763423617],[58.15567493466241,9.098143950777803],[58.43575340113021,8.86822966666302],[58.25581521725616,8.658174603219516],[58.6159011084395,8.408284680892514],[58.925979275422186,8.178379208657372],[58.88600019583044,8.108367029976849],[59.316111289077575,7.778497786959751],[59.22614040547935,7.6784704665418],[60.18638025975059,6.958760876575962],[60.04643273266776,6.7787186895858795],[60.67658398124326,6.318908175714122],[61.1467129227351,5.919048840421035],[61.66684753247385,5.499203758175754],[61.536914570465996,5.269165114307905],[62.007026022261876,4.919304654753448],[62.46714826215997,4.529440621847877],[63.007276286651475,4.119599455815684],[62.87733965881021,3.899561309255236],[63.33742124194422,3.6396961118081883],[63.397401348869614,3.709713644390396],[63.827470330074384,3.489839012555154],[63.89743604438161,3.6098593624391104],[64.62755401995354,3.23007076902597],[64.68753147475394,3.310088068011658],[65.21764612822979,2.9302404382622247],[65.49753977233249,3.310320558911536],[65.96763876741971,2.980454531733102],[66.38770515679188,2.760573653943778],[66.1878056859144,2.4005170182963487],[65.99790100529981,2.0604630957584993],[66.33795708010169,1.870559539178241],[66.67802685721139,1.6306556126284606],[66.49810791793266,1.3406048134212225],[66.878182731311,1.0807119674787007],[66.66828073721616,0.7306528283682014],[67.16838845961108,0.3507934469641014],[66.8484950572779,-0.029296430198323974],[67.2185790688543,-0.3291925110205119],[67.02864669281107,-0.5692458033329509],[67.66877369613354,-1.0290667179036244],[67.37888663338124,-1.4291476744310165],[67.93901462791055,-1.8989915481511261],[67.79906568064048,-2.079030470134802],[68.25918718028245,-2.5289027906830626],[67.89928777180289,-2.8790026260887522],[68.2794117163744,-3.338897225241094],[68.67952323148576,-3.7587868074546575],[68.359624551273,-4.108875071875431],[68.75973787102767,-4.538764762874296],[68.20988304978754,-5.0289165361935435],[68.6199954885755,-5.458803268038507],[68.2301201848141,-5.878910965632923],[67.79023307642018,-6.249033090829344],[68.30037922559475,-6.808891558407044],[68.48133088277825,-6.99258546844967]]}},{"type":"Feature","properties":{"id":"ridge-137","category":"ridge","featureType":"MidOceanRidge","name":"Jan Mayen MOR","polarity":"","active":"","source":"EarthByte GPlates Müller et al. 2019"},"geometry":{"type":"LineString","coordinates":[[-5.7194103663059845,69.48716344789996],[-12.378606456890864,70.31018811118308],[-12.69417767160931,70.26396276041146],[-13.06621923082057,70.02327580769844],[-13.329597095677755,69.71712744064224],[-13.650991820540368,69.37145871049209],[-13.88795071820165,69.1159304938522],[-14.214024156718116,68.8010314602776],[-14.51129449830261,68.52102362857339],[-14.835626472658587,68.2873739475688],[-15.247724161953018,68.05998795562928],[-15.615128315972573,67.78511296106007],[-16.05380174654904,67.50063999330568],[-16.466179868845032,67.25047880967688],[-16.780925147720378,66.94302866005664],[-17.022725500898154,66.66030830971629],[-17.12348184858169,66.40793319363466],[-17.267769202567415,66.1303971339188],[-17.381565782129623,65.75548914167327],[-17.325697846507165,65.42705231454812],[-17.379218181267557,65.08411723649866],[-17.13093826598387,64.49890939389333],[-16.958051115294566,64.10216865179088]]}},{"type":"Feature","properties":{"id":"ridge-138","category":"ridge","featureType":"MidOceanRidge","name":"Greenland - Eurasia","polarity":"","active":"","source":"EarthByte GPlates Müller et al. 2019"},"geometry":{"type":"LineString","coordinates":[[-17.80734114784539,66.6558464707374],[-19.868248597608492,66.02422923842649],[-20.80458364231405,65.77431854122753],[-21.280813358273107,65.63055767561254],[-21.977579332217225,65.44335034473188],[-22.931394411329173,65.19983807046653],[-23.700903272990036,64.86999334061615],[-25.969834226400557,63.777455398360964],[-28.56645654419386,62.15666994839647],[-30.97752966357283,60.44535384209697],[-32.10188310953509,59.655864177996406],[-33.257300485058735,58.72145127766938],[-33.710554730580384,58.46821553669431],[-34.692051634490014,57.717366715755425],[-35.00961836494982,57.75408499373441],[-35.39724152840479,57.016976820713616],[-35.566850539716356,57.0399415339539],[-35.69114216036124,56.82707238639337],[-35.78851400615547,56.56996754044473]]}},{"type":"Feature","properties":{"id":"ridge-139","category":"ridge","featureType":"MidOceanRidge","name":"NATL-S ROCKALL ISO MOR","polarity":"","active":"","source":"EarthByte GPlates Müller et al. 2019"},"geometry":{"type":"LineString","coordinates":[[-35.367432863101214,56.80403429075187],[-35.71521611496907,56.80994501847266],[-36.588342774955485,56.841345854962256],[-37.159904313811786,55.16473466627372],[-37.50641240595493,52.70937555733865],[-37.45825231777729,52.370209601633704]]}},{"type":"Feature","properties":{"id":"ridge-140","category":"ridge","featureType":"MidOceanRidge","name":"Ridge from iso A5 from Antarctica at 10.9Ma","polarity":"","active":"","source":"EarthByte GPlates Müller et al. 2019"},"geometry":{"type":"LineString","coordinates":[[-48.046951910100134,-63.804542525735215],[-39.39686149820084,-62.80341980334733],[-35.75501027622378,-62.435966137467354],[-33.50365452684446,-62.608933995245344],[-32.72160640265867,-61.598106752154166],[-29.22355358162715,-61.755220948135566],[-28.562778443772185,-60.739381305874446],[-17.478900000010377,-60.89529999999968],[-17.367800000010327,-60.14069999999961],[-16.25250000001037,-60.12719999999964],[-16.24790000001032,-59.57759999999977],[-15.375900000010327,-59.60289999999963],[-15.327400000010266,-59.32309999999968],[-14.030300000010298,-59.29489999999974],[-13.995300000010248,-58.49799999999973],[-11.679900000010278,-58.5270999999997],[-11.681500000010264,-58.22549999999982],[-8.872375916556914,-58.04320976519537],[-5.589733620558946,-57.84479834189033],[-5.54114190671681,-57.22454364624262],[-4.193397659440523,-57.18749645902239],[-4.170040675328924,-56.4998269965562],[-2.5548000000102173,-56.42599999999996],[-2.5471000000101665,-55.74000000000001],[-1.1228000000101896,-55.62000000000001],[-0.42714256609629664,-55.539947755181046],[1.2728272881208607,-54.587481675648895],[0.4869904648718429,-54.03119884090514]]}},{"type":"Feature","properties":{"id":"rift-141","category":"rift","featureType":"ContinentalRift","name":"Somalia Africa boundary from PB03 GS","polarity":"","active":"","source":"EarthByte GPlates Müller et al. 2019"},"geometry":{"type":"LineString","coordinates":[[37.37993233301885,7.405078812063325],[37.36921949967804,6.461409344747329],[37.59339999999997,5.956540000000022],[36.92550000000002,5.9539900000000054],[36.29389999999999,5.03226],[32.19370000000002,5.688570000000008],[31.287199999999977,4.461890000000006],[30.514799999999994,4.205000000000004],[30.456999999999965,2.8193500000000005],[31.553200000000018,2.528490000000002],[31.619599999999988,2.4974900000000018],[30.60540000000001,1.4219600000000026],[29.875699999999995,0.06227210000000009],[29.393099999999997,-1.3129799999999994],[28.867199999999983,-2.3227300000000137],[28.950500000000012,-3.965510000000008],[29.599900000000034,-5.099300000000024],[29.59449999999998,-6.077730000000007],[30.494999999999987,-7.488140000000002],[31.60450150461907,-7.671398794450681],[32.63549999999996,-8.543690000000005],[33.93528447193149,-9.78800145326243],[34.0735,-10.438200000000025],[34.419210195874705,-11.003374263167734],[34.174099999999996,-12.409200000000013],[34.07130000000002,-13.17790000000002],[34.84840000000001,-14.54460000000001],[34.60459999999998,-15.851],[35.190599999999996,-16.8479],[35.20239999999997,-17.974100000000007],[34.5862,-18.368400000000033],[33.280500000000025,-19.681000000000015],[33.099800000000016,-21.333699999999997],[29.2941,-22.495600000000028],[27.485200000000017,-24.414300000000047],[27.899300000000018,-26.19040000000003],[26.590999999999994,-26.771400000000014],[26.588599999999943,-28.158400000000043],[27.75909999999996,-29.059700000000014],[28.906800000000025,-30.62300000000004],[37.56669999999999,-36.99310000000007],[32.70549999999997,-46.1731000000001],[37.80979999999999,-47.74110000000008]]}},{"type":"Feature","properties":{"id":"transform-142","category":"transform","featureType":"Transform","name":"Shackleton Fracture Zone","polarity":"","active":"","source":"EarthByte GPlates Müller et al. 2019"},"geometry":{"type":"LineString","coordinates":[[-71.31658257041833,-54.89005034275396],[-68.7874880517476,-56.311641860649964],[-64.92107172919171,-57.95875830745097],[-64.18973412476319,-58.23240859760275],[-63.98851552636736,-58.274842355991204]]}},{"type":"Feature","properties":{"id":"transform-143","category":"transform","featureType":"Transform","name":"Shackleton Fracture Zone","polarity":"","active":"","source":"EarthByte GPlates Müller et al. 2019"},"geometry":{"type":"LineString","coordinates":[[-63.98851552636736,-58.274842355991204],[-62.249681262657944,-58.62438609983273],[-59.04023589105642,-59.72947303196357],[-55.94267606277878,-60.931814684374935],[-53.410117252743305,-62.295394727946515]]}},{"type":"Feature","properties":{"id":"transform-144","category":"transform","featureType":"Transform","name":"CLONE:NORTH SCOTIA RIDGE TRANSFORM FAULT","polarity":"","active":"","source":"EarthByte GPlates Müller et al. 2019"},"geometry":{"type":"LineString","coordinates":[[-25.745000000000015,-54.11619999999998],[-26.909700000000008,-54.365999999999985],[-29.6106,-54.871700000000004],[-31.874699999999994,-54.809999999999995],[-33.9723,-54.37929999999997],[-34.83380730606324,-54.18827373181726]]}},{"type":"Feature","properties":{"id":"transform-145","category":"transform","featureType":"Transform","name":"CLONE:NORTH SCOTIA RIDGE TRANSFORM FAULT","polarity":"","active":"","source":"EarthByte GPlates Müller et al. 2019"},"geometry":{"type":"LineString","coordinates":[[-42.37957005471861,-53.05430155893635],[-43.7238,-53.04520000000001],[-45.39809999999998,-52.792799999999986],[-45.77324503803886,-52.75307221812473]]}},{"type":"Feature","properties":{"id":"ridge-146","category":"ridge","featureType":"MidOceanRidge","name":"Spreading_Centre","polarity":"","active":"","source":"EarthByte GPlates Müller et al. 2019"},"geometry":{"type":"LineString","coordinates":[[-116.86436373027229,36.9563206233608],[-116.85877149103035,36.23270470600241],[-116.77146591561895,35.71520846027385],[-116.77041204640746,35.33744504492048],[-116.72801206285136,34.95925338961046],[-116.7282109036993,34.5138121844506],[-116.64629549119965,34.06718138913278],[-116.68941359499905,33.6236343170089],[-116.60916541741511,33.28036714473337],[-116.52936205619946,33.00555990349903],[-116.49171490711512,32.663600460206304],[-116.33057441958945,32.523533784132646],[-116.21155475922112,32.316185731713986],[-115.97202983443894,32.105752185628354],[-115.65404071967087,31.858768670170758],[-115.37911628462139,31.578431940536703],[-114.98839486908874,31.22591042189714],[-114.79994059030989,30.87946888626891],[-114.69479630497354,30.467846425837756],[-114.70437139707167,30.196287493538932],[-114.552855682494,30.02106616539883],[-114.32204050718184,29.876742637582595],[-114.13270334027247,29.699705416058638],[-113.90808072116343,29.453101314131807],[-113.6863843240314,29.172349637830482],[-113.50331870375871,28.926916204149038],[-113.24199594642836,28.711722228487726],[-113.01875382228242,28.5317830188841],[-112.84081070851337,28.251849269622536],[-112.88899835567163,28.08446170313363],[-112.82370098816749,27.877736176242546],[-112.75873905163036,27.671011834321074],[-112.4624308157277,27.48664063742681],[-112.3582471399559,27.311666267619067],[-112.03465438671626,26.989250442173887],[-111.6349934887273,26.695695766590493],[-111.57103088265883,26.522383346091203],[-111.43654138248256,26.277077693503507],[-111.18713566709093,26.058696594750078],[-110.98411982376548,25.740881400824076],[-110.68327297502,25.246758175249145],[-110.27629928345829,24.71077513160289],[-110.01290025151428,24.285248739239208],[-109.75149359029454,23.859181795224995],[-109.40577705145596,23.154196310298968],[-108.8369960273053,22.12399393872737]]}},{"type":"Feature","properties":{"id":"ridge-147","category":"ridge","featureType":"MidOceanRidge","name":"Duplicate:Pacific-Rivera MOR from Bird 2003 (NW15)","polarity":"","active":"","source":"EarthByte GPlates Müller et al. 2019"},"geometry":{"type":"LineString","coordinates":[[-112.14059661307442,20.759430075103495],[-112.37440093250113,21.033442016235497],[-112.27207547877163,21.129459192052433],[-112.26963349390044,21.163363021602997],[-112.19561728796394,21.21707022903249],[-112.05794679901528,21.34719596412251],[-112.00669585585278,21.441219924361338],[-112.08942495208397,21.51864541724616],[-112.04657069814287,21.59576204132469],[-111.95839215802991,21.67657077409243],[-111.85712030891088,21.742602054606238],[-111.60738027979254,21.941363333121622],[-111.46028898577383,22.10039751935838],[-111.60292647933953,22.226239027281814],[-111.5383729047833,22.319907983815757],[-111.3439938083645,22.47619944476933],[-111.20080318067254,22.58022232811009],[-111.07778440170422,22.681225097646788],[-111.163416105958,22.76340594120794],[-111.04424557490596,22.8851891897535],[-110.94921991514187,22.966757448080603],[-110.9420338011605,23.04295163938568],[-110.78551098173556,23.17795342850771],[-110.61278810139592,23.319969173296055],[-110.54912022281673,23.40759466161935],[-110.26591588417048,23.62994923074006],[-109.39362927756105,24.53456411583646]]}},{"type":"Feature","properties":{"id":"ridge-148","category":"ridge","featureType":"MidOceanRidge","name":"Spreading_Centre","polarity":"","active":"","source":"EarthByte GPlates Müller et al. 2019"},"geometry":{"type":"LineString","coordinates":[[-115.59599999999999,33.2366],[-115.717,33.12969999999999],[-115.594,33.0402],[-115.508,32.9581],[-115.581,32.876],[-115.41200000000002,32.709999999999994],[-115.212,32.5118],[-115.33,32.41830000000001],[-115.085,32.2359],[-114.76500000000001,31.995200000000004],[-114.522,31.786000000000005],[-114.332,31.601600000000005],[-114.207,31.4585],[-114.118,31.355699999999995],[-114.33,31.1936],[-114.439,31.097200000000004],[-114.303,30.912299999999995],[-114.129,30.679700000000004],[-113.986,30.5134],[-113.807,30.3135],[-114.041,30.120500000000003],[-113.909,29.982],[-113.75800000000001,29.834400000000002],[-113.87,29.7298],[-113.969,29.6458],[-113.775,29.4397],[-113.521,29.2054],[-113.281,29.008400000000005],[-113.339,28.949799999999996],[-113.087,28.714699999999997],[-112.812,28.498700000000003],[-112.589,28.3223],[-112.321,28.124900000000007],[-112.015,27.906],[-111.711,27.6935],[-111.50600000000001,27.57],[-111.38200000000002,27.4969],[-111.569,27.215200000000003],[-111.373,27.105300000000007],[-111.49713905339352,26.94150793498123],[-111.21076382047632,26.73598275267614],[-110.9526740201087,26.54515397433331],[-110.758,26.415899999999993],[-110.68,26.360500000000002],[-110.76766006661444,26.24269979984393],[-110.56193358879128,26.089969069313128],[-110.291,25.8895],[-110.024,25.7063],[-109.872,25.6073],[-109.806,25.5567],[-110.007,25.3392],[-109.788,25.1797],[-109.58496863275067,25.02572665496578],[-109.36173878753375,24.849639324196964],[-109.18419429305087,24.719878664812956],[-109.07537652587398,24.64742879653287],[-109.276,24.396],[-109.002,24.1515],[-108.806,23.9844],[-108.61,23.8141],[-108.43900000000001,23.674299999999995],[-108.357,23.6135],[-108.651,23.2413],[-108.388,23.0822],[-108.01,22.9857],[-108.232,22.7117]]}},{"type":"Feature","properties":{"id":"subduction-149","category":"subduction","featureType":"SubductionZone","name":"Duplicate_Section:COCOS - NORTH AMERICA TRENCH 1","polarity":"Right","active":"true","source":"EarthByte GPlates Müller et al. 2019"},"geometry":{"type":"LineString","coordinates":[[-93.47,14.1929],[-94.425,14.5573],[-95.2041,14.860299999999995],[-95.8,14.999999999999998],[-96.4,15.1],[-97.0,15.2],[-97.6,15.300000000000002],[-98.30000000000001,15.599999999999996],[-98.8,15.800000000000002],[-99.40000000000002,16.1],[-99.9,16.3],[-100.7,16.599999999999998],[-101.4,16.9],[-102.1,17.19999999999998],[-102.9,17.6],[-103.6,17.999999999999993],[-104.3,18.400000000000002],[-104.8,18.900000000000002],[-105.2,19.200000000000003],[-105.6,19.6],[-105.7,20.2],[-105.7,20.60000000000001],[-105.6,21.200000000000003],[-105.61827470440448,21.22444404242092]]}},{"type":"Feature","properties":{"id":"rift-150","category":"rift","featureType":"ContinentalRift","name":"Duplicate_Segment:Somalia Africa boundary from PB03 GS","polarity":"","active":"","source":"EarthByte GPlates Müller et al. 2019"},"geometry":{"type":"LineString","coordinates":[[34.83762127887944,-18.20158952096772],[34.5862,-18.368400000000033],[33.280500000000025,-19.681000000000015],[33.099800000000016,-21.333699999999997],[29.2941,-22.495600000000028],[27.485200000000017,-24.414300000000047],[27.899300000000018,-26.19040000000003],[26.590999999999994,-26.771400000000014],[26.588599999999943,-28.158400000000043],[27.75909999999996,-29.059700000000014],[28.906800000000025,-30.62300000000004],[37.56669999999999,-36.99310000000007],[32.70549999999997,-46.1731000000001],[37.80979999999999,-47.74110000000008]]}},{"type":"Feature","properties":{"id":"rift-151","category":"rift","featureType":"ContinentalRift","name":"CLONE:Somalia Africa boundary from PB03 GS","polarity":"","active":"","source":"EarthByte GPlates Müller et al. 2019"},"geometry":{"type":"LineString","coordinates":[[30.421889253488548,-7.406000525837163],[30.494999999999987,-7.488140000000002],[31.60450150461907,-7.671398794450681],[32.63549999999996,-8.543690000000005],[33.93528447193149,-9.78800145326243],[34.0735,-10.438200000000025],[34.419210195874705,-11.003374263167734],[34.174099999999996,-12.409200000000013],[34.07130000000002,-13.17790000000002],[34.84840000000001,-14.54460000000001],[34.60459999999998,-15.851],[35.190599999999996,-16.8479],[35.20239999999997,-17.974100000000007],[34.83762127887944,-18.20158952096772]]}},{"type":"Feature","properties":{"id":"transform-152","category":"transform","featureType":"Transform","name":"CLONE:Borneo transform","polarity":"","active":"","source":"EarthByte GPlates Müller et al. 2019"},"geometry":{"type":"LineString","coordinates":[[114.28301994293564,12.679477343318261],[116.64565445987947,9.690245873030204],[118.95899625145003,6.5247284839288175],[120.51540741846622,3.9860973689778807]]}},{"type":"Feature","properties":{"id":"orogenic-belt-153","category":"orogenic-belt","featureType":"OrogenicBelt","name":"CLONE:Borneo deformation","polarity":"","active":"","source":"EarthByte GPlates Müller et al. 2019"},"geometry":{"type":"LineString","coordinates":[[105.38544629544312,8.21612995540642],[109.02886802112019,3.5444792989983225],[109.89743901561326,3.249899992655647],[111.08194142919179,2.865516613946165],[112.71352200343316,2.1740579196917693],[113.57985471900876,2.6062422947135384],[115.24053367497721,5.121146166566359],[116.45160971883891,7.297835776364044],[117.21979419484774,10.146197115263437]]}},{"type":"Feature","properties":{"id":"fracture-zone-154","category":"fracture-zone","featureType":"FractureZone","name":"duplicate_section:30Ma_Owen FZ from NUVEL file, DB 04-2007","polarity":"","active":"","source":"EarthByte GPlates Müller et al. 2019"},"geometry":{"type":"LineString","coordinates":[[54.30000160050518,5.198433282435687],[54.886742145656484,6.179596853021862],[57.799946347548634,11.702984917609397],[59.72602546172792,15.334966039711336],[61.01425922226929,18.701951638555823],[63.46459639712989,22.69006056474873],[66.21412195663339,26.013862252832098],[68.37644013290105,29.138513887088333],[68.94819968845728,30.153730086697447],[70.2758809083006,32.30702177958171],[71.05342984576684,33.49354046889829],[71.89418545042366,34.63976430515549]]}},{"type":"Feature","properties":{"id":"subduction-155","category":"subduction","featureType":"SubductionZone","name":"Topology_Segment_Hikurangi& Kermadec TR","polarity":"Left","active":"true","source":"EarthByte GPlates Müller et al. 2019"},"geometry":{"type":"LineString","coordinates":[[177.6,-41.50000000000506],[178.02,-41.190000000005014],[178.13787787899992,-41.02037681352486],[178.29,-40.80000000000492],[178.4068196150108,-40.636194653673634],[178.56,-40.420000000004876],[178.79,-40.09000000000483],[178.95,-39.68000000000477],[179.17274386456918,-39.121957144426354],[179.69471686638113,-37.777170431657986]]}},{"type":"Feature","properties":{"id":"rift-156","category":"rift","featureType":"ContinentalRift","name":"Northward Continuation of Tasman Sea rifting_CLONE_60.1_0","polarity":"","active":"","source":"EarthByte GPlates Müller et al. 2019"},"geometry":{"type":"LineString","coordinates":[[144.39015887836254,-2.2891467379135033],[145.58201130206376,-2.728146572107649],[146.47477082646995,-4.108252280015474],[146.14242107558516,-5.086990943198152],[148.26673525354803,-6.104608208007825],[149.17812203930214,-6.411517242836571],[150.05909952546065,-7.076492733787008],[151.22137836135357,-7.795094139440382],[152.5080072157422,-8.859270499003875],[154.119135856228,-10.582523560200276],[156.03482332427413,-11.805749113294002],[157.04898667911473,-12.438339694957916],[157.44998672998045,-12.69256484819245],[157.63662842836519,-12.895305604851869],[158.58316093173582,-13.677989347060251],[158.8412023275506,-13.805011202548979]]}},{"type":"Feature","properties":{"id":"other-157","category":"other","featureType":"UnclassifiedFeature","name":"Capricorn_Def_Line","polarity":"","active":"","source":"EarthByte GPlates Müller et al. 2019"},"geometry":{"type":"LineString","coordinates":[[88.20640998456545,-4.4223258659018585],[88.20595749456469,-7.594228463097929],[88.08881846003014,-10.858382329384618],[87.97338792327375,-13.784577907793214],[87.43232467998617,-17.369302511640488],[86.98676884159185,-20.806053364574176],[86.51474310026545,-24.21473056122175],[86.36801917607164,-24.888398689303976],[86.400845270045,-25.62477877867561]]}},{"type":"Feature","properties":{"id":"other-158","category":"other","featureType":"UnclassifiedFeature","name":"Capricorn_Def_Line","polarity":"","active":"","source":"EarthByte GPlates Müller et al. 2019"},"geometry":{"type":"LineString","coordinates":[[87.24164277332343,-24.2311327666059],[85.26340630111336,-25.028913784623654],[84.58904030379723,-25.065582789964726],[83.64260107844464,-26.510106681382116],[80.30385442130991,-26.94738970171744],[78.33294828881138,-27.136422471293585],[74.40416896597642,-27.017846352192773],[72.61257913797209,-26.95111932755649],[71.4203502333799,-27.091947546647155],[70.21978273810046,-27.12447073462306],[67.38131582628452,-27.61457930095904]]}},{"type":"Feature","properties":{"id":"other-159","category":"other","featureType":"UnclassifiedFeature","name":"Capricorn_Def_Line","polarity":"","active":"","source":"EarthByte GPlates Müller et al. 2019"},"geometry":{"type":"LineString","coordinates":[[88.47866967370956,-4.706553942889397],[87.65142711246439,-4.466883693990201],[85.8210583171044,-4.476979651359661],[82.42930178305281,-4.4135953652434186],[79.97580054170867,-4.131898038726118],[77.89035238932189,-4.2404173259246045],[75.37582767235645,-4.7503532308182566],[72.25105782751474,-5.2440160963355025],[70.53148743976753,-6.940384209371559],[70.16717626593604,-8.076730113173259],[68.27260865410135,-8.017247262249944],[67.02260445178732,-7.897642674619401]]}}]}