{
  "type": "FeatureCollection",
  "features": [
    {
      "type": "Feature",
      "geometry": {
        "type": "Polygon",
        "coordinates": [
          [
            [
              28.7302419,
              37.7083076
            ],
            [
              28.7297757,
              37.706301
            ],
            [
              28.7286488,
              37.7058104
            ],
            [
              28.7274301,
              37.7051023
            ],
            [
              28.7266197,
              37.7050996
            ],
            [
              28.7262976,
              37.7049466
            ],
            [
              28.7258944,
              37.7048578
            ],
            [
              28.7258792,
              37.7047131
            ],
            [
              28.7249672,
              37.7044288
            ],
            [
              28.7248276,
              37.7046239
            ],
            [
              28.724007,
              37.7045604
            ],
            [
              28.7236047,
              37.7044797
            ],
            [
              28.7233901,
              37.7044161
            ],
            [
              28.7231472,
              37.7044801
            ],
            [
              28.7217913,
              37.7043002
            ],
            [
              28.7209816,
              37.7043279
            ],
            [
              28.7198928,
              37.7047383
            ],
            [
              28.7193503,
              37.7052405
            ],
            [
              28.7189837,
              37.7060259
            ],
            [
              28.719086,
              37.7071824
            ],
            [
              28.718602,
              37.708873
            ],
            [
              28.7182708,
              37.7102495
            ],
            [
              28.7186311,
              37.7114134
            ],
            [
              28.7203747,
              37.7119966
            ],
            [
              28.7204867,
              37.7120653
            ],
            [
              28.7204665,
              37.7123268
            ],
            [
              28.7204896,
              37.7125771
            ],
            [
              28.7204064,
              37.7127924
            ],
            [
              28.720665,
              37.7129782
            ],
            [
              28.7210593,
              37.7130961
            ],
            [
              28.7234134,
              37.7130454
            ],
            [
              28.7237303,
              37.7127793
            ],
            [
              28.7238005,
              37.7126187
            ],
            [
              28.7247661,
              37.7125914
            ],
            [
              28.7247855,
              37.7118992
            ],
            [
              28.7253808,
              37.7118669
            ],
            [
              28.7259505,
              37.7114162
            ],
            [
              28.7261749,
              37.7108631
            ],
            [
              28.7261404,
              37.7105217
            ],
            [
              28.7279896,
              37.7103935
            ],
            [
              28.7285757,
              37.7091932
            ],
            [
              28.7288029,
              37.7089277
            ],
            [
              28.7291201,
              37.7086935
            ],
            [
              28.7297371,
              37.708497
            ],
            [
              28.7302419,
              37.7083076
            ]
          ]
        ]
      },
      "properties": {
        "id": "aphrodisias-way-115551890",
        "siteKey": "aphrodisias",
        "siteName": "阿佛洛狄西亚斯",
        "siteEnName": "Aphrodisias",
        "name": "古城遗址区",
        "enName": "Aphrodisias",
        "originalName": "Aphrodisias",
        "role": "area",
        "period": "秦汉",
        "periodLabel": "希腊化／罗马／晚期古代",
        "heritageId": "whc-1519",
        "tentative": false,
        "sourceUrl": "https://www.openstreetmap.org/way/115551890",
        "referenceUrl": "https://aphrodisias-excavations.com/visitor-map/",
        "note": "公开遗址区或卫城范围，未必等于某一期完整古城墙或法定保护界址。",
        "label": true
      }
    },
    {
      "type": "Feature",
      "geometry": {
        "type": "Polygon",
        "coordinates": [
          [
            [
              28.7227287,
              37.7081004
            ],
            [
              28.7227984,
              37.707486
            ],
            [
              28.7253043,
              37.7076639
            ],
            [
              28.7252346,
              37.7082784
            ],
            [
              28.7227287,
              37.7081004
            ]
          ]
        ]
      },
      "properties": {
        "id": "aphrodisias-way-59761552",
        "siteKey": "aphrodisias",
        "siteName": "阿佛洛狄西亚斯",
        "siteEnName": "Aphrodisias",
        "name": "南广场",
        "enName": "South Agora",
        "originalName": "South Agora",
        "role": "public",
        "period": "秦汉",
        "periodLabel": "希腊化／罗马／晚期古代",
        "heritageId": "whc-1519",
        "tentative": false,
        "sourceUrl": "https://www.openstreetmap.org/way/59761552",
        "referenceUrl": "https://aphrodisias-excavations.com/visitor-map/",
        "note": "公开遗迹矢量；部分对象包含现存或修复展示部分，不作考古实测界址。",
        "label": true
      }
    },
    {
      "type": "Feature",
      "geometry": {
        "type": "Point",
        "coordinates": [
          28.723655,
          37.7085988
        ]
      },
      "properties": {
        "id": "aphrodisias-node-8790523864",
        "siteKey": "aphrodisias",
        "siteName": "阿佛洛狄西亚斯",
        "siteEnName": "Aphrodisias",
        "name": "北广场",
        "enName": "North Agora",
        "originalName": "North Agora",
        "role": "public",
        "period": "秦汉",
        "periodLabel": "希腊化／罗马／晚期古代",
        "heritageId": "whc-1519",
        "tentative": false,
        "sourceUrl": "https://www.openstreetmap.org/node/8790523864",
        "referenceUrl": "https://aphrodisias-excavations.com/visitor-map/",
        "note": "公开遗迹矢量；部分对象包含现存或修复展示部分，不作考古实测界址。",
        "label": true
      }
    },
    {
      "type": "Feature",
      "geometry": {
        "type": "Polygon",
        "coordinates": [
          [
            [
              28.723055,
              37.7098836
            ],
            [
              28.7230701,
              37.7098146
            ],
            [
              28.7230971,
              37.7096908
            ],
            [
              28.7235861,
              37.7097576
            ],
            [
              28.7237673,
              37.7097824
            ],
            [
              28.7237251,
              37.7099753
            ],
            [
              28.723055,
              37.7098836
            ]
          ]
        ]
      },
      "properties": {
        "id": "aphrodisias-way-59761553",
        "siteKey": "aphrodisias",
        "siteName": "阿佛洛狄西亚斯",
        "siteEnName": "Aphrodisias",
        "name": "阿佛洛狄忒神庙",
        "enName": "Temple of Aphrodite",
        "originalName": "Temple",
        "role": "temple",
        "period": "秦汉",
        "periodLabel": "希腊化／罗马／晚期古代",
        "heritageId": "whc-1519",
        "tentative": false,
        "sourceUrl": "https://www.openstreetmap.org/way/59761553",
        "referenceUrl": "https://aphrodisias-excavations.com/visitor-map/",
        "note": "公开遗迹矢量；部分对象包含现存或修复展示部分，不作考古实测界址。",
        "label": true
      }
    },
    {
      "type": "Feature",
      "geometry": {
        "type": "Polygon",
        "coordinates": [
          [
            [
              28.7254308,
              37.7087148
            ],
            [
              28.7264662,
              37.7086065
            ],
            [
              28.7264456,
              37.7084832
            ],
            [
              28.7254101,
              37.7085915
            ],
            [
              28.7254308,
              37.7087148
            ]
          ]
        ]
      },
      "properties": {
        "id": "aphrodisias-way-59761830",
        "siteKey": "aphrodisias",
        "siteName": "阿佛洛狄西亚斯",
        "siteEnName": "Aphrodisias",
        "name": "皇帝崇拜神庙区（塞巴斯提翁）",
        "enName": "Sebasteion",
        "originalName": "Sebasteion",
        "role": "temple",
        "period": "秦汉",
        "periodLabel": "希腊化／罗马／晚期古代",
        "heritageId": "whc-1519",
        "tentative": false,
        "sourceUrl": "https://www.openstreetmap.org/way/59761830",
        "referenceUrl": "https://aphrodisias-excavations.com/visitor-map/",
        "note": "公开遗迹矢量；部分对象包含现存或修复展示部分，不作考古实测界址。",
        "label": true
      }
    },
    {
      "type": "Feature",
      "geometry": {
        "type": "Polygon",
        "coordinates": [
          [
            [
              28.7239027,
              37.7091002
            ],
            [
              28.7235379,
              37.7090659
            ],
            [
              28.7235293,
              37.7091402
            ],
            [
              28.7233852,
              37.7091307
            ],
            [
              28.7233781,
              37.7091972
            ],
            [
              28.7233823,
              37.7092302
            ],
            [
              28.7233947,
              37.7092631
            ],
            [
              28.7234131,
              37.7092988
            ],
            [
              28.7234356,
              37.7093238
            ],
            [
              28.7234647,
              37.7093458
            ],
            [
              28.7234981,
              37.7093654
            ],
            [
              28.7235397,
              37.7093812
            ],
            [
              28.7235814,
              37.7093904
            ],
            [
              28.7236229,
              37.7093962
            ],
            [
              28.7236665,
              37.7093937
            ],
            [
              28.7237095,
              37.7093884
            ],
            [
              28.7237484,
              37.7093749
            ],
            [
              28.7237863,
              37.7093579
            ],
            [
              28.7238181,
              37.709336
            ],
            [
              28.7238441,
              37.7093112
            ],
            [
              28.723868,
              37.7092814
            ],
            [
              28.7238845,
              37.7092507
            ],
            [
              28.7238927,
              37.7092168
            ],
            [
              28.723902,
              37.7091593
            ],
            [
              28.7239027,
              37.7091002
            ]
          ]
        ]
      },
      "properties": {
        "id": "aphrodisias-way-170644050",
        "siteKey": "aphrodisias",
        "siteName": "阿佛洛狄西亚斯",
        "siteEnName": "Aphrodisias",
        "name": "议事厅／音乐厅",
        "enName": "Odeion",
        "originalName": "Odeion",
        "role": "public",
        "period": "秦汉",
        "periodLabel": "希腊化／罗马／晚期古代",
        "heritageId": "whc-1519",
        "tentative": false,
        "sourceUrl": "https://www.openstreetmap.org/way/170644050",
        "referenceUrl": "https://aphrodisias-excavations.com/visitor-map/",
        "note": "公开遗迹矢量；部分对象包含现存或修复展示部分，不作考古实测界址。",
        "label": true
      }
    },
    {
      "type": "Feature",
      "geometry": {
        "type": "Polygon",
        "coordinates": [
          [
            [
              28.7252497,
              37.7068811
            ],
            [
              28.7251434,
              37.7068827
            ],
            [
              28.7250214,
              37.7069167
            ],
            [
              28.7249366,
              37.7069686
            ],
            [
              28.7248711,
              37.7070424
            ],
            [
              28.7248397,
              37.7071163
            ],
            [
              28.7248346,
              37.7071995
            ],
            [
              28.724862,
              37.7072857
            ],
            [
              28.7249269,
              37.707367
            ],
            [
              28.7249906,
              37.7074118
            ],
            [
              28.725071,
              37.7074457
            ],
            [
              28.725175,
              37.7074642
            ],
            [
              28.7252916,
              37.7074566
            ],
            [
              28.7253893,
              37.7074255
            ],
            [
              28.7252497,
              37.7068811
            ]
          ]
        ]
      },
      "properties": {
        "id": "aphrodisias-way-170644052",
        "siteKey": "aphrodisias",
        "siteName": "阿佛洛狄西亚斯",
        "siteEnName": "Aphrodisias",
        "name": "剧场",
        "enName": "Theatre",
        "originalName": "Tiyatro",
        "role": "theatre",
        "period": "秦汉",
        "periodLabel": "希腊化／罗马／晚期古代",
        "heritageId": "whc-1519",
        "tentative": false,
        "sourceUrl": "https://www.openstreetmap.org/way/170644052",
        "referenceUrl": "https://aphrodisias-excavations.com/visitor-map/",
        "note": "公开遗迹矢量；部分对象包含现存或修复展示部分，不作考古实测界址。",
        "label": true
      }
    },
    {
      "type": "Feature",
      "geometry": {
        "type": "Polygon",
        "coordinates": [
          [
            [
              28.7250621,
              37.7099934
            ],
            [
              28.725051,
              37.7101053
            ],
            [
              28.7251889,
              37.7101139
            ],
            [
              28.7252,
              37.7100019
            ],
            [
              28.7250621,
              37.7099934
            ]
          ]
        ]
      },
      "properties": {
        "id": "aphrodisias-way-170645206",
        "siteKey": "aphrodisias",
        "siteName": "阿佛洛狄西亚斯",
        "siteEnName": "Aphrodisias",
        "name": "四柱门",
        "enName": "Tetrapylon",
        "originalName": "Tetrapylon",
        "role": "gate",
        "period": "秦汉",
        "periodLabel": "希腊化／罗马／晚期古代",
        "heritageId": "whc-1519",
        "tentative": false,
        "sourceUrl": "https://www.openstreetmap.org/way/170645206",
        "referenceUrl": "https://aphrodisias-excavations.com/visitor-map/",
        "note": "公开遗迹矢量；部分对象包含现存或修复展示部分，不作考古实测界址。",
        "label": true
      }
    },
    {
      "type": "Feature",
      "geometry": {
        "type": "Polygon",
        "coordinates": [
          [
            [
              28.723028,
              37.7074948
            ],
            [
              28.7233313,
              37.707517
            ],
            [
              28.7233598,
              37.707274
            ],
            [
              28.7234202,
              37.7067589
            ],
            [
              28.7231167,
              37.7067367
            ],
            [
              28.7230561,
              37.7072544
            ],
            [
              28.723028,
              37.7074948
            ]
          ]
        ]
      },
      "properties": {
        "id": "aphrodisias-way-949540995",
        "siteKey": "aphrodisias",
        "siteName": "阿佛洛狄西亚斯",
        "siteEnName": "Aphrodisias",
        "name": "市政巴西利卡大厅",
        "enName": "Civil Basilica",
        "originalName": "Civil Basilica",
        "role": "public",
        "period": "秦汉",
        "periodLabel": "希腊化／罗马／晚期古代",
        "heritageId": "whc-1519",
        "tentative": false,
        "sourceUrl": "https://www.openstreetmap.org/way/949540995",
        "referenceUrl": "https://aphrodisias-excavations.com/visitor-map/",
        "note": "公开遗迹矢量；部分对象包含现存或修复展示部分，不作考古实测界址。",
        "label": true
      }
    },
    {
      "type": "Feature",
      "geometry": {
        "type": "Polygon",
        "coordinates": [
          [
            [
              28.7251969,
              37.7081145
            ],
            [
              28.7250895,
              37.7081069
            ],
            [
              28.725128,
              37.7077669
            ],
            [
              28.7252354,
              37.7077745
            ],
            [
              28.7251969,
              37.7081145
            ]
          ]
        ]
      },
      "properties": {
        "id": "aphrodisias-way-949543824",
        "siteKey": "aphrodisias",
        "siteName": "阿佛洛狄西亚斯",
        "siteEnName": "Aphrodisias",
        "name": "广场门",
        "enName": "Agora Gate",
        "originalName": "Agora Gate",
        "role": "gate",
        "period": "秦汉",
        "periodLabel": "希腊化／罗马／晚期古代",
        "heritageId": "whc-1519",
        "tentative": false,
        "sourceUrl": "https://www.openstreetmap.org/way/949543824",
        "referenceUrl": "https://aphrodisias-excavations.com/visitor-map/",
        "note": "公开遗迹矢量；部分对象包含现存或修复展示部分，不作考古实测界址。",
        "label": true
      }
    },
    {
      "type": "Feature",
      "geometry": {
        "type": "Polygon",
        "coordinates": [
          [
            [
              28.7227566,
              37.709285
            ],
            [
              28.7231318,
              37.7093123
            ],
            [
              28.7231362,
              37.7092744
            ],
            [
              28.7231581,
              37.7092714
            ],
            [
              28.7231753,
              37.7092602
            ],
            [
              28.723183,
              37.7092436
            ],
            [
              28.7231792,
              37.7092262
            ],
            [
              28.7231649,
              37.7092127
            ],
            [
              28.723144,
              37.7092066
            ],
            [
              28.7231501,
              37.7091543
            ],
            [
              28.7230624,
              37.7091479
            ],
            [
              28.7230587,
              37.7091797
            ],
            [
              28.7227713,
              37.7091587
            ],
            [
              28.7227566,
              37.709285
            ]
          ]
        ]
      },
      "properties": {
        "id": "aphrodisias-way-949544070",
        "siteKey": "aphrodisias",
        "siteName": "阿佛洛狄西亚斯",
        "siteEnName": "Aphrodisias",
        "name": "主教宫",
        "enName": "Bishop's palace",
        "originalName": "Bishop's palace",
        "role": "house",
        "period": "魏晋南北朝",
        "periodLabel": "希腊化／罗马／晚期古代",
        "heritageId": "whc-1519",
        "tentative": false,
        "sourceUrl": "https://www.openstreetmap.org/way/949544070",
        "referenceUrl": "https://aphrodisias-excavations.com/visitor-map/",
        "note": "公开遗迹矢量；部分对象包含现存或修复展示部分，不作考古实测界址。",
        "label": true
      }
    },
    {
      "type": "Feature",
      "geometry": {
        "type": "Polygon",
        "coordinates": [
          [
            [
              28.7252515,
              37.7065403
            ],
            [
              28.7254821,
              37.7065495
            ],
            [
              28.7254808,
              37.7065697
            ],
            [
              28.7256217,
              37.7065753
            ],
            [
              28.7256057,
              37.706823
            ],
            [
              28.7254487,
              37.7068167
            ],
            [
              28.7254419,
              37.7069237
            ],
            [
              28.7253955,
              37.7069219
            ],
            [
              28.7254009,
              37.7068384
            ],
            [
              28.7252328,
              37.7068317
            ],
            [
              28.7252515,
              37.7065403
            ]
          ]
        ]
      },
      "properties": {
        "id": "aphrodisias-way-1373417282",
        "siteKey": "aphrodisias",
        "siteName": "阿佛洛狄西亚斯",
        "siteEnName": "Aphrodisias",
        "name": "剧场浴场",
        "enName": "Theatre Baths",
        "originalName": "Theatre Baths",
        "role": "bath",
        "period": "秦汉",
        "periodLabel": "希腊化／罗马／晚期古代",
        "heritageId": "whc-1519",
        "tentative": false,
        "sourceUrl": "https://www.openstreetmap.org/way/1373417282",
        "referenceUrl": "https://aphrodisias-excavations.com/visitor-map/",
        "note": "公开遗迹矢量；部分对象包含现存或修复展示部分，不作考古实测界址。",
        "label": true
      }
    },
    {
      "type": "Feature",
      "geometry": {
        "type": "Polygon",
        "coordinates": [
          [
            [
              28.725912,
              37.7069418
            ],
            [
              28.725918,
              37.7073014
            ],
            [
              28.7255038,
              37.707322
            ],
            [
              28.7254888,
              37.7069256
            ],
            [
              28.7258743,
              37.7069411
            ],
            [
              28.725912,
              37.7069418
            ]
          ]
        ]
      },
      "properties": {
        "id": "aphrodisias-way-1373417283",
        "siteKey": "aphrodisias",
        "siteName": "阿佛洛狄西亚斯",
        "siteEnName": "Aphrodisias",
        "name": "四柱廊广场",
        "enName": "Aphrodisias Tetrastoon",
        "originalName": "Aphrodisias Tetrastoon",
        "role": "public",
        "period": "秦汉",
        "periodLabel": "希腊化／罗马／晚期古代",
        "heritageId": "whc-1519",
        "tentative": false,
        "sourceUrl": "https://www.openstreetmap.org/way/1373417283",
        "referenceUrl": "https://aphrodisias-excavations.com/visitor-map/",
        "note": "公开遗迹矢量；部分对象包含现存或修复展示部分，不作考古实测界址。",
        "label": true
      }
    },
    {
      "type": "Feature",
      "geometry": {
        "type": "Polygon",
        "coordinates": [
          [
            [
              28.7219522,
              37.7082348
            ],
            [
              28.7220288,
              37.7075598
            ],
            [
              28.722489,
              37.7075925
            ],
            [
              28.7224653,
              37.7078013
            ],
            [
              28.7225261,
              37.7078057
            ],
            [
              28.7224953,
              37.7080768
            ],
            [
              28.7224444,
              37.7080732
            ],
            [
              28.7224222,
              37.7082682
            ],
            [
              28.7219522,
              37.7082348
            ]
          ]
        ]
      },
      "properties": {
        "id": "aphrodisias-way-1373417284",
        "siteKey": "aphrodisias",
        "siteName": "阿佛洛狄西亚斯",
        "siteEnName": "Aphrodisias",
        "name": "哈德良浴场",
        "enName": "Hadrianic Baths",
        "originalName": "Hadrian Hamamı",
        "role": "bath",
        "period": "秦汉",
        "periodLabel": "希腊化／罗马／晚期古代",
        "heritageId": "whc-1519",
        "tentative": false,
        "sourceUrl": "https://www.openstreetmap.org/way/1373417284",
        "referenceUrl": "https://aphrodisias-excavations.com/visitor-map/",
        "note": "公开遗迹矢量；部分对象包含现存或修复展示部分，不作考古实测界址。",
        "label": true
      }
    },
    {
      "type": "Feature",
      "geometry": {
        "type": "Point",
        "coordinates": [
          28.7265551,
          37.706374
        ]
      },
      "properties": {
        "id": "aphrodisias-node-8790532621",
        "siteKey": "aphrodisias",
        "siteName": "阿佛洛狄西亚斯",
        "siteEnName": "Aphrodisias",
        "name": "高丹喷泉",
        "enName": "Gaudin's Fountain",
        "originalName": "Gaudin's Fountain",
        "role": "water",
        "period": "秦汉",
        "periodLabel": "希腊化／罗马／晚期古代",
        "heritageId": "whc-1519",
        "tentative": false,
        "sourceUrl": "https://www.openstreetmap.org/node/8790532621",
        "referenceUrl": "https://aphrodisias-excavations.com/visitor-map/",
        "note": "公开遗迹矢量；部分对象包含现存或修复展示部分，不作考古实测界址。",
        "label": true
      }
    },
    {
      "type": "Feature",
      "geometry": {
        "type": "Polygon",
        "coordinates": [
          [
            [
              28.7209518,
              37.7123628
            ],
            [
              28.7208825,
              37.7123675
            ],
            [
              28.7208174,
              37.7123828
            ],
            [
              28.7207566,
              37.7124068
            ],
            [
              28.720702,
              37.7124387
            ],
            [
              28.7206552,
              37.7124777
            ],
            [
              28.7206177,
              37.7125225
            ],
            [
              28.7205906,
              37.7125718
            ],
            [
              28.7205748,
              37.712624
            ],
            [
              28.7205706,
              37.7126777
            ],
            [
              28.7205783,
              37.7127311
            ],
            [
              28.7205976,
              37.7127826
            ],
            [
              28.7206279,
              37.7128307
            ],
            [
              28.7206683,
              37.7128739
            ],
            [
              28.7207176,
              37.7129109
            ],
            [
              28.7207742,
              37.7129406
            ],
            [
              28.7208365,
              37.712962
            ],
            [
              28.7209026,
              37.7129745
            ],
            [
              28.7209687,
              37.7129792
            ],
            [
              28.7232006,
              37.712941
            ],
            [
              28.7232699,
              37.7129363
            ],
            [
              28.723335,
              37.712921
            ],
            [
              28.7233958,
              37.712897
            ],
            [
              28.7234504,
              37.7128651
            ],
            [
              28.7234972,
              37.7128261
            ],
            [
              28.7235347,
              37.7127813
            ],
            [
              28.7235618,
              37.712732
            ],
            [
              28.7235777,
              37.7126797
            ],
            [
              28.7235818,
              37.7126261
            ],
            [
              28.7235741,
              37.7125727
            ],
            [
              28.7235548,
              37.7125212
            ],
            [
              28.7235245,
              37.7124731
            ],
            [
              28.7234841,
              37.7124299
            ],
            [
              28.7234348,
              37.7123929
            ],
            [
              28.7233782,
              37.7123632
            ],
            [
              28.7233159,
              37.7123418
            ],
            [
              28.7232499,
              37.7123292
            ],
            [
              28.7231838,
              37.7123246
            ],
            [
              28.7209518,
              37.7123628
            ]
          ],
          [
            [
              28.7209628,
              37.7125243
            ],
            [
              28.7209207,
              37.7125272
            ],
            [
              28.7208926,
              37.7125338
            ],
            [
              28.7208638,
              37.7125452
            ],
            [
              28.7208379,
              37.7125603
            ],
            [
              28.7208158,
              37.7125787
            ],
            [
              28.720798,
              37.7126
            ],
            [
              28.7207852,
              37.7126233
            ],
            [
              28.7207777,
              37.712648
            ],
            [
              28.7207757,
              37.7126734
            ],
            [
              28.7207794,
              37.7126987
            ],
            [
              28.7207885,
              37.7127231
            ],
            [
              28.7208029,
              37.7127459
            ],
            [
              28.720822,
              37.7127664
            ],
            [
              28.7208453,
              37.7127839
            ],
            [
              28.7208722,
              37.7127979
            ],
            [
              28.7209017,
              37.7128081
            ],
            [
              28.7209358,
              37.7128145
            ],
            [
              28.7209756,
              37.7128174
            ],
            [
              28.7231896,
              37.7127795
            ],
            [
              28.7232317,
              37.7127766
            ],
            [
              28.7232599,
              37.71277
            ],
            [
              28.7232886,
              37.7127586
            ],
            [
              28.7233145,
              37.7127435
            ],
            [
              28.7233366,
              37.712725
            ],
            [
              28.7233544,
              37.7127038
            ],
            [
              28.7233672,
              37.7126805
            ],
            [
              28.7233747,
              37.7126557
            ],
            [
              28.7233767,
              37.7126303
            ],
            [
              28.7233731,
              37.7126051
            ],
            [
              28.7233639,
              37.7125807
            ],
            [
              28.7233496,
              37.7125579
            ],
            [
              28.7233304,
              37.7125374
            ],
            [
              28.7233071,
              37.7125199
            ],
            [
              28.7232803,
              37.7125059
            ],
            [
              28.7232508,
              37.7124957
            ],
            [
              28.7232167,
              37.7124892
            ],
            [
              28.7231768,
              37.7124864
            ],
            [
              28.7209628,
              37.7125243
            ]
          ]
        ]
      },
      "properties": {
        "id": "aphrodisias-relation-18919097",
        "siteKey": "aphrodisias",
        "siteName": "阿佛洛狄西亚斯",
        "siteEnName": "Aphrodisias",
        "name": "体育场",
        "enName": "Aphrodisias Stadium",
        "originalName": "Aphrodisias Stadium",
        "role": "theatre",
        "period": "秦汉",
        "periodLabel": "希腊化／罗马／晚期古代",
        "heritageId": "whc-1519",
        "tentative": false,
        "sourceUrl": "https://www.openstreetmap.org/relation/18919097",
        "referenceUrl": "https://aphrodisias-excavations.com/visitor-map/",
        "note": "公开遗迹矢量；部分对象包含现存或修复展示部分，不作考古实测界址。",
        "label": true
      }
    },
    {
      "type": "Feature",
      "geometry": {
        "type": "Polygon",
        "coordinates": [
          [
            [
              27.3476131,
              37.9459515
            ],
            [
              27.3476882,
              37.9470177
            ],
            [
              27.3471897,
              37.9474862
            ],
            [
              27.3464864,
              37.94782
            ],
            [
              27.3444105,
              37.9480893
            ],
            [
              27.3437208,
              37.9482454
            ],
            [
              27.3427239,
              37.9480408
            ],
            [
              27.341645,
              37.948407
            ],
            [
              27.3407368,
              37.948267
            ],
            [
              27.3405387,
              37.94782
            ],
            [
              27.3397603,
              37.9480247
            ],
            [
              27.3396032,
              37.9482508
            ],
            [
              27.3392072,
              37.9479708
            ],
            [
              27.3386814,
              37.9471469
            ],
            [
              27.3381556,
              37.94628
            ],
            [
              27.337623,
              37.9462046
            ],
            [
              27.3368513,
              37.9458653
            ],
            [
              27.3361958,
              37.9453538
            ],
            [
              27.3360251,
              37.9451922
            ],
            [
              27.3352944,
              37.9452838
            ],
            [
              27.3357246,
              37.9447507
            ],
            [
              27.3353832,
              37.9447399
            ],
            [
              27.3351852,
              37.9445676
            ],
            [
              27.3354037,
              37.9442768
            ],
            [
              27.335431,
              37.9437706
            ],
            [
              27.3349803,
              37.9435767
            ],
            [
              27.3347823,
              37.9432967
            ],
            [
              27.3345092,
              37.9426236
            ],
            [
              27.3346662,
              37.9423274
            ],
            [
              27.334557,
              37.9420366
            ],
            [
              27.334277,
              37.9417889
            ],
            [
              27.3335044,
              37.9374172
            ],
            [
              27.3354551,
              37.9350257
            ],
            [
              27.3381784,
              37.9343707
            ],
            [
              27.3419639,
              37.9340812
            ],
            [
              27.3436636,
              37.9348581
            ],
            [
              27.3501986,
              37.9339991
            ],
            [
              27.3509429,
              37.9335036
            ],
            [
              27.35138,
              37.9335898
            ],
            [
              27.351537,
              37.9348231
            ],
            [
              27.3510044,
              37.9351678
            ],
            [
              27.3511137,
              37.9355771
            ],
            [
              27.3510795,
              37.9360187
            ],
            [
              27.3502738,
              37.9362557
            ],
            [
              27.3478565,
              37.9363418
            ],
            [
              27.3452616,
              37.9375698
            ],
            [
              27.3439779,
              37.9392285
            ],
            [
              27.3452207,
              37.9416626
            ],
            [
              27.3452207,
              37.9434505
            ],
            [
              27.3469278,
              37.9448829
            ],
            [
              27.3474741,
              37.945066
            ],
            [
              27.3476131,
              37.9459515
            ]
          ]
        ]
      },
      "properties": {
        "id": "ephesus-way-244582409",
        "siteKey": "ephesus",
        "siteName": "以弗所",
        "siteEnName": "Ephesus",
        "name": "古城遗址区",
        "enName": "Ephesus",
        "originalName": "Efes",
        "role": "area",
        "period": "秦汉",
        "periodLabel": "希腊化／罗马／拜占庭",
        "heritageId": "whc-1018",
        "tentative": false,
        "sourceUrl": "https://www.openstreetmap.org/way/244582409",
        "referenceUrl": "https://www.oeaw.ac.at/en/oeai/institute/branches/ephesos/research-history",
        "note": "公开遗址区或卫城范围，未必等于某一期完整古城墙或法定保护界址。",
        "label": true
      }
    },
    {
      "type": "Feature",
      "geometry": {
        "type": "LineString",
        "coordinates": [
          [
            27.3465215,
            37.9280643
          ],
          [
            27.3456635,
            37.9278982
          ],
          [
            27.3444686,
            37.9280768
          ],
          [
            27.3440002,
            37.9282013
          ],
          [
            27.3426316,
            37.9283466
          ],
          [
            27.3415578,
            37.9287245
          ],
          [
            27.3411419,
            37.9290359
          ],
          [
            27.3404366,
            37.9298787
          ],
          [
            27.3395944,
            37.9305596
          ],
          [
            27.338768,
            37.9315228
          ],
          [
            27.337731,
            37.9317096
          ],
          [
            27.3361888,
            37.9323822
          ],
          [
            27.3354203,
            37.9326479
          ],
          [
            27.3360045,
            37.9337523
          ],
          [
            27.3359256,
            37.9339681
          ],
          [
            27.3347663,
            37.935597
          ],
          [
            27.3333445,
            37.9373936
          ],
          [
            27.332481,
            37.9380335
          ],
          [
            27.3314984,
            37.9382801
          ],
          [
            27.3289898,
            37.9392605
          ],
          [
            27.3282602,
            37.9395775
          ],
          [
            27.3272479,
            37.9397067
          ],
          [
            27.3269426,
            37.9400237
          ],
          [
            27.3240469,
            37.9409924
          ],
          [
            27.323563,
            37.9411215
          ],
          [
            27.32331,
            37.9414386
          ],
          [
            27.3207939,
            37.9424248
          ],
          [
            27.3202434,
            37.9425853
          ],
          [
            27.3198459,
            37.9429215
          ]
        ]
      },
      "properties": {
        "id": "ephesus-way-244588220",
        "siteKey": "ephesus",
        "siteName": "以弗所",
        "siteEnName": "Ephesus",
        "name": "利西马科斯城墙",
        "enName": "Wall of Lysimachus",
        "originalName": "Wall of Lysimachus",
        "role": "wall",
        "period": "秦汉",
        "periodLabel": "希腊化／罗马／拜占庭",
        "heritageId": "whc-1018",
        "tentative": false,
        "sourceUrl": "https://www.openstreetmap.org/way/244588220",
        "referenceUrl": "https://www.oeaw.ac.at/en/oeai/institute/branches/ephesos/research-history",
        "note": "公开遗迹矢量；部分对象包含现存或修复展示部分，不作考古实测界址。",
        "label": true
      }
    },
    {
      "type": "Feature",
      "geometry": {
        "type": "Polygon",
        "coordinates": [
          [
            [
              27.3407698,
              37.9393299
            ],
            [
              27.3407086,
              37.9391373
            ],
            [
              27.3408006,
              37.9391192
            ],
            [
              27.3408884,
              37.9391018
            ],
            [
              27.3409496,
              37.9392943
            ],
            [
              27.3407698,
              37.9393299
            ]
          ]
        ]
      },
      "properties": {
        "id": "ephesus-way-15782868",
        "siteKey": "ephesus",
        "siteName": "以弗所",
        "siteEnName": "Ephesus",
        "name": "塞尔苏斯图书馆",
        "enName": "Library of Celsus",
        "originalName": "Celsus Kütüphanesi",
        "role": "public",
        "period": "秦汉",
        "periodLabel": "希腊化／罗马／拜占庭",
        "heritageId": "whc-1018",
        "tentative": false,
        "sourceUrl": "https://www.openstreetmap.org/way/15782868",
        "referenceUrl": "https://www.oeaw.ac.at/en/oeai/institute/branches/ephesos/research-history",
        "note": "公开遗迹矢量；部分对象包含现存或修复展示部分，不作考古实测界址。",
        "label": true
      }
    },
    {
      "type": "Feature",
      "geometry": {
        "type": "Polygon",
        "coordinates": [
          [
            [
              27.3418576,
              37.9385048
            ],
            [
              27.3419356,
              37.9384439
            ],
            [
              27.3419781,
              37.9384777
            ],
            [
              27.3420156,
              37.9385075
            ],
            [
              27.3419376,
              37.9385685
            ],
            [
              27.3419001,
              37.9385386
            ],
            [
              27.3418576,
              37.9385048
            ]
          ]
        ]
      },
      "properties": {
        "id": "ephesus-way-15784366",
        "siteKey": "ephesus",
        "siteName": "以弗所",
        "siteEnName": "Ephesus",
        "name": "哈德良神庙",
        "enName": "Temple of Hadrian",
        "originalName": "Hadrian Tapınağı",
        "role": "temple",
        "period": "秦汉",
        "periodLabel": "希腊化／罗马／拜占庭",
        "heritageId": "whc-1018",
        "tentative": false,
        "sourceUrl": "https://www.openstreetmap.org/way/15784366",
        "referenceUrl": "https://www.oeaw.ac.at/en/oeai/institute/branches/ephesos/research-history",
        "note": "公开遗迹矢量；部分对象包含现存或修复展示部分，不作考古实测界址。",
        "label": true
      }
    },
    {
      "type": "Feature",
      "geometry": {
        "type": "Polygon",
        "coordinates": [
          [
            [
              27.341851,
              37.9405144
            ],
            [
              27.3418946,
              37.9404927
            ],
            [
              27.3419407,
              37.9404727
            ],
            [
              27.3419885,
              37.9404549
            ],
            [
              27.3420254,
              37.9404431
            ],
            [
              27.3420745,
              37.9404298
            ],
            [
              27.3421309,
              37.9404177
            ],
            [
              27.3421785,
              37.9404099
            ],
            [
              27.3422279,
              37.9404043
            ],
            [
              27.3422759,
              37.940401
            ],
            [
              27.3423335,
              37.9403999
            ],
            [
              27.3423832,
              37.9404014
            ],
            [
              27.3424281,
              37.9404048
            ],
            [
              27.342488,
              37.9404123
            ],
            [
              27.3425422,
              37.9404222
            ],
            [
              27.342597,
              37.9404352
            ],
            [
              27.3426411,
              37.9404481
            ],
            [
              27.3426943,
              37.9404667
            ],
            [
              27.3427463,
              37.9404884
            ],
            [
              27.3427905,
              37.9405098
            ],
            [
              27.3428489,
              37.9405431
            ],
            [
              27.3428825,
              37.9405651
            ],
            [
              27.3429278,
              37.9405987
            ],
            [
              27.3429618,
              37.9406276
            ],
            [
              27.3430011,
              37.9406658
            ],
            [
              27.3430253,
              37.9406925
            ],
            [
              27.3430566,
              37.9407318
            ],
            [
              27.3430906,
              37.9407827
            ],
            [
              27.3431133,
              37.9408245
            ],
            [
              27.3431298,
              37.9408608
            ],
            [
              27.3431428,
              37.9408956
            ],
            [
              27.3431552,
              37.9409378
            ],
            [
              27.3431635,
              37.9409772
            ],
            [
              27.3431685,
              37.9410134
            ],
            [
              27.3431709,
              37.9410477
            ],
            [
              27.3431708,
              37.9410898
            ],
            [
              27.3431671,
              37.9411332
            ],
            [
              27.3431601,
              37.9411749
            ],
            [
              27.3431506,
              37.9412139
            ],
            [
              27.3431363,
              37.9412569
            ],
            [
              27.3431213,
              37.9412931
            ],
            [
              27.3431025,
              37.9413307
            ],
            [
              27.3430799,
              37.9413688
            ],
            [
              27.3430562,
              37.9414032
            ],
            [
              27.3430292,
              37.9414373
            ],
            [
              27.3429995,
              37.9414702
            ],
            [
              27.3429673,
              37.9415017
            ],
            [
              27.3429329,
              37.9415314
            ],
            [
              27.3428965,
              37.9415594
            ],
            [
              27.342858,
              37.9415855
            ],
            [
              27.3428176,
              37.9416098
            ],
            [
              27.3427756,
              37.941632
            ],
            [
              27.342732,
              37.9416523
            ],
            [
              27.3426871,
              37.9416703
            ],
            [
              27.3426409,
              37.9416863
            ],
            [
              27.3425935,
              37.9417
            ],
            [
              27.3425455,
              37.9417114
            ],
            [
              27.3424966,
              37.9417206
            ],
            [
              27.3424471,
              37.9417275
            ],
            [
              27.3423972,
              37.941732
            ],
            [
              27.3423472,
              37.9417343
            ],
            [
              27.342344,
              37.9414047
            ],
            [
              27.3422161,
              37.9414327
            ],
            [
              27.3421933,
              37.9413681
            ],
            [
              27.342115,
              37.9413853
            ],
            [
              27.3419531,
              37.9409257
            ],
            [
              27.3421279,
              37.9408868
            ],
            [
              27.3421593,
              37.9408805
            ],
            [
              27.341851,
              37.9405144
            ]
          ],
          [
            [
              27.3423204,
              37.9412034
            ],
            [
              27.3422463,
              37.9409806
            ],
            [
              27.3422771,
              37.940972
            ],
            [
              27.3423097,
              37.9409689
            ],
            [
              27.3423422,
              37.9409715
            ],
            [
              27.3423733,
              37.9409797
            ],
            [
              27.3424014,
              37.940993
            ],
            [
              27.342425,
              37.9410109
            ],
            [
              27.3424432,
              37.9410324
            ],
            [
              27.3424549,
              37.9410565
            ],
            [
              27.3424597,
              37.941082
            ],
            [
              27.3424573,
              37.9411078
            ],
            [
              27.3424478,
              37.9411325
            ],
            [
              27.3424316,
              37.941155
            ],
            [
              27.3424096,
              37.9411741
            ],
            [
              27.3423829,
              37.941189
            ],
            [
              27.3423526,
              37.9411989
            ],
            [
              27.3423204,
              37.9412034
            ]
          ]
        ]
      },
      "properties": {
        "id": "ephesus-relation-19318482",
        "siteKey": "ephesus",
        "siteName": "以弗所",
        "siteEnName": "Ephesus",
        "name": "大剧场",
        "enName": "Great Theatre",
        "originalName": "Tiyatro",
        "role": "theatre",
        "period": "秦汉",
        "periodLabel": "希腊化／罗马／拜占庭",
        "heritageId": "whc-1018",
        "tentative": false,
        "sourceUrl": "https://www.openstreetmap.org/relation/19318482",
        "referenceUrl": "https://www.oeaw.ac.at/en/oeai/institute/branches/ephesos/research-history",
        "note": "公开遗迹矢量；部分对象包含现存或修复展示部分，不作考古实测界址。",
        "label": true
      }
    },
    {
      "type": "Feature",
      "geometry": {
        "type": "Polygon",
        "coordinates": [
          [
            [
              27.3446482,
              37.9368689
            ],
            [
              27.3446573,
              37.9368951
            ],
            [
              27.3446626,
              37.9369095
            ],
            [
              27.3446693,
              37.9369235
            ],
            [
              27.3446773,
              37.9369371
            ],
            [
              27.3446866,
              37.9369502
            ],
            [
              27.3446971,
              37.9369627
            ],
            [
              27.3447087,
              37.9369745
            ],
            [
              27.3447215,
              37.9369857
            ],
            [
              27.3447352,
              37.936996
            ],
            [
              27.3447499,
              37.9370055
            ],
            [
              27.3447655,
              37.9370141
            ],
            [
              27.3447818,
              37.9370218
            ],
            [
              27.3447988,
              37.9370285
            ],
            [
              27.3448164,
              37.9370342
            ],
            [
              27.3448345,
              37.9370388
            ],
            [
              27.344853,
              37.9370423
            ],
            [
              27.3448717,
              37.9370447
            ],
            [
              27.3448907,
              37.9370461
            ],
            [
              27.3449097,
              37.9370463
            ],
            [
              27.3449287,
              37.9370453
            ],
            [
              27.3449475,
              37.9370433
            ],
            [
              27.3449661,
              37.9370402
            ],
            [
              27.3449843,
              37.9370359
            ],
            [
              27.3450021,
              37.9370306
            ],
            [
              27.3450193,
              37.9370243
            ],
            [
              27.3450359,
              37.937017
            ],
            [
              27.3450518,
              37.9370087
            ],
            [
              27.3450668,
              37.9369995
            ],
            [
              27.3450809,
              37.9369895
            ],
            [
              27.345094,
              37.9369786
            ],
            [
              27.345106,
              37.936967
            ],
            [
              27.3451169,
              37.9369547
            ],
            [
              27.3451267,
              37.9369418
            ],
            [
              27.3451351,
              37.9369284
            ],
            [
              27.3451423,
              37.9369145
            ],
            [
              27.3451481,
              37.9369003
            ],
            [
              27.3451526,
              37.9368857
            ],
            [
              27.3451557,
              37.9368709
            ],
            [
              27.3451573,
              37.936856
            ],
            [
              27.3451576,
              37.936841
            ],
            [
              27.3451564,
              37.936826
            ],
            [
              27.3451538,
              37.9368112
            ],
            [
              27.3451498,
              37.9367965
            ],
            [
              27.3451413,
              37.9367646
            ],
            [
              27.3446482,
              37.9368689
            ]
          ]
        ]
      },
      "properties": {
        "id": "ephesus-way-506466127",
        "siteKey": "ephesus",
        "siteName": "以弗所",
        "siteEnName": "Ephesus",
        "name": "音乐厅／议事厅",
        "enName": "Odeon (Konser Salonu)",
        "originalName": "Odeon (Konser Salonu)",
        "role": "public",
        "period": "秦汉",
        "periodLabel": "希腊化／罗马／拜占庭",
        "heritageId": "whc-1018",
        "tentative": false,
        "sourceUrl": "https://www.openstreetmap.org/way/506466127",
        "referenceUrl": "https://www.oeaw.ac.at/en/oeai/institute/branches/ephesos/research-history",
        "note": "公开遗迹矢量；部分对象包含现存或修复展示部分，不作考古实测界址。",
        "label": true
      }
    },
    {
      "type": "Feature",
      "geometry": {
        "type": "Polygon",
        "coordinates": [
          [
            [
              27.3415567,
              37.9403846
            ],
            [
              27.3416213,
              37.9403718
            ],
            [
              27.3413227,
              37.9394323
            ],
            [
              27.3412603,
              37.9394447
            ],
            [
              27.3412033,
              37.9392651
            ],
            [
              27.341147,
              37.9392763
            ],
            [
              27.3411407,
              37.9392566
            ],
            [
              27.341085,
              37.9392676
            ],
            [
              27.3410923,
              37.9392905
            ],
            [
              27.3410529,
              37.9392982
            ],
            [
              27.3410035,
              37.939308
            ],
            [
              27.3409962,
              37.9392851
            ],
            [
              27.3409496,
              37.9392943
            ],
            [
              27.3407698,
              37.9393299
            ],
            [
              27.3396415,
              37.9395529
            ],
            [
              27.3400345,
              37.9407896
            ],
            [
              27.3401864,
              37.9407595
            ],
            [
              27.3412327,
              37.9405528
            ],
            [
              27.3412693,
              37.9405455
            ],
            [
              27.3413137,
              37.9405367
            ],
            [
              27.3415006,
              37.9404998
            ],
            [
              27.3415878,
              37.9404826
            ],
            [
              27.3415567,
              37.9403846
            ]
          ]
        ]
      },
      "properties": {
        "id": "ephesus-way-183304725",
        "siteKey": "ephesus",
        "siteName": "以弗所",
        "siteEnName": "Ephesus",
        "name": "商业广场",
        "enName": "Commercial Market (Tetragonos Agora)",
        "originalName": "Commercial Market (Tetragonos Agora)",
        "role": "public",
        "period": "秦汉",
        "periodLabel": "希腊化／罗马／拜占庭",
        "heritageId": "whc-1018",
        "tentative": false,
        "sourceUrl": "https://www.openstreetmap.org/way/183304725",
        "referenceUrl": "https://www.oeaw.ac.at/en/oeai/institute/branches/ephesos/research-history",
        "note": "公开遗迹矢量；部分对象包含现存或修复展示部分，不作考古实测界址。",
        "label": true
      }
    },
    {
      "type": "Feature",
      "geometry": {
        "type": "Polygon",
        "coordinates": [
          [
            [
              27.3433719,
              37.9370741
            ],
            [
              27.3434986,
              37.9370473
            ],
            [
              27.34357,
              37.9370322
            ],
            [
              27.3440256,
              37.9369356
            ],
            [
              27.3453617,
              37.9366525
            ],
            [
              27.3450279,
              37.9356726
            ],
            [
              27.3431152,
              37.9360779
            ],
            [
              27.3433856,
              37.9368717
            ],
            [
              27.3433085,
              37.936888
            ],
            [
              27.3433293,
              37.9369489
            ],
            [
              27.3433472,
              37.9370014
            ],
            [
              27.3433584,
              37.9370344
            ],
            [
              27.3433719,
              37.9370741
            ]
          ]
        ]
      },
      "properties": {
        "id": "ephesus-way-244758793",
        "siteKey": "ephesus",
        "siteName": "以弗所",
        "siteEnName": "Ephesus",
        "name": "国家广场",
        "enName": "State Agora",
        "originalName": "State Agora",
        "role": "public",
        "period": "秦汉",
        "periodLabel": "希腊化／罗马／拜占庭",
        "heritageId": "whc-1018",
        "tentative": false,
        "sourceUrl": "https://www.openstreetmap.org/way/244758793",
        "referenceUrl": "https://www.oeaw.ac.at/en/oeai/institute/branches/ephesos/research-history",
        "note": "公开遗迹矢量；部分对象包含现存或修复展示部分，不作考古实测界址。",
        "label": true
      }
    },
    {
      "type": "Feature",
      "geometry": {
        "type": "Polygon",
        "coordinates": [
          [
            [
              27.3446139,
              37.9368602
            ],
            [
              27.3447271,
              37.9371986
            ],
            [
              27.3443858,
              37.9372696
            ],
            [
              27.3443458,
              37.9371501
            ],
            [
              27.3443425,
              37.9371402
            ],
            [
              27.3442726,
              37.9369313
            ],
            [
              27.3446139,
              37.9368602
            ]
          ]
        ]
      },
      "properties": {
        "id": "ephesus-way-244582420",
        "siteKey": "ephesus",
        "siteName": "以弗所",
        "siteEnName": "Ephesus",
        "name": "市政厅（普律塔涅翁）",
        "enName": "Prytaneion",
        "originalName": "Prytaneion",
        "role": "public",
        "period": "秦汉",
        "periodLabel": "希腊化／罗马／拜占庭",
        "heritageId": "whc-1018",
        "tentative": false,
        "sourceUrl": "https://www.openstreetmap.org/way/244582420",
        "referenceUrl": "https://www.oeaw.ac.at/en/oeai/institute/branches/ephesos/research-history",
        "note": "公开遗迹矢量；部分对象包含现存或修复展示部分，不作考古实测界址。",
        "label": true
      }
    },
    {
      "type": "Feature",
      "geometry": {
        "type": "Polygon",
        "coordinates": [
          [
            [
              27.3414926,
              37.9377993
            ],
            [
              27.3412871,
              37.9378468
            ],
            [
              27.3408798,
              37.9379368
            ],
            [
              27.3411784,
              37.9387119
            ],
            [
              27.341212,
              37.9387037
            ],
            [
              27.3412349,
              37.9387621
            ],
            [
              27.3414109,
              37.9386599
            ],
            [
              27.3414651,
              37.93865
            ],
            [
              27.3415693,
              37.9385762
            ],
            [
              27.3417324,
              37.9384415
            ],
            [
              27.3417163,
              37.9383984
            ],
            [
              27.3414926,
              37.9377993
            ]
          ]
        ]
      },
      "properties": {
        "id": "ephesus-way-183304708",
        "siteKey": "ephesus",
        "siteName": "以弗所",
        "siteEnName": "Ephesus",
        "name": "山坡住宅二区",
        "enName": "Terrace House 2",
        "originalName": "Yamaç Ev 2",
        "role": "house",
        "period": "秦汉",
        "periodLabel": "希腊化／罗马／拜占庭",
        "heritageId": "whc-1018",
        "tentative": false,
        "sourceUrl": "https://www.openstreetmap.org/way/183304708",
        "referenceUrl": "https://www.oeaw.ac.at/en/oeai/institute/branches/ephesos/research-history",
        "note": "公开遗迹矢量；部分对象包含现存或修复展示部分，不作考古实测界址。",
        "label": true
      }
    },
    {
      "type": "Feature",
      "geometry": {
        "type": "Polygon",
        "coordinates": [
          [
            [
              27.3420337,
              37.9376686
            ],
            [
              27.3414926,
              37.9377993
            ],
            [
              27.3417163,
              37.9383984
            ],
            [
              27.3418432,
              37.9383156
            ],
            [
              27.3418703,
              37.9382979
            ],
            [
              27.3419027,
              37.9382767
            ],
            [
              27.3419362,
              37.9382548
            ],
            [
              27.3419768,
              37.9382283
            ],
            [
              27.3420118,
              37.9382054
            ],
            [
              27.3420493,
              37.9381809
            ],
            [
              27.3420852,
              37.9381574
            ],
            [
              27.3421386,
              37.9381226
            ],
            [
              27.3421263,
              37.9380685
            ],
            [
              27.3420337,
              37.9376686
            ]
          ]
        ]
      },
      "properties": {
        "id": "ephesus-way-183304726",
        "siteKey": "ephesus",
        "siteName": "以弗所",
        "siteEnName": "Ephesus",
        "name": "山坡住宅一区",
        "enName": "Terrace House 1",
        "originalName": "Yamaç Ev 1",
        "role": "house",
        "period": "秦汉",
        "periodLabel": "希腊化／罗马／拜占庭",
        "heritageId": "whc-1018",
        "tentative": false,
        "sourceUrl": "https://www.openstreetmap.org/way/183304726",
        "referenceUrl": "https://www.oeaw.ac.at/en/oeai/institute/branches/ephesos/research-history",
        "note": "公开遗迹矢量；部分对象包含现存或修复展示部分，不作考古实测界址。",
        "label": true
      }
    },
    {
      "type": "Feature",
      "geometry": {
        "type": "Polygon",
        "coordinates": [
          [
            [
              27.3425005,
              37.9366438
            ],
            [
              27.3427389,
              37.9366016
            ],
            [
              27.3427053,
              37.9364836
            ],
            [
              27.3424669,
              37.9365259
            ],
            [
              27.3425005,
              37.9366438
            ]
          ]
        ]
      },
      "properties": {
        "id": "ephesus-way-244582407",
        "siteKey": "ephesus",
        "siteName": "以弗所",
        "siteEnName": "Ephesus",
        "name": "多米提安神庙",
        "enName": "Domitian Temple",
        "originalName": "Domitian Tapınağı",
        "role": "temple",
        "period": "秦汉",
        "periodLabel": "希腊化／罗马／拜占庭",
        "heritageId": "whc-1018",
        "tentative": false,
        "sourceUrl": "https://www.openstreetmap.org/way/244582407",
        "referenceUrl": "https://www.oeaw.ac.at/en/oeai/institute/branches/ephesos/research-history",
        "note": "公开遗迹矢量；部分对象包含现存或修复展示部分，不作考古实测界址。",
        "label": true
      }
    },
    {
      "type": "Feature",
      "geometry": {
        "type": "Polygon",
        "coordinates": [
          [
            [
              27.3395144,
              37.9397596
            ],
            [
              27.3393465,
              37.9393394
            ],
            [
              27.3388997,
              37.9394505
            ],
            [
              27.3390677,
              37.9398707
            ],
            [
              27.3395144,
              37.9397596
            ]
          ]
        ]
      },
      "properties": {
        "id": "ephesus-way-183304728",
        "siteKey": "ephesus",
        "siteName": "以弗所",
        "siteEnName": "Ephesus",
        "name": "塞拉皮斯神庙",
        "enName": "Serapeion",
        "originalName": "Serapeion",
        "role": "temple",
        "period": "秦汉",
        "periodLabel": "希腊化／罗马／拜占庭",
        "heritageId": "whc-1018",
        "tentative": false,
        "sourceUrl": "https://www.openstreetmap.org/way/183304728",
        "referenceUrl": "https://www.oeaw.ac.at/en/oeai/institute/branches/ephesos/research-history",
        "note": "公开遗迹矢量；部分对象包含现存或修复展示部分，不作考古实测界址。",
        "label": true
      }
    },
    {
      "type": "Feature",
      "geometry": {
        "type": "Polygon",
        "coordinates": [
          [
            [
              27.3420171,
              37.9390763
            ],
            [
              27.3421866,
              37.9390473
            ],
            [
              27.3421701,
              37.9389941
            ],
            [
              27.3421904,
              37.9389901
            ],
            [
              27.3424223,
              37.9389445
            ],
            [
              27.3423761,
              37.9387984
            ],
            [
              27.342331,
              37.9386559
            ],
            [
              27.3423042,
              37.938571
            ],
            [
              27.3422917,
              37.9385315
            ],
            [
              27.3422774,
              37.9384862
            ],
            [
              27.3422657,
              37.9384493
            ],
            [
              27.3422507,
              37.9384018
            ],
            [
              27.342195,
              37.9382631
            ],
            [
              27.3420412,
              37.9383835
            ],
            [
              27.3420969,
              37.9385636
            ],
            [
              27.3421109,
              37.9386091
            ],
            [
              27.3419424,
              37.9386422
            ],
            [
              27.3418875,
              37.9386564
            ],
            [
              27.3419075,
              37.9387118
            ],
            [
              27.3419548,
              37.9388692
            ],
            [
              27.3420171,
              37.9390763
            ]
          ]
        ]
      },
      "properties": {
        "id": "ephesus-way-183304739",
        "siteKey": "ephesus",
        "siteName": "以弗所",
        "siteEnName": "Ephesus",
        "name": "瓦里乌斯浴场",
        "enName": "Bath of Varius",
        "originalName": "Varius Hamamı",
        "role": "bath",
        "period": "秦汉",
        "periodLabel": "希腊化／罗马／拜占庭",
        "heritageId": "whc-1018",
        "tentative": false,
        "sourceUrl": "https://www.openstreetmap.org/way/183304739",
        "referenceUrl": "https://www.oeaw.ac.at/en/oeai/institute/branches/ephesos/research-history",
        "note": "公开遗迹矢量；部分对象包含现存或修复展示部分，不作考古实测界址。",
        "label": true
      }
    },
    {
      "type": "Feature",
      "geometry": {
        "type": "Polygon",
        "coordinates": [
          [
            [
              27.3470088,
              37.9456222
            ],
            [
              27.3443469,
              37.9461888
            ],
            [
              27.3445648,
              37.9468437
            ],
            [
              27.3471325,
              37.9462956
            ],
            [
              27.3472974,
              37.9461842
            ],
            [
              27.3473916,
              37.9459984
            ],
            [
              27.3473681,
              37.9457987
            ],
            [
              27.3472326,
              37.9456594
            ],
            [
              27.3470088,
              37.9456222
            ]
          ]
        ]
      },
      "properties": {
        "id": "ephesus-way-183304743",
        "siteKey": "ephesus",
        "siteName": "以弗所",
        "siteEnName": "Ephesus",
        "name": "体育场",
        "enName": "Stadium",
        "originalName": "Stadyum",
        "role": "theatre",
        "period": "秦汉",
        "periodLabel": "希腊化／罗马／拜占庭",
        "heritageId": "whc-1018",
        "tentative": false,
        "sourceUrl": "https://www.openstreetmap.org/way/183304743",
        "referenceUrl": "https://www.oeaw.ac.at/en/oeai/institute/branches/ephesos/research-history",
        "note": "公开遗迹矢量；部分对象包含现存或修复展示部分，不作考古实测界址。",
        "label": true
      }
    },
    {
      "type": "Feature",
      "geometry": {
        "type": "Polygon",
        "coordinates": [
          [
            [
              27.3461555,
              37.9470411
            ],
            [
              27.3447208,
              37.9472625
            ],
            [
              27.3448911,
              37.9479488
            ],
            [
              27.3463258,
              37.9477274
            ],
            [
              27.3461555,
              37.9470411
            ]
          ]
        ]
      },
      "properties": {
        "id": "ephesus-way-183304727",
        "siteKey": "ephesus",
        "siteName": "以弗所",
        "siteEnName": "Ephesus",
        "name": "韦迪乌斯体育馆",
        "enName": "Vedius Gymnasium",
        "originalName": "Vedius Gymnasium",
        "role": "public",
        "period": "秦汉",
        "periodLabel": "希腊化／罗马／拜占庭",
        "heritageId": "whc-1018",
        "tentative": false,
        "sourceUrl": "https://www.openstreetmap.org/way/183304727",
        "referenceUrl": "https://www.oeaw.ac.at/en/oeai/institute/branches/ephesos/research-history",
        "note": "公开遗迹矢量；部分对象包含现存或修复展示部分，不作考古实测界址。",
        "label": true
      }
    },
    {
      "type": "Feature",
      "geometry": {
        "type": "Polygon",
        "coordinates": [
          [
            [
              27.3415835,
              37.9429522
            ],
            [
              27.3424026,
              37.9427662
            ],
            [
              27.3419889,
              37.941633
            ],
            [
              27.3411698,
              37.941819
            ],
            [
              27.3415835,
              37.9429522
            ]
          ]
        ]
      },
      "properties": {
        "id": "ephesus-way-244582427",
        "siteKey": "ephesus",
        "siteName": "以弗所",
        "siteEnName": "Ephesus",
        "name": "剧场体育馆",
        "enName": "Theatre Gymnasium",
        "originalName": "Theatre Gymnasium",
        "role": "public",
        "period": "秦汉",
        "periodLabel": "希腊化／罗马／拜占庭",
        "heritageId": "whc-1018",
        "tentative": false,
        "sourceUrl": "https://www.openstreetmap.org/way/244582427",
        "referenceUrl": "https://www.oeaw.ac.at/en/oeai/institute/branches/ephesos/research-history",
        "note": "公开遗迹矢量；部分对象包含现存或修复展示部分，不作考古实测界址。",
        "label": true
      }
    },
    {
      "type": "Feature",
      "geometry": {
        "type": "Polygon",
        "coordinates": [
          [
            [
              27.3372291,
              37.9440575
            ],
            [
              27.3370676,
              37.9436408
            ],
            [
              27.3374404,
              37.9435483
            ],
            [
              27.3372668,
              37.9430841
            ],
            [
              27.3377855,
              37.9429536
            ],
            [
              27.3378309,
              37.9430763
            ],
            [
              27.3382573,
              37.9442292
            ],
            [
              27.3383033,
              37.9443538
            ],
            [
              27.3378102,
              37.9444718
            ],
            [
              27.3375989,
              37.943958
            ],
            [
              27.3372291,
              37.9440575
            ]
          ]
        ]
      },
      "properties": {
        "id": "ephesus-way-303403887",
        "siteKey": "ephesus",
        "siteName": "以弗所",
        "siteEnName": "Ephesus",
        "name": "港口浴场",
        "enName": "Harbour Thermae, Ephesos",
        "originalName": "Harbour Thermae, Ephesos",
        "role": "bath",
        "period": "秦汉",
        "periodLabel": "希腊化／罗马／拜占庭",
        "heritageId": "whc-1018",
        "tentative": false,
        "sourceUrl": "https://www.openstreetmap.org/way/303403887",
        "referenceUrl": "https://www.oeaw.ac.at/en/oeai/institute/branches/ephesos/research-history",
        "note": "公开遗迹矢量；部分对象包含现存或修复展示部分，不作考古实测界址。",
        "label": true
      }
    },
    {
      "type": "Feature",
      "geometry": {
        "type": "Polygon",
        "coordinates": [
          [
            [
              27.3382573,
              37.9442292
            ],
            [
              27.3393512,
              37.9439881
            ],
            [
              27.3393392,
              37.9439907
            ],
            [
              27.3389301,
              37.9428143
            ],
            [
              27.3378413,
              37.9430738
            ],
            [
              27.3382677,
              37.9442267
            ],
            [
              27.3382573,
              37.9442292
            ]
          ]
        ]
      },
      "properties": {
        "id": "ephesus-way-303403889",
        "siteKey": "ephesus",
        "siteName": "以弗所",
        "siteEnName": "Ephesus",
        "name": "港口体育馆",
        "enName": "Ephesus Harbour Gymnasium",
        "originalName": "Ephesus Harbour Gymnasium",
        "role": "public",
        "period": "秦汉",
        "periodLabel": "希腊化／罗马／拜占庭",
        "heritageId": "whc-1018",
        "tentative": false,
        "sourceUrl": "https://www.openstreetmap.org/way/303403889",
        "referenceUrl": "https://www.oeaw.ac.at/en/oeai/institute/branches/ephesos/research-history",
        "note": "公开遗迹矢量；部分对象包含现存或修复展示部分，不作考古实测界址。",
        "label": true
      }
    },
    {
      "type": "Feature",
      "geometry": {
        "type": "Polygon",
        "coordinates": [
          [
            [
              27.334197,
              37.941859
            ],
            [
              27.3334058,
              37.9421086
            ],
            [
              27.3315318,
              37.9422991
            ],
            [
              27.3310204,
              37.9424879
            ],
            [
              27.3305491,
              37.9424699
            ],
            [
              27.3295246,
              37.9428443
            ],
            [
              27.3291082,
              37.9435996
            ],
            [
              27.3285418,
              37.944171
            ],
            [
              27.3280756,
              37.9446
            ],
            [
              27.32581,
              37.9457671
            ],
            [
              27.3241193,
              37.9466078
            ],
            [
              27.3237196,
              37.9467375
            ],
            [
              27.3231282,
              37.9469558
            ],
            [
              27.3205297,
              37.9478359
            ],
            [
              27.3188056,
              37.9483876
            ],
            [
              27.3177812,
              37.9490247
            ],
            [
              27.3162154,
              37.9498785
            ],
            [
              27.3161904,
              37.9501412
            ],
            [
              27.31694,
              37.9501477
            ],
            [
              27.3180644,
              37.9497077
            ],
            [
              27.3199717,
              37.9487882
            ],
            [
              27.3221205,
              37.9480724
            ],
            [
              27.3239944,
              37.9472777
            ],
            [
              27.3256444,
              37.9465675
            ],
            [
              27.3261932,
              37.9463647
            ],
            [
              27.327759,
              37.9459247
            ],
            [
              27.3284586,
              37.9456029
            ],
            [
              27.3290499,
              37.9457014
            ],
            [
              27.3302659,
              37.9462597
            ],
            [
              27.3308156,
              37.9463122
            ],
            [
              27.3329644,
              37.945951
            ],
            [
              27.3340055,
              37.9457539
            ],
            [
              27.3351964,
              37.9452285
            ],
            [
              27.3356046,
              37.9447753
            ],
            [
              27.3353297,
              37.9448016
            ],
            [
              27.3350549,
              37.9445717
            ],
            [
              27.3352881,
              37.9442564
            ],
            [
              27.3353547,
              37.943777
            ],
            [
              27.3348883,
              37.9436522
            ],
            [
              27.3346717,
              37.943304
            ],
            [
              27.3343886,
              37.9426078
            ],
            [
              27.3345468,
              37.9422991
            ],
            [
              27.3344219,
              37.9420364
            ],
            [
              27.334197,
              37.941859
            ]
          ]
        ]
      },
      "properties": {
        "id": "ephesus-way-183304731",
        "siteKey": "ephesus",
        "siteName": "以弗所",
        "siteEnName": "Ephesus",
        "name": "古港遗迹区",
        "enName": "Ancient Harbour",
        "originalName": "Antik Liman",
        "role": "area",
        "period": "秦汉",
        "periodLabel": "希腊化／罗马／拜占庭",
        "heritageId": "whc-1018",
        "tentative": false,
        "sourceUrl": "https://www.openstreetmap.org/way/183304731",
        "referenceUrl": "https://www.oeaw.ac.at/en/oeai/institute/branches/ephesos/research-history",
        "note": "公开遗址区或卫城范围，未必等于某一期完整古城墙或法定保护界址。",
        "label": true
      }
    },
    {
      "type": "Feature",
      "geometry": {
        "type": "Polygon",
        "coordinates": [
          [
            [
              27.3423896,
              37.9380985
            ],
            [
              27.342497,
              37.9380171
            ],
            [
              27.3425407,
              37.9380531
            ],
            [
              27.3425596,
              37.9380685
            ],
            [
              27.3424521,
              37.9381499
            ],
            [
              27.3424333,
              37.9381345
            ],
            [
              27.3423896,
              37.9380985
            ]
          ]
        ]
      },
      "properties": {
        "id": "ephesus-way-244757523",
        "siteKey": "ephesus",
        "siteName": "以弗所",
        "siteEnName": "Ephesus",
        "name": "图拉真喷泉",
        "enName": "Fountain of Trajan",
        "originalName": "Traian Çeşmesi",
        "role": "water",
        "period": "秦汉",
        "periodLabel": "希腊化／罗马／拜占庭",
        "heritageId": "whc-1018",
        "tentative": false,
        "sourceUrl": "https://www.openstreetmap.org/way/244757523",
        "referenceUrl": "https://www.oeaw.ac.at/en/oeai/institute/branches/ephesos/research-history",
        "note": "公开遗迹矢量；部分对象包含现存或修复展示部分，不作考古实测界址。",
        "label": true
      }
    },
    {
      "type": "Feature",
      "geometry": {
        "type": "Polygon",
        "coordinates": [
          [
            [
              27.3434098,
              37.9368157
            ],
            [
              27.3435187,
              37.9367923
            ],
            [
              27.3434636,
              37.9366325
            ],
            [
              27.3433547,
              37.9366558
            ],
            [
              27.3434098,
              37.9368157
            ]
          ]
        ]
      },
      "properties": {
        "id": "ephesus-way-244582459",
        "siteKey": "ephesus",
        "siteName": "以弗所",
        "siteEnName": "Ephesus",
        "name": "波利奥喷泉",
        "enName": "Fountain of Pollio",
        "originalName": "Fountain of Pollio",
        "role": "water",
        "period": "秦汉",
        "periodLabel": "希腊化／罗马／拜占庭",
        "heritageId": "whc-1018",
        "tentative": false,
        "sourceUrl": "https://www.openstreetmap.org/way/244582459",
        "referenceUrl": "https://www.oeaw.ac.at/en/oeai/institute/branches/ephesos/research-history",
        "note": "公开遗迹矢量；部分对象包含现存或修复展示部分，不作考古实测界址。",
        "label": true
      }
    },
    {
      "type": "Feature",
      "geometry": {
        "type": "Polygon",
        "coordinates": [
          [
            [
              27.3410035,
              37.939308
            ],
            [
              27.3410529,
              37.9392982
            ],
            [
              27.3410923,
              37.9392905
            ],
            [
              27.341085,
              37.9392676
            ],
            [
              27.3410457,
              37.9392754
            ],
            [
              27.3409962,
              37.9392851
            ],
            [
              27.3410035,
              37.939308
            ]
          ]
        ]
      },
      "properties": {
        "id": "ephesus-way-244757527",
        "siteKey": "ephesus",
        "siteName": "以弗所",
        "siteEnName": "Ephesus",
        "name": "马泽乌斯与米特里达梯门",
        "enName": "South Gate (Gate of Mazeus and Mithridates)",
        "originalName": "South Gate (Gate of Mazeus and Mithridates)",
        "role": "gate",
        "period": "秦汉",
        "periodLabel": "希腊化／罗马／拜占庭",
        "heritageId": "whc-1018",
        "tentative": false,
        "sourceUrl": "https://www.openstreetmap.org/way/244757527",
        "referenceUrl": "https://www.oeaw.ac.at/en/oeai/institute/branches/ephesos/research-history",
        "note": "公开遗迹矢量；部分对象包含现存或修复展示部分，不作考古实测界址。",
        "label": true
      }
    },
    {
      "type": "Feature",
      "geometry": {
        "type": "Point",
        "coordinates": [
          27.3430779,
          37.9374577
        ]
      },
      "properties": {
        "id": "ephesus-node-158244493",
        "siteKey": "ephesus",
        "siteName": "以弗所",
        "siteEnName": "Ephesus",
        "name": "赫拉克勒斯门",
        "enName": "Hercules Gate",
        "originalName": "Herkül Kapısı",
        "role": "gate",
        "period": "秦汉",
        "periodLabel": "希腊化／罗马／拜占庭",
        "heritageId": "whc-1018",
        "tentative": false,
        "sourceUrl": "https://www.openstreetmap.org/node/158244493",
        "referenceUrl": "https://www.oeaw.ac.at/en/oeai/institute/branches/ephesos/research-history",
        "note": "公开遗迹矢量；部分对象包含现存或修复展示部分，不作考古实测界址。",
        "label": true
      }
    },
    {
      "type": "Feature",
      "geometry": {
        "type": "Polygon",
        "coordinates": [
          [
            [
              27.3501572,
              37.9345873
            ],
            [
              27.3507888,
              37.9347758
            ],
            [
              27.3505908,
              37.9343045
            ],
            [
              27.3503791,
              37.9343638
            ],
            [
              27.3503757,
              37.9344499
            ],
            [
              27.3501811,
              37.9345038
            ],
            [
              27.3501572,
              37.9345873
            ]
          ]
        ]
      },
      "properties": {
        "id": "ephesus-way-244582411",
        "siteKey": "ephesus",
        "siteName": "以弗所",
        "siteEnName": "Ephesus",
        "name": "马格尼西亚门",
        "enName": "Gate of Magnesia",
        "originalName": "Gate of Magnesia",
        "role": "gate",
        "period": "秦汉",
        "periodLabel": "希腊化／罗马／拜占庭",
        "heritageId": "whc-1018",
        "tentative": false,
        "sourceUrl": "https://www.openstreetmap.org/way/244582411",
        "referenceUrl": "https://www.oeaw.ac.at/en/oeai/institute/branches/ephesos/research-history",
        "note": "公开遗迹矢量；部分对象包含现存或修复展示部分，不作考古实测界址。",
        "label": true
      }
    },
    {
      "type": "Feature",
      "geometry": {
        "type": "Polygon",
        "coordinates": [
          [
            [
              27.3411819,
              37.9389145
            ],
            [
              27.3412523,
              37.9388688
            ],
            [
              27.3412637,
              37.9388797
            ],
            [
              27.3411932,
              37.9389254
            ],
            [
              27.3411819,
              37.9389145
            ]
          ]
        ]
      },
      "properties": {
        "id": "ephesus-way-1411857008",
        "siteKey": "ephesus",
        "siteName": "以弗所",
        "siteEnName": "Ephesus",
        "name": "哈德良门",
        "enName": "Hadrian's Gate",
        "originalName": "Hadrian's Gate",
        "role": "gate",
        "period": "秦汉",
        "periodLabel": "希腊化／罗马／拜占庭",
        "heritageId": "whc-1018",
        "tentative": false,
        "sourceUrl": "https://www.openstreetmap.org/way/1411857008",
        "referenceUrl": "https://www.oeaw.ac.at/en/oeai/institute/branches/ephesos/research-history",
        "note": "公开遗迹矢量；部分对象包含现存或修复展示部分，不作考古实测界址。",
        "label": true
      }
    },
    {
      "type": "Feature",
      "geometry": {
        "type": "Polygon",
        "coordinates": [
          [
            [
              27.3432731,
              37.9373425
            ],
            [
              27.3434187,
              37.9373144
            ],
            [
              27.3433769,
              37.9371796
            ],
            [
              27.3432313,
              37.9372077
            ],
            [
              27.3432406,
              37.9372376
            ],
            [
              27.3432731,
              37.9373425
            ]
          ]
        ]
      },
      "properties": {
        "id": "ephesus-way-244757524",
        "siteKey": "ephesus",
        "siteName": "以弗所",
        "siteEnName": "Ephesus",
        "name": "门米乌斯纪念碑",
        "enName": "Memmius Monument",
        "originalName": "Memmius Anıtı",
        "role": "public",
        "period": "秦汉",
        "periodLabel": "希腊化／罗马／拜占庭",
        "heritageId": "whc-1018",
        "tentative": false,
        "sourceUrl": "https://www.openstreetmap.org/way/244757524",
        "referenceUrl": "https://www.oeaw.ac.at/en/oeai/institute/branches/ephesos/research-history",
        "note": "公开遗迹矢量；部分对象包含现存或修复展示部分，不作考古实测界址。",
        "label": true
      }
    },
    {
      "type": "Feature",
      "geometry": {
        "type": "Polygon",
        "coordinates": [
          [
            [
              27.3416451,
              37.9388705
            ],
            [
              27.341696,
              37.9388594
            ],
            [
              27.3418058,
              37.9388355
            ],
            [
              27.3417743,
              37.9387457
            ],
            [
              27.3417567,
              37.9386966
            ],
            [
              27.3416806,
              37.938763
            ],
            [
              27.3416245,
              37.9388121
            ],
            [
              27.3416451,
              37.9388705
            ]
          ]
        ]
      },
      "properties": {
        "id": "ephesus-way-244582421",
        "siteKey": "ephesus",
        "siteName": "以弗所",
        "siteEnName": "Ephesus",
        "name": "公共厕所遗址",
        "enName": "Public toilets",
        "originalName": "Public Latrines",
        "role": "public",
        "period": "秦汉",
        "periodLabel": "希腊化／罗马／拜占庭",
        "heritageId": "whc-1018",
        "tentative": false,
        "sourceUrl": "https://www.openstreetmap.org/way/244582421",
        "referenceUrl": "https://www.oeaw.ac.at/en/oeai/institute/branches/ephesos/research-history",
        "note": "公开遗迹矢量；部分对象包含现存或修复展示部分，不作考古实测界址。",
        "label": true
      }
    },
    {
      "type": "Feature",
      "geometry": {
        "type": "Polygon",
        "coordinates": [
          [
            [
              27.3385531,
              37.9453035
            ],
            [
              27.338462,
              37.9450223
            ],
            [
              27.3402633,
              37.9446594
            ],
            [
              27.3403536,
              37.9449383
            ],
            [
              27.3389051,
              37.94523
            ],
            [
              27.3389571,
              37.9453906
            ],
            [
              27.3387748,
              37.9454273
            ],
            [
              27.3387236,
              37.9452692
            ],
            [
              27.3385531,
              37.9453035
            ]
          ]
        ]
      },
      "properties": {
        "id": "ephesus-way-58942085",
        "siteKey": "ephesus",
        "siteName": "以弗所",
        "siteEnName": "Ephesus",
        "name": "圣母教堂",
        "enName": "Church of Mary",
        "originalName": "Meryem Kilisesi",
        "role": "temple",
        "period": "魏晋南北朝",
        "periodLabel": "希腊化／罗马／拜占庭",
        "heritageId": "whc-1018",
        "tentative": false,
        "sourceUrl": "https://www.openstreetmap.org/way/58942085",
        "referenceUrl": "https://www.oeaw.ac.at/en/oeai/institute/branches/ephesos/research-history",
        "note": "公开遗迹矢量；部分对象包含现存或修复展示部分，不作考古实测界址。",
        "label": true
      }
    },
    {
      "type": "Feature",
      "geometry": {
        "type": "Polygon",
        "coordinates": [
          [
            [
              27.3441751,
              37.9357838
            ],
            [
              27.3446268,
              37.9356954
            ],
            [
              27.3445769,
              37.9355367
            ],
            [
              27.3441252,
              37.935625
            ],
            [
              27.3441751,
              37.9357838
            ]
          ]
        ]
      },
      "properties": {
        "id": "ephesus-way-244602723",
        "siteKey": "ephesus",
        "siteName": "以弗所",
        "siteEnName": "Ephesus",
        "name": "引水渠遗迹",
        "enName": "Aqueduct",
        "originalName": "Aqueduct",
        "role": "water",
        "period": "秦汉",
        "periodLabel": "希腊化／罗马／拜占庭",
        "heritageId": "whc-1018",
        "tentative": false,
        "sourceUrl": "https://www.openstreetmap.org/way/244602723",
        "referenceUrl": "https://www.oeaw.ac.at/en/oeai/institute/branches/ephesos/research-history",
        "note": "公开遗迹矢量；部分对象包含现存或修复展示部分，不作考古实测界址。",
        "label": true
      }
    },
    {
      "type": "Feature",
      "geometry": {
        "type": "Polygon",
        "coordinates": [
          [
            [
              27.3629821,
              37.9501342
            ],
            [
              27.36371,
              37.9499711
            ],
            [
              27.3638941,
              37.9500159
            ],
            [
              27.3644408,
              37.9498939
            ],
            [
              27.3642572,
              37.9493789
            ],
            [
              27.3628255,
              37.9496997
            ],
            [
              27.3629821,
              37.9501342
            ]
          ]
        ]
      },
      "properties": {
        "id": "ephesus-way-244592660",
        "siteKey": "ephesus",
        "siteName": "以弗所",
        "siteEnName": "Ephesus",
        "name": "阿耳忒弥斯神庙遗址",
        "enName": "Temple of Artemis (Artemision)",
        "originalName": "Artemis Tapinagi",
        "role": "temple",
        "period": "周",
        "periodLabel": "希腊化／罗马／拜占庭",
        "heritageId": "whc-1018",
        "tentative": false,
        "sourceUrl": "https://www.openstreetmap.org/way/244592660",
        "referenceUrl": "https://www.oeaw.ac.at/en/oeai/institute/branches/ephesos/research-history",
        "note": "公开遗迹矢量；部分对象包含现存或修复展示部分，不作考古实测界址。",
        "label": true
      }
    },
    {
      "type": "Feature",
      "geometry": {
        "type": "Polygon",
        "coordinates": [
          [
            [
              27.3683427,
              37.9524803
            ],
            [
              27.3683214,
              37.9526269
            ],
            [
              27.3682355,
              37.9526191
            ],
            [
              27.3680656,
              37.9526038
            ],
            [
              27.368037,
              37.9528012
            ],
            [
              27.3679538,
              37.9527937
            ],
            [
              27.3679458,
              37.9528484
            ],
            [
              27.3678628,
              37.9528409
            ],
            [
              27.3678589,
              37.9528679
            ],
            [
              27.3678519,
              37.9529163
            ],
            [
              27.3678482,
              37.9529415
            ],
            [
              27.367801,
              37.9529373
            ],
            [
              27.3677478,
              37.9529325
            ],
            [
              27.3677057,
              37.9529287
            ],
            [
              27.3677098,
              37.952901
            ],
            [
              27.3677163,
              37.9528563
            ],
            [
              27.3676293,
              37.9528484
            ],
            [
              27.3673948,
              37.9528272
            ],
            [
              27.3673203,
              37.9528205
            ],
            [
              27.367336,
              37.9527126
            ],
            [
              27.3673464,
              37.9526407
            ],
            [
              27.3672808,
              37.9526348
            ],
            [
              27.3669025,
              37.9526007
            ],
            [
              27.3669588,
              37.9522133
            ],
            [
              27.367337,
              37.9522474
            ],
            [
              27.3673279,
              37.9523107
            ],
            [
              27.3673935,
              37.9523166
            ],
            [
              27.367468,
              37.9523234
            ],
            [
              27.3675481,
              37.9523306
            ],
            [
              27.3675782,
              37.9523333
            ],
            [
              27.3676528,
              37.9523401
            ],
            [
              27.3678264,
              37.9523557
            ],
            [
              27.3678475,
              37.9522098
            ],
            [
              27.3681193,
              37.9522343
            ],
            [
              27.368108,
              37.9523119
            ],
            [
              27.3683638,
              37.952335
            ],
            [
              27.3683427,
              37.9524803
            ]
          ]
        ]
      },
      "properties": {
        "id": "ephesus-way-277610262",
        "siteKey": "ephesus",
        "siteName": "以弗所",
        "siteEnName": "Ephesus",
        "name": "圣约翰巴西利卡教堂",
        "enName": "Basilica of St. John",
        "originalName": "Aziz Yuhanna Bazilikası",
        "role": "temple",
        "period": "隋唐",
        "periodLabel": "希腊化／罗马／拜占庭",
        "heritageId": "whc-1018",
        "tentative": false,
        "sourceUrl": "https://www.openstreetmap.org/way/277610262",
        "referenceUrl": "https://www.oeaw.ac.at/en/oeai/institute/branches/ephesos/research-history",
        "note": "公开遗迹矢量；部分对象包含现存或修复展示部分，不作考古实测界址。",
        "label": true
      }
    },
    {
      "type": "Feature",
      "geometry": {
        "type": "Polygon",
        "coordinates": [
          [
            [
              29.1261678,
              37.921747
            ],
            [
              29.1268487,
              37.9216308
            ],
            [
              29.1292188,
              37.9223946
            ],
            [
              29.1303872,
              37.9227656
            ],
            [
              29.1313096,
              37.9232594
            ],
            [
              29.1316457,
              37.9233127
            ],
            [
              29.1317716,
              37.9236583
            ],
            [
              29.1321853,
              37.9243703
            ],
            [
              29.1328508,
              37.9249878
            ],
            [
              29.1331365,
              37.9254764
            ],
            [
              29.133405,
              37.9263231
            ],
            [
              29.1335212,
              37.9273003
            ],
            [
              29.1336105,
              37.9275975
            ],
            [
              29.1336085,
              37.9279163
            ],
            [
              29.1331904,
              37.9282442
            ],
            [
              29.1324052,
              37.9285624
            ],
            [
              29.1321642,
              37.9284423
            ],
            [
              29.1320506,
              37.9291228
            ],
            [
              29.1322969,
              37.9293321
            ],
            [
              29.1324059,
              37.9295843
            ],
            [
              29.132399,
              37.9297737
            ],
            [
              29.132099,
              37.9299396
            ],
            [
              29.1320119,
              37.9305797
            ],
            [
              29.1311977,
              37.9311236
            ],
            [
              29.13081,
              37.9314492
            ],
            [
              29.1296955,
              37.9319555
            ],
            [
              29.1282934,
              37.9318826
            ],
            [
              29.1275015,
              37.932049
            ],
            [
              29.1268058,
              37.93328
            ],
            [
              29.1267176,
              37.9341535
            ],
            [
              29.1251688,
              37.9345902
            ],
            [
              29.1235398,
              37.9350016
            ],
            [
              29.1217874,
              37.9356199
            ],
            [
              29.1211243,
              37.9366788
            ],
            [
              29.120906,
              37.9371635
            ],
            [
              29.1213008,
              37.9382245
            ],
            [
              29.1216753,
              37.9393633
            ],
            [
              29.1202392,
              37.9401746
            ],
            [
              29.1185931,
              37.9405228
            ],
            [
              29.1184522,
              37.9404695
            ],
            [
              29.1196017,
              37.939857
            ],
            [
              29.1204026,
              37.9393428
            ],
            [
              29.1205173,
              37.9390444
            ],
            [
              29.1198617,
              37.9375656
            ],
            [
              29.119624,
              37.9370258
            ],
            [
              29.1198003,
              37.9369066
            ],
            [
              29.1198823,
              37.9357739
            ],
            [
              29.1186669,
              37.9358824
            ],
            [
              29.1180089,
              37.9358887
            ],
            [
              29.1179935,
              37.935439
            ],
            [
              29.1175954,
              37.9350228
            ],
            [
              29.1184675,
              37.9345499
            ],
            [
              29.1189872,
              37.9342145
            ],
            [
              29.1193251,
              37.9339403
            ],
            [
              29.1196537,
              37.9338386
            ],
            [
              29.1199564,
              37.9336641
            ],
            [
              29.1201906,
              37.933455
            ],
            [
              29.1204196,
              37.9332854
            ],
            [
              29.1207175,
              37.9329803
            ],
            [
              29.1207106,
              37.9328537
            ],
            [
              29.1206433,
              37.9327302
            ],
            [
              29.1207544,
              37.93262
            ],
            [
              29.1209478,
              37.9324256
            ],
            [
              29.1213009,
              37.9312166
            ],
            [
              29.1212608,
              37.9307862
            ],
            [
              29.1219434,
              37.9298621
            ],
            [
              29.1227055,
              37.9280673
            ],
            [
              29.1232618,
              37.9273594
            ],
            [
              29.123397,
              37.9267776
            ],
            [
              29.1233557,
              37.9261435
            ],
            [
              29.1233297,
              37.9251482
            ],
            [
              29.1234435,
              37.9249502
            ],
            [
              29.1248406,
              37.9235473
            ],
            [
              29.1250205,
              37.9233032
            ],
            [
              29.1252166,
              37.9230355
            ],
            [
              29.1249058,
              37.9228543
            ],
            [
              29.1251427,
              37.9225693
            ],
            [
              29.1253108,
              37.9225184
            ],
            [
              29.1256679,
              37.9220692
            ],
            [
              29.1258939,
              37.9218464
            ],
            [
              29.1261678,
              37.921747
            ]
          ]
        ]
      },
      "properties": {
        "id": "hierapolis-way-116720710",
        "siteKey": "hierapolis",
        "siteName": "赫拉波利斯与帕穆克卡莱",
        "siteEnName": "Hierapolis–Pamukkale",
        "name": "赫拉波利斯遗址区",
        "enName": "Hierapolis",
        "originalName": "Hierapolis",
        "role": "area",
        "period": "秦汉",
        "periodLabel": "希腊化／罗马／拜占庭",
        "heritageId": "whc-485",
        "tentative": false,
        "sourceUrl": "https://www.openstreetmap.org/way/116720710",
        "referenceUrl": "https://whc.unesco.org/en/list/485/",
        "note": "公开遗址区或卫城范围，未必等于某一期完整古城墙或法定保护界址。",
        "label": true
      }
    },
    {
      "type": "Feature",
      "geometry": {
        "type": "Polygon",
        "coordinates": [
          [
            [
              29.1231832,
              37.9246501
            ],
            [
              29.1235037,
              37.9243114
            ],
            [
              29.1238859,
              37.9244425
            ],
            [
              29.1248651,
              37.9235003
            ],
            [
              29.125177,
              37.9230339
            ],
            [
              29.1248789,
              37.9228473
            ],
            [
              29.1256014,
              37.9218326
            ],
            [
              29.126408,
              37.9214816
            ],
            [
              29.1276874,
              37.9195557
            ],
            [
              29.1273989,
              37.918906
            ],
            [
              29.1266521,
              37.9188713
            ],
            [
              29.1245587,
              37.9194545
            ],
            [
              29.1240798,
              37.9197564
            ],
            [
              29.1240443,
              37.9197788
            ],
            [
              29.1235071,
              37.9202976
            ],
            [
              29.1232385,
              37.9211781
            ],
            [
              29.1225021,
              37.9216275
            ],
            [
              29.1219447,
              37.9214949
            ],
            [
              29.1209792,
              37.921341
            ],
            [
              29.1198544,
              37.9210452
            ],
            [
              29.1200496,
              37.9216286
            ],
            [
              29.1204502,
              37.9220418
            ],
            [
              29.1205529,
              37.9222525
            ],
            [
              29.1204861,
              37.9224632
            ],
            [
              29.1189429,
              37.922245
            ],
            [
              29.1170451,
              37.9235611
            ],
            [
              29.1179234,
              37.9250115
            ],
            [
              29.1175308,
              37.9256532
            ],
            [
              29.1181243,
              37.9272468
            ],
            [
              29.1200599,
              37.9280741
            ],
            [
              29.1203937,
              37.9285359
            ],
            [
              29.1208508,
              37.9287709
            ],
            [
              29.1207737,
              37.9294596
            ],
            [
              29.1205324,
              37.9300105
            ],
            [
              29.1208698,
              37.9301359
            ],
            [
              29.1219336,
              37.9297819
            ],
            [
              29.1223556,
              37.9288007
            ],
            [
              29.1220908,
              37.9276695
            ],
            [
              29.122355,
              37.9275348
            ],
            [
              29.1224076,
              37.9273845
            ],
            [
              29.1225325,
              37.9272808
            ],
            [
              29.1230419,
              37.9273715
            ],
            [
              29.1232758,
              37.9267052
            ],
            [
              29.1231956,
              37.9255485
            ],
            [
              29.1218741,
              37.9250985
            ],
            [
              29.1217846,
              37.9251148
            ],
            [
              29.1215719,
              37.9251946
            ],
            [
              29.1214509,
              37.9252197
            ],
            [
              29.1213199,
              37.9251827
            ],
            [
              29.1211198,
              37.9250499
            ],
            [
              29.1211126,
              37.9249919
            ],
            [
              29.1209592,
              37.9249571
            ],
            [
              29.1206136,
              37.9248256
            ],
            [
              29.1204102,
              37.9245236
            ],
            [
              29.1204472,
              37.9243811
            ],
            [
              29.121004,
              37.9242265
            ],
            [
              29.1211526,
              37.9242305
            ],
            [
              29.1213267,
              37.9242351
            ],
            [
              29.1220398,
              37.9241264
            ],
            [
              29.122327,
              37.924258
            ],
            [
              29.1231832,
              37.9246501
            ]
          ]
        ]
      },
      "properties": {
        "id": "hierapolis-way-15494594",
        "siteKey": "hierapolis",
        "siteName": "赫拉波利斯与帕穆克卡莱",
        "siteEnName": "Hierapolis–Pamukkale",
        "name": "帕穆克卡莱钙华台地",
        "enName": "Pamukkale Travertines",
        "originalName": "Pamukkale Travertenleri",
        "role": "natural",
        "period": "秦汉",
        "periodLabel": "希腊化／罗马／拜占庭",
        "heritageId": "whc-485",
        "tentative": false,
        "sourceUrl": "https://www.openstreetmap.org/way/15494594",
        "referenceUrl": "https://whc.unesco.org/en/list/485/",
        "note": "钙华台地自然景观范围，不是古城或建筑范围。",
        "label": true
      }
    },
    {
      "type": "Feature",
      "geometry": {
        "type": "Polygon",
        "coordinates": [
          [
            [
              29.1292547,
              37.9264221
            ],
            [
              29.1293035,
              37.92644
            ],
            [
              29.1293456,
              37.9264594
            ],
            [
              29.1293868,
              37.9264824
            ],
            [
              29.1294225,
              37.9265063
            ],
            [
              29.1294653,
              37.9265412
            ],
            [
              29.1295041,
              37.9265809
            ],
            [
              29.1295292,
              37.9266126
            ],
            [
              29.1295513,
              37.9266467
            ],
            [
              29.1295737,
              37.926692
            ],
            [
              29.1295914,
              37.9267455
            ],
            [
              29.1296003,
              37.9267986
            ],
            [
              29.1296007,
              37.926856
            ],
            [
              29.1295972,
              37.9268778
            ],
            [
              29.1295916,
              37.9269128
            ],
            [
              29.129574,
              37.9269663
            ],
            [
              29.1295478,
              37.9270181
            ],
            [
              29.129518,
              37.9270612
            ],
            [
              29.1295051,
              37.9270755
            ],
            [
              29.129477,
              37.9271068
            ],
            [
              29.1294505,
              37.9271307
            ],
            [
              29.1294209,
              37.9271538
            ],
            [
              29.1293813,
              37.9271799
            ],
            [
              29.1293291,
              37.9272076
            ],
            [
              29.1292781,
              37.9272288
            ],
            [
              29.1291681,
              37.9272585
            ],
            [
              29.1288762,
              37.9271661
            ],
            [
              29.1288911,
              37.9271254
            ],
            [
              29.1288243,
              37.9271124
            ],
            [
              29.1288549,
              37.9270246
            ],
            [
              29.1287411,
              37.9270096
            ],
            [
              29.128767,
              37.9268882
            ],
            [
              29.1287351,
              37.926884
            ],
            [
              29.1287946,
              37.9266047
            ],
            [
              29.1288264,
              37.9266089
            ],
            [
              29.1288525,
              37.9264867
            ],
            [
              29.1289662,
              37.9265018
            ],
            [
              29.128966,
              37.9263208
            ],
            [
              29.1291079,
              37.9263246
            ],
            [
              29.1291094,
              37.9263925
            ],
            [
              29.1291663,
              37.9264002
            ],
            [
              29.1292103,
              37.9264095
            ],
            [
              29.1292547,
              37.9264221
            ]
          ]
        ]
      },
      "properties": {
        "id": "hierapolis-way-52287248",
        "siteKey": "hierapolis",
        "siteName": "赫拉波利斯与帕穆克卡莱",
        "siteEnName": "Hierapolis–Pamukkale",
        "name": "罗马剧场",
        "enName": "Hierapolis Theatre",
        "originalName": "Hierapolis Theatre",
        "role": "theatre",
        "period": "秦汉",
        "periodLabel": "希腊化／罗马／拜占庭",
        "heritageId": "whc-485",
        "tentative": false,
        "sourceUrl": "https://www.openstreetmap.org/way/52287248",
        "referenceUrl": "https://whc.unesco.org/en/list/485/",
        "note": "公开遗迹矢量；部分对象包含现存或修复展示部分，不作考古实测界址。",
        "label": true
      }
    },
    {
      "type": "Feature",
      "geometry": {
        "type": "Polygon",
        "coordinates": [
          [
            [
              29.1220312,
              37.9319918
            ],
            [
              29.1233952,
              37.9326397
            ],
            [
              29.1249046,
              37.9305763
            ],
            [
              29.1242563,
              37.9303018
            ],
            [
              29.1234686,
              37.9299512
            ],
            [
              29.1220312,
              37.9319918
            ]
          ]
        ]
      },
      "properties": {
        "id": "hierapolis-way-116720703",
        "siteKey": "hierapolis",
        "siteName": "赫拉波利斯与帕穆克卡莱",
        "siteEnName": "Hierapolis–Pamukkale",
        "name": "广场",
        "enName": "Agora",
        "originalName": "Agora",
        "role": "public",
        "period": "秦汉",
        "periodLabel": "希腊化／罗马／拜占庭",
        "heritageId": "whc-485",
        "tentative": false,
        "sourceUrl": "https://www.openstreetmap.org/way/116720703",
        "referenceUrl": "https://whc.unesco.org/en/list/485/",
        "note": "公开遗迹矢量；部分对象包含现存或修复展示部分，不作考古实测界址。",
        "label": true
      }
    },
    {
      "type": "Feature",
      "geometry": {
        "type": "Polygon",
        "coordinates": [
          [
            [
              29.1261212,
              37.927041
            ],
            [
              29.1261363,
              37.927024
            ],
            [
              29.1262793,
              37.9270941
            ],
            [
              29.1264824,
              37.9268364
            ],
            [
              29.1263275,
              37.9267604
            ],
            [
              29.1264738,
              37.9265819
            ],
            [
              29.126658,
              37.9266654
            ],
            [
              29.1270561,
              37.9268472
            ],
            [
              29.1267026,
              37.9272607
            ],
            [
              29.1265555,
              37.9272385
            ],
            [
              29.1261212,
              37.927041
            ]
          ]
        ]
      },
      "properties": {
        "id": "hierapolis-way-116720715",
        "siteKey": "hierapolis",
        "siteName": "赫拉波利斯与帕穆克卡莱",
        "siteEnName": "Hierapolis–Pamukkale",
        "name": "阿波罗圣区",
        "enName": "Sanctuary of Apollon",
        "originalName": "Sanctuary of Apollon",
        "role": "temple",
        "period": "秦汉",
        "periodLabel": "希腊化／罗马／拜占庭",
        "heritageId": "whc-485",
        "tentative": false,
        "sourceUrl": "https://www.openstreetmap.org/way/116720715",
        "referenceUrl": "https://whc.unesco.org/en/list/485/",
        "note": "公开遗迹矢量；部分对象包含现存或修复展示部分，不作考古实测界址。",
        "label": true
      }
    },
    {
      "type": "Feature",
      "geometry": {
        "type": "Polygon",
        "coordinates": [
          [
            [
              29.127049,
              37.9266033
            ],
            [
              29.1273033,
              37.9261594
            ],
            [
              29.1268673,
              37.926004
            ],
            [
              29.1268206,
              37.9260856
            ],
            [
              29.126946,
              37.9261274
            ],
            [
              29.1268154,
              37.9263645
            ],
            [
              29.126711,
              37.9263273
            ],
            [
              29.1266667,
              37.9264047
            ],
            [
              29.1269816,
              37.9265169
            ],
            [
              29.1269519,
              37.9265687
            ],
            [
              29.127049,
              37.9266033
            ]
          ],
          [
            [
              29.1269593,
              37.926337
            ],
            [
              29.1270085,
              37.926353
            ],
            [
              29.1270403,
              37.9262777
            ],
            [
              29.1270797,
              37.9261843
            ],
            [
              29.1270362,
              37.9261725
            ],
            [
              29.1270009,
              37.9262646
            ],
            [
              29.1269593,
              37.926337
            ]
          ]
        ]
      },
      "properties": {
        "id": "hierapolis-relation-19365954",
        "siteKey": "hierapolis",
        "siteName": "赫拉波利斯与帕穆克卡莱",
        "siteEnName": "Hierapolis–Pamukkale",
        "name": "冥神圣区（普鲁托尼翁）",
        "enName": "Plutonium",
        "originalName": "Plutonium",
        "role": "temple",
        "period": "秦汉",
        "periodLabel": "希腊化／罗马／拜占庭",
        "heritageId": "whc-485",
        "tentative": false,
        "sourceUrl": "https://www.openstreetmap.org/relation/19365954",
        "referenceUrl": "https://whc.unesco.org/en/list/485/",
        "note": "公开遗迹矢量；部分对象包含现存或修复展示部分，不作考古实测界址。",
        "label": true
      }
    },
    {
      "type": "Feature",
      "geometry": {
        "type": "Polygon",
        "coordinates": [
          [
            [
              29.1257264,
              37.9262473
            ],
            [
              29.1256095,
              37.9263632
            ],
            [
              29.1255306,
              37.9263923
            ],
            [
              29.1253755,
              37.9263259
            ],
            [
              29.1253939,
              37.9262533
            ],
            [
              29.1254809,
              37.9262349
            ],
            [
              29.1255356,
              37.9262603
            ],
            [
              29.1255924,
              37.9261885
            ],
            [
              29.1255769,
              37.9261588
            ],
            [
              29.125569,
              37.9259528
            ],
            [
              29.1255501,
              37.925931
            ],
            [
              29.1255864,
              37.925885
            ],
            [
              29.1256383,
              37.9259146
            ],
            [
              29.1256033,
              37.925981
            ],
            [
              29.1256069,
              37.9260335
            ],
            [
              29.1256097,
              37.926157
            ],
            [
              29.1257151,
              37.9261565
            ],
            [
              29.1257264,
              37.9262473
            ]
          ]
        ]
      },
      "properties": {
        "id": "hierapolis-way-116720718",
        "siteKey": "hierapolis",
        "siteName": "赫拉波利斯与帕穆克卡莱",
        "siteEnName": "Hierapolis–Pamukkale",
        "name": "古温泉池（现游览区）",
        "enName": "Ancient Pool",
        "originalName": "Antik Havuz",
        "role": "water",
        "period": "秦汉",
        "periodLabel": "希腊化／罗马／拜占庭",
        "heritageId": "whc-485",
        "tentative": false,
        "sourceUrl": "https://www.openstreetmap.org/way/116720718",
        "referenceUrl": "https://whc.unesco.org/en/list/485/",
        "note": "公开遗迹矢量；部分对象包含现存或修复展示部分，不作考古实测界址。",
        "label": true
      }
    },
    {
      "type": "Feature",
      "geometry": {
        "type": "Polygon",
        "coordinates": [
          [
            [
              29.1219142,
              37.9317283
            ],
            [
              29.1220556,
              37.9317937
            ],
            [
              29.1220721,
              37.9317749
            ],
            [
              29.1219275,
              37.9317077
            ],
            [
              29.1219142,
              37.9317283
            ]
          ]
        ]
      },
      "properties": {
        "id": "hierapolis-way-847804943",
        "siteKey": "hierapolis",
        "siteName": "赫拉波利斯与帕穆克卡莱",
        "siteEnName": "Hierapolis–Pamukkale",
        "name": "弗朗提努斯门（多米提安门）",
        "enName": "Frontinus Gate (Gate of Domitian)",
        "originalName": "Frontinus Gate (Gate of Domitian)",
        "role": "gate",
        "period": "秦汉",
        "periodLabel": "希腊化／罗马／拜占庭",
        "heritageId": "whc-485",
        "tentative": false,
        "sourceUrl": "https://www.openstreetmap.org/way/847804943",
        "referenceUrl": "https://whc.unesco.org/en/list/485/",
        "note": "公开遗迹矢量；部分对象包含现存或修复展示部分，不作考古实测界址。",
        "label": true
      }
    },
    {
      "type": "Feature",
      "geometry": {
        "type": "Polygon",
        "coordinates": [
          [
            [
              29.1228845,
              37.9304123
            ],
            [
              29.1228949,
              37.9303941
            ],
            [
              29.1230245,
              37.930445
            ],
            [
              29.1230128,
              37.930465
            ],
            [
              29.1228845,
              37.9304123
            ]
          ]
        ]
      },
      "properties": {
        "id": "hierapolis-way-847804944",
        "siteKey": "hierapolis",
        "siteName": "赫拉波利斯与帕穆克卡莱",
        "siteEnName": "Hierapolis–Pamukkale",
        "name": "拜占庭北门",
        "enName": "The Northern Byzantine Gate",
        "originalName": "The Northern Byzantine Gate",
        "role": "gate",
        "period": "魏晋南北朝",
        "periodLabel": "希腊化／罗马／拜占庭",
        "heritageId": "whc-485",
        "tentative": false,
        "sourceUrl": "https://www.openstreetmap.org/way/847804944",
        "referenceUrl": "https://whc.unesco.org/en/list/485/",
        "note": "公开遗迹矢量；部分对象包含现存或修复展示部分，不作考古实测界址。",
        "label": true
      }
    },
    {
      "type": "Feature",
      "geometry": {
        "type": "Polygon",
        "coordinates": [
          [
            [
              29.128804,
              37.9223559
            ],
            [
              29.1288125,
              37.922342
            ],
            [
              29.128943,
              37.9223911
            ],
            [
              29.1289345,
              37.9224051
            ],
            [
              29.1288693,
              37.9223805
            ],
            [
              29.128804,
              37.9223559
            ]
          ]
        ]
      },
      "properties": {
        "id": "hierapolis-way-848005842",
        "siteKey": "hierapolis",
        "siteName": "赫拉波利斯与帕穆克卡莱",
        "siteEnName": "Hierapolis–Pamukkale",
        "name": "拜占庭南门",
        "enName": "South Byzantine Gate",
        "originalName": "South Byzantine Gate",
        "role": "gate",
        "period": "魏晋南北朝",
        "periodLabel": "希腊化／罗马／拜占庭",
        "heritageId": "whc-485",
        "tentative": false,
        "sourceUrl": "https://www.openstreetmap.org/way/848005842",
        "referenceUrl": "https://whc.unesco.org/en/list/485/",
        "note": "公开遗迹矢量；部分对象包含现存或修复展示部分，不作考古实测界址。",
        "label": true
      }
    },
    {
      "type": "Feature",
      "geometry": {
        "type": "LineString",
        "coordinates": [
          [
            29.1237192,
            37.9293609
          ],
          [
            29.123401,
            37.9298601
          ],
          [
            29.1231633,
            37.930171
          ],
          [
            29.1230685,
            37.9303107
          ],
          [
            29.1226406,
            37.9308886
          ],
          [
            29.122462,
            37.9311298
          ],
          [
            29.1222881,
            37.9313661
          ],
          [
            29.1221442,
            37.9315616
          ],
          [
            29.1219877,
            37.9317457
          ]
        ]
      },
      "properties": {
        "id": "hierapolis-way-847804947",
        "siteKey": "hierapolis",
        "siteName": "赫拉波利斯与帕穆克卡莱",
        "siteEnName": "Hierapolis–Pamukkale",
        "name": "弗朗提努斯柱廊街",
        "enName": "Colonnaded (Frontinus) Street",
        "originalName": "Colonnaded (Frontinus) Street",
        "role": "street",
        "period": "秦汉",
        "periodLabel": "希腊化／罗马／拜占庭",
        "heritageId": "whc-485",
        "tentative": false,
        "sourceUrl": "https://www.openstreetmap.org/way/847804947",
        "referenceUrl": "https://whc.unesco.org/en/list/485/",
        "note": "公开遗迹矢量；部分对象包含现存或修复展示部分，不作考古实测界址。",
        "label": false
      }
    },
    {
      "type": "Feature",
      "geometry": {
        "type": "Polygon",
        "coordinates": [
          [
            [
              29.1282545,
              37.9232306
            ],
            [
              29.1285624,
              37.9228356
            ],
            [
              29.1286279,
              37.9228635
            ],
            [
              29.1283147,
              37.9232599
            ],
            [
              29.1282545,
              37.9232306
            ]
          ]
        ]
      },
      "properties": {
        "id": "hierapolis-way-848667727",
        "siteKey": "hierapolis",
        "siteName": "赫拉波利斯与帕穆克卡莱",
        "siteEnName": "Hierapolis–Pamukkale",
        "name": "柱廊街遗迹",
        "enName": "Colonnaded Street",
        "originalName": "Colonnaded Street",
        "role": "street",
        "period": "秦汉",
        "periodLabel": "希腊化／罗马／拜占庭",
        "heritageId": "whc-485",
        "tentative": false,
        "sourceUrl": "https://www.openstreetmap.org/way/848667727",
        "referenceUrl": "https://whc.unesco.org/en/list/485/",
        "note": "公开遗迹矢量；部分对象包含现存或修复展示部分，不作考古实测界址。",
        "label": false
      }
    },
    {
      "type": "Feature",
      "geometry": {
        "type": "Polygon",
        "coordinates": [
          [
            [
              29.1262451,
              37.9258378
            ],
            [
              29.1263962,
              37.925605
            ],
            [
              29.1264539,
              37.9256347
            ],
            [
              29.126619,
              37.9257819
            ],
            [
              29.1264828,
              37.9259452
            ],
            [
              29.1262451,
              37.9258378
            ]
          ]
        ]
      },
      "properties": {
        "id": "hierapolis-way-848667728",
        "siteKey": "hierapolis",
        "siteName": "赫拉波利斯与帕穆克卡莱",
        "siteEnName": "Hierapolis–Pamukkale",
        "name": "柱廊街遗迹",
        "enName": "Colonnaded Street",
        "originalName": "Colonnaded Street",
        "role": "street",
        "period": "秦汉",
        "periodLabel": "希腊化／罗马／拜占庭",
        "heritageId": "whc-485",
        "tentative": false,
        "sourceUrl": "https://www.openstreetmap.org/way/848667728",
        "referenceUrl": "https://whc.unesco.org/en/list/485/",
        "note": "公开遗迹矢量；部分对象包含现存或修复展示部分，不作考古实测界址。",
        "label": false
      }
    },
    {
      "type": "Feature",
      "geometry": {
        "type": "Polygon",
        "coordinates": [
          [
            [
              29.1306397,
              37.9312475
            ],
            [
              29.1301165,
              37.9316934
            ],
            [
              29.1295485,
              37.9313284
            ],
            [
              29.1301071,
              37.9308714
            ],
            [
              29.1306397,
              37.9312475
            ]
          ]
        ]
      },
      "properties": {
        "id": "hierapolis-way-116720727",
        "siteKey": "hierapolis",
        "siteName": "赫拉波利斯与帕穆克卡莱",
        "siteEnName": "Hierapolis–Pamukkale",
        "name": "圣腓力殉道纪念建筑",
        "enName": "Martyrion of St. Philip the Apostle",
        "originalName": "Saint Philipзу Martyrion",
        "role": "temple",
        "period": "魏晋南北朝",
        "periodLabel": "希腊化／罗马／拜占庭",
        "heritageId": "whc-485",
        "tentative": false,
        "sourceUrl": "https://www.openstreetmap.org/way/116720727",
        "referenceUrl": "https://whc.unesco.org/en/list/485/",
        "note": "公开遗迹矢量；部分对象包含现存或修复展示部分，不作考古实测界址。",
        "label": true
      }
    },
    {
      "type": "Feature",
      "geometry": {
        "type": "Polygon",
        "coordinates": [
          [
            [
              29.1246135,
              37.9294894
            ],
            [
              29.1241913,
              37.9292965
            ],
            [
              29.1243412,
              37.9291082
            ],
            [
              29.1244764,
              37.929173
            ],
            [
              29.1247606,
              37.9293092
            ],
            [
              29.1247242,
              37.9293509
            ],
            [
              29.1247436,
              37.9293713
            ],
            [
              29.1247554,
              37.9293859
            ],
            [
              29.1247578,
              37.9294028
            ],
            [
              29.1247518,
              37.9294173
            ],
            [
              29.124741,
              37.9294305
            ],
            [
              29.1247232,
              37.9294473
            ],
            [
              29.1246987,
              37.9294542
            ],
            [
              29.1246752,
              37.9294528
            ],
            [
              29.1246434,
              37.9294529
            ],
            [
              29.1246135,
              37.9294894
            ]
          ]
        ]
      },
      "properties": {
        "id": "hierapolis-way-116720702",
        "siteKey": "hierapolis",
        "siteName": "赫拉波利斯与帕穆克卡莱",
        "siteEnName": "Hierapolis–Pamukkale",
        "name": "主教座堂遗址",
        "enName": "Basilica (Cathedral)",
        "originalName": "Basilica (Cathedral)",
        "role": "temple",
        "period": "魏晋南北朝",
        "periodLabel": "希腊化／罗马／拜占庭",
        "heritageId": "whc-485",
        "tentative": false,
        "sourceUrl": "https://www.openstreetmap.org/way/116720702",
        "referenceUrl": "https://whc.unesco.org/en/list/485/",
        "note": "公开遗迹矢量；部分对象包含现存或修复展示部分，不作考古实测界址。",
        "label": true
      }
    },
    {
      "type": "Feature",
      "geometry": {
        "type": "Polygon",
        "coordinates": [
          [
            [
              29.1227075,
              37.9296138
            ],
            [
              29.1228066,
              37.9292893
            ],
            [
              29.1229013,
              37.9291958
            ],
            [
              29.1231254,
              37.9292805
            ],
            [
              29.1231698,
              37.9293247
            ],
            [
              29.1236204,
              37.9294628
            ],
            [
              29.1234033,
              37.9297925
            ],
            [
              29.1232071,
              37.9297575
            ],
            [
              29.1230273,
              37.9296894
            ],
            [
              29.1227075,
              37.9296138
            ]
          ]
        ]
      },
      "properties": {
        "id": "hierapolis-way-848005836",
        "siteKey": "hierapolis",
        "siteName": "赫拉波利斯与帕穆克卡莱",
        "siteEnName": "Hierapolis–Pamukkale",
        "name": "罗马浴场",
        "enName": "Roman Baths",
        "originalName": "Roman Baths",
        "role": "bath",
        "period": "秦汉",
        "periodLabel": "希腊化／罗马／拜占庭",
        "heritageId": "whc-485",
        "tentative": false,
        "sourceUrl": "https://www.openstreetmap.org/way/848005836",
        "referenceUrl": "https://whc.unesco.org/en/list/485/",
        "note": "公开遗迹矢量；部分对象包含现存或修复展示部分，不作考古实测界址。",
        "label": true
      }
    },
    {
      "type": "Feature",
      "geometry": {
        "type": "Polygon",
        "coordinates": [
          [
            [
              29.1236384,
              37.9249839
            ],
            [
              29.1244262,
              37.9242094
            ],
            [
              29.1248428,
              37.9244209
            ],
            [
              29.1245541,
              37.9247384
            ],
            [
              29.1244134,
              37.9249323
            ],
            [
              29.1241731,
              37.9252491
            ],
            [
              29.1240041,
              37.9251653
            ],
            [
              29.1236384,
              37.9249839
            ]
          ]
        ]
      },
      "properties": {
        "id": "hierapolis-way-848667722",
        "siteKey": "hierapolis",
        "siteName": "赫拉波利斯与帕穆克卡莱",
        "siteEnName": "Hierapolis–Pamukkale",
        "name": "中央浴场",
        "enName": "Central Baths",
        "originalName": "Central Baths",
        "role": "bath",
        "period": "秦汉",
        "periodLabel": "希腊化／罗马／拜占庭",
        "heritageId": "whc-485",
        "tentative": false,
        "sourceUrl": "https://www.openstreetmap.org/way/848667722",
        "referenceUrl": "https://whc.unesco.org/en/list/485/",
        "note": "公开遗迹矢量；部分对象包含现存或修复展示部分，不作考古实测界址。",
        "label": true
      }
    },
    {
      "type": "Feature",
      "geometry": {
        "type": "Polygon",
        "coordinates": [
          [
            [
              29.1293423,
              37.9304562
            ],
            [
              29.1293557,
              37.9303673
            ],
            [
              29.1294388,
              37.9303081
            ],
            [
              29.1295488,
              37.9303102
            ],
            [
              29.1296159,
              37.930361
            ],
            [
              29.1296024,
              37.9304392
            ],
            [
              29.1295354,
              37.9305027
            ],
            [
              29.1294388,
              37.9305154
            ],
            [
              29.1293423,
              37.9304562
            ]
          ]
        ]
      },
      "properties": {
        "id": "hierapolis-way-848005835",
        "siteKey": "hierapolis",
        "siteName": "赫拉波利斯与帕穆克卡莱",
        "siteEnName": "Hierapolis–Pamukkale",
        "name": "八角浴场",
        "enName": "Octagonal Baths",
        "originalName": "Octagonal Baths",
        "role": "bath",
        "period": "秦汉",
        "periodLabel": "希腊化／罗马／拜占庭",
        "heritageId": "whc-485",
        "tentative": false,
        "sourceUrl": "https://www.openstreetmap.org/way/848005835",
        "referenceUrl": "https://whc.unesco.org/en/list/485/",
        "note": "公开遗迹矢量；部分对象包含现存或修复展示部分，不作考古实测界址。",
        "label": true
      }
    },
    {
      "type": "Feature",
      "geometry": {
        "type": "Polygon",
        "coordinates": [
          [
            [
              29.1242275,
              37.925213
            ],
            [
              29.124713,
              37.9245804
            ],
            [
              29.1255015,
              37.9249422
            ],
            [
              29.1249624,
              37.9255811
            ],
            [
              29.1242275,
              37.925213
            ]
          ]
        ]
      },
      "properties": {
        "id": "hierapolis-way-848667723",
        "siteKey": "hierapolis",
        "siteName": "赫拉波利斯与帕穆克卡莱",
        "siteEnName": "Hierapolis–Pamukkale",
        "name": "体育馆",
        "enName": "Gymnasium",
        "originalName": "Gymnasium",
        "role": "public",
        "period": "秦汉",
        "periodLabel": "希腊化／罗马／拜占庭",
        "heritageId": "whc-485",
        "tentative": false,
        "sourceUrl": "https://www.openstreetmap.org/way/848667723",
        "referenceUrl": "https://whc.unesco.org/en/list/485/",
        "note": "公开遗迹矢量；部分对象包含现存或修复展示部分，不作考古实测界址。",
        "label": true
      }
    },
    {
      "type": "Feature",
      "geometry": {
        "type": "Polygon",
        "coordinates": [
          [
            [
              29.1284264,
              37.922606
            ],
            [
              29.1284832,
              37.922555
            ],
            [
              29.1284576,
              37.9225379
            ],
            [
              29.1284723,
              37.922525
            ],
            [
              29.1284222,
              37.9224937
            ],
            [
              29.1284098,
              37.922506
            ],
            [
              29.1283175,
              37.9224445
            ],
            [
              29.1282614,
              37.9224913
            ],
            [
              29.1284264,
              37.922606
            ]
          ]
        ]
      },
      "properties": {
        "id": "hierapolis-way-116720704",
        "siteKey": "hierapolis",
        "siteName": "赫拉波利斯与帕穆克卡莱",
        "siteEnName": "Hierapolis–Pamukkale",
        "name": "体育馆柱廊",
        "enName": "Gymnasium portico",
        "originalName": "Gymnasium portico",
        "role": "public",
        "period": "秦汉",
        "periodLabel": "希腊化／罗马／拜占庭",
        "heritageId": "whc-485",
        "tentative": false,
        "sourceUrl": "https://www.openstreetmap.org/way/116720704",
        "referenceUrl": "https://whc.unesco.org/en/list/485/",
        "note": "公开遗迹矢量；部分对象包含现存或修复展示部分，不作考古实测界址。",
        "label": true
      }
    },
    {
      "type": "Feature",
      "geometry": {
        "type": "Polygon",
        "coordinates": [
          [
            [
              29.1283323,
              37.9273946
            ],
            [
              29.1277667,
              37.927155
            ],
            [
              29.1279631,
              37.9269021
            ],
            [
              29.1285178,
              37.9271336
            ],
            [
              29.1283323,
              37.9273946
            ]
          ]
        ]
      },
      "properties": {
        "id": "hierapolis-way-116720707",
        "siteKey": "hierapolis",
        "siteName": "赫拉波利斯与帕穆克卡莱",
        "siteEnName": "Hierapolis–Pamukkale",
        "name": "爱奥尼亚柱住宅",
        "enName": "House with the Ionic Columns",
        "originalName": "House with the Ionic Columns",
        "role": "house",
        "period": "秦汉",
        "periodLabel": "希腊化／罗马／拜占庭",
        "heritageId": "whc-485",
        "tentative": false,
        "sourceUrl": "https://www.openstreetmap.org/way/116720707",
        "referenceUrl": "https://whc.unesco.org/en/list/485/",
        "note": "公开遗迹矢量；部分对象包含现存或修复展示部分，不作考古实测界址。",
        "label": true
      }
    },
    {
      "type": "Feature",
      "geometry": {
        "type": "Polygon",
        "coordinates": [
          [
            [
              29.1260916,
              37.9270021
            ],
            [
              29.1261363,
              37.927024
            ],
            [
              29.1262793,
              37.9270941
            ],
            [
              29.1264824,
              37.9268364
            ],
            [
              29.1263275,
              37.9267604
            ],
            [
              29.1262909,
              37.9267425
            ],
            [
              29.1262525,
              37.9267913
            ],
            [
              29.1263609,
              37.9268444
            ],
            [
              29.1262398,
              37.9269981
            ],
            [
              29.1261351,
              37.9269468
            ],
            [
              29.1260916,
              37.9270021
            ]
          ]
        ]
      },
      "properties": {
        "id": "hierapolis-way-664220587",
        "siteKey": "hierapolis",
        "siteName": "赫拉波利斯与帕穆克卡莱",
        "siteEnName": "Hierapolis–Pamukkale",
        "name": "纪念喷泉",
        "enName": "Monumental Nymphaeum",
        "originalName": "Monumental Nymphaeum",
        "role": "water",
        "period": "秦汉",
        "periodLabel": "希腊化／罗马／拜占庭",
        "heritageId": "whc-485",
        "tentative": false,
        "sourceUrl": "https://www.openstreetmap.org/way/664220587",
        "referenceUrl": "https://whc.unesco.org/en/list/485/",
        "note": "公开遗迹矢量；部分对象包含现存或修复展示部分，不作考古实测界址。",
        "label": true
      }
    },
    {
      "type": "Feature",
      "geometry": {
        "type": "Polygon",
        "coordinates": [
          [
            [
              29.1230346,
              37.9304222
            ],
            [
              29.1231003,
              37.9304508
            ],
            [
              29.1234454,
              37.9299664
            ],
            [
              29.1233758,
              37.9299346
            ],
            [
              29.1230346,
              37.9304222
            ]
          ]
        ]
      },
      "properties": {
        "id": "hierapolis-way-848005822",
        "siteKey": "hierapolis",
        "siteName": "赫拉波利斯与帕穆克卡莱",
        "siteEnName": "Hierapolis–Pamukkale",
        "name": "海神侍从喷泉",
        "enName": "Nymphaeum of the Tritons",
        "originalName": "Nymphaeum of the Tritons",
        "role": "water",
        "period": "秦汉",
        "periodLabel": "希腊化／罗马／拜占庭",
        "heritageId": "whc-485",
        "tentative": false,
        "sourceUrl": "https://www.openstreetmap.org/way/848005822",
        "referenceUrl": "https://whc.unesco.org/en/list/485/",
        "note": "公开遗迹矢量；部分对象包含现存或修复展示部分，不作考古实测界址。",
        "label": true
      }
    },
    {
      "type": "Feature",
      "geometry": {
        "type": "Polygon",
        "coordinates": [
          [
            [
              29.1188284,
              37.9403939
            ],
            [
              29.1187103,
              37.940304
            ],
            [
              29.1199936,
              37.9397981
            ],
            [
              29.1206866,
              37.9392104
            ],
            [
              29.1199635,
              37.9375963
            ],
            [
              29.1198214,
              37.9372053
            ],
            [
              29.1199531,
              37.9357899
            ],
            [
              29.1193775,
              37.9350415
            ],
            [
              29.119708,
              37.9346868
            ],
            [
              29.1197223,
              37.9345021
            ],
            [
              29.1200516,
              37.9344911
            ],
            [
              29.1204352,
              37.9343871
            ],
            [
              29.1211002,
              37.9347729
            ],
            [
              29.1208653,
              37.9365548
            ],
            [
              29.1208719,
              37.9373323
            ],
            [
              29.1215761,
              37.9392963
            ],
            [
              29.1209099,
              37.9395634
            ],
            [
              29.120132,
              37.9401215
            ],
            [
              29.1188284,
              37.9403939
            ]
          ]
        ]
      },
      "properties": {
        "id": "hierapolis-way-15494489",
        "siteKey": "hierapolis",
        "siteName": "赫拉波利斯与帕穆克卡莱",
        "siteEnName": "Hierapolis–Pamukkale",
        "name": "北墓区",
        "enName": "Northern Necropolis of Hierapolis",
        "originalName": "Northern Necropolis of Hierapolis",
        "role": "tomb",
        "period": "秦汉",
        "periodLabel": "希腊化／罗马／拜占庭",
        "heritageId": "whc-485",
        "tentative": false,
        "sourceUrl": "https://www.openstreetmap.org/way/15494489",
        "referenceUrl": "https://whc.unesco.org/en/list/485/",
        "note": "公开遗迹矢量；部分对象包含现存或修复展示部分，不作考古实测界址。",
        "label": true
      }
    },
    {
      "type": "Feature",
      "geometry": {
        "type": "Polygon",
        "coordinates": [
          [
            [
              29.1314046,
              37.9275954
            ],
            [
              29.1312829,
              37.9280632
            ],
            [
              29.1319571,
              37.928484
            ],
            [
              29.1329602,
              37.9281117
            ],
            [
              29.1333679,
              37.9277901
            ],
            [
              29.1334001,
              37.92724
            ],
            [
              29.1331641,
              37.9262498
            ],
            [
              29.1325525,
              37.9250481
            ],
            [
              29.1317371,
              37.9246588
            ],
            [
              29.1313295,
              37.9247096
            ],
            [
              29.1309432,
              37.9247434
            ],
            [
              29.1308467,
              37.925412
            ],
            [
              29.1313187,
              37.9267492
            ],
            [
              29.1314046,
              37.9275954
            ]
          ]
        ]
      },
      "properties": {
        "id": "hierapolis-way-848005809",
        "siteKey": "hierapolis",
        "siteName": "赫拉波利斯与帕穆克卡莱",
        "siteEnName": "Hierapolis–Pamukkale",
        "name": "东墓区",
        "enName": "Eastern Necropolis",
        "originalName": "Eastern Necropolis",
        "role": "tomb",
        "period": "秦汉",
        "periodLabel": "希腊化／罗马／拜占庭",
        "heritageId": "whc-485",
        "tentative": false,
        "sourceUrl": "https://www.openstreetmap.org/way/848005809",
        "referenceUrl": "https://whc.unesco.org/en/list/485/",
        "note": "公开遗迹矢量；部分对象包含现存或修复展示部分，不作考古实测界址。",
        "label": true
      }
    },
    {
      "type": "Feature",
      "geometry": {
        "type": "Polygon",
        "coordinates": [
          [
            [
              29.1303634,
              37.9218539
            ],
            [
              29.1303653,
              37.9223478
            ],
            [
              29.1305958,
              37.922397
            ],
            [
              29.1306731,
              37.9223047
            ],
            [
              29.1308407,
              37.9223143
            ],
            [
              29.1310016,
              37.9224158
            ],
            [
              29.1310124,
              37.9225385
            ],
            [
              29.1310982,
              37.9225512
            ],
            [
              29.1314576,
              37.922382
            ],
            [
              29.1317365,
              37.9222677
            ],
            [
              29.1323052,
              37.9218953
            ],
            [
              29.1322837,
              37.9213706
            ],
            [
              29.131935,
              37.9209517
            ],
            [
              29.1315488,
              37.9208543
            ],
            [
              29.1308729,
              37.9209178
            ],
            [
              29.1306798,
              37.9209517
            ],
            [
              29.1305574,
              37.9213054
            ],
            [
              29.1303655,
              37.921424
            ],
            [
              29.1303634,
              37.9218539
            ]
          ]
        ]
      },
      "properties": {
        "id": "hierapolis-way-848667743",
        "siteKey": "hierapolis",
        "siteName": "赫拉波利斯与帕穆克卡莱",
        "siteEnName": "Hierapolis–Pamukkale",
        "name": "南墓区",
        "enName": "Southern Necropolis",
        "originalName": "Southern Necropolis",
        "role": "tomb",
        "period": "秦汉",
        "periodLabel": "希腊化／罗马／拜占庭",
        "heritageId": "whc-485",
        "tentative": false,
        "sourceUrl": "https://www.openstreetmap.org/way/848667743",
        "referenceUrl": "https://whc.unesco.org/en/list/485/",
        "note": "公开遗迹矢量；部分对象包含现存或修复展示部分，不作考古实测界址。",
        "label": true
      }
    },
    {
      "type": "Feature",
      "geometry": {
        "type": "LineString",
        "coordinates": [
          [
            29.1262463,
            37.9218935
          ],
          [
            29.1262152,
            37.9218491
          ],
          [
            29.1262701,
            37.9218251
          ],
          [
            29.1263012,
            37.9218695
          ],
          [
            29.1267563,
            37.9217358
          ],
          [
            29.1267825,
            37.9217446
          ],
          [
            29.1268452,
            37.9217639
          ],
          [
            29.1268709,
            37.9217171
          ],
          [
            29.1269307,
            37.9217376
          ],
          [
            29.1269049,
            37.9217844
          ],
          [
            29.127685,
            37.9220341
          ],
          [
            29.1277098,
            37.9219852
          ],
          [
            29.1277734,
            37.9220053
          ],
          [
            29.1277485,
            37.9220542
          ],
          [
            29.1287427,
            37.9223328
          ],
          [
            29.1287722,
            37.922284
          ],
          [
            29.1288336,
            37.9223071
          ],
          [
            29.1288125,
            37.922342
          ],
          [
            29.1288777,
            37.9223666
          ],
          [
            29.128943,
            37.9223911
          ],
          [
            29.1289641,
            37.9223563
          ],
          [
            29.1290214,
            37.9223778
          ],
          [
            29.1290043,
            37.922406
          ],
          [
            29.1291801,
            37.9225082
          ],
          [
            29.1293468,
            37.9226315
          ],
          [
            29.1293586,
            37.9226432
          ]
        ]
      },
      "properties": {
        "id": "hierapolis-way-353545897",
        "siteKey": "hierapolis",
        "siteName": "赫拉波利斯与帕穆克卡莱",
        "siteEnName": "Hierapolis–Pamukkale",
        "name": "拜占庭城墙遗迹",
        "enName": "Byzantine Wall",
        "originalName": "Byzantine Wall",
        "role": "wall",
        "period": "魏晋南北朝",
        "periodLabel": "希腊化／罗马／拜占庭",
        "heritageId": "whc-485",
        "tentative": false,
        "sourceUrl": "https://www.openstreetmap.org/way/353545897",
        "referenceUrl": "https://whc.unesco.org/en/list/485/",
        "note": "保留原始分段墙线；开放线不闭合、不填充，不跨缺失地段补造古城墙。",
        "label": false
      }
    },
    {
      "type": "Feature",
      "geometry": {
        "type": "LineString",
        "coordinates": [
          [
            29.1309038,
            37.928036
          ],
          [
            29.130762,
            37.9284116
          ],
          [
            29.1307312,
            37.9284747
          ]
        ]
      },
      "properties": {
        "id": "hierapolis-way-848005844",
        "siteKey": "hierapolis",
        "siteName": "赫拉波利斯与帕穆克卡莱",
        "siteEnName": "Hierapolis–Pamukkale",
        "name": "拜占庭城墙遗迹",
        "enName": "Byzantaine Wall",
        "originalName": "Byzantaine Wall",
        "role": "wall",
        "period": "魏晋南北朝",
        "periodLabel": "希腊化／罗马／拜占庭",
        "heritageId": "whc-485",
        "tentative": false,
        "sourceUrl": "https://www.openstreetmap.org/way/848005844",
        "referenceUrl": "https://whc.unesco.org/en/list/485/",
        "note": "保留原始分段墙线；开放线不闭合、不填充，不跨缺失地段补造古城墙。",
        "label": false
      }
    },
    {
      "type": "Feature",
      "geometry": {
        "type": "LineString",
        "coordinates": [
          [
            29.1293586,
            37.9226432
          ],
          [
            29.1294126,
            37.9226873
          ],
          [
            29.1295744,
            37.9227644
          ],
          [
            29.1297355,
            37.9228436
          ],
          [
            29.1298575,
            37.9228965
          ],
          [
            29.1300323,
            37.9229494
          ],
          [
            29.1301278,
            37.9229849
          ],
          [
            29.1302193,
            37.9230153
          ],
          [
            29.1304002,
            37.9230394
          ],
          [
            29.1305039,
            37.9230651
          ],
          [
            29.130569,
            37.9231148
          ],
          [
            29.1307519,
            37.9233184
          ],
          [
            29.1308637,
            37.9234419
          ],
          [
            29.1309267,
            37.923506
          ],
          [
            29.1309613,
            37.9235349
          ],
          [
            29.1309209,
            37.9237472
          ]
        ]
      },
      "properties": {
        "id": "hierapolis-way-848005845",
        "siteKey": "hierapolis",
        "siteName": "赫拉波利斯与帕穆克卡莱",
        "siteEnName": "Hierapolis–Pamukkale",
        "name": "拜占庭城墙遗迹",
        "enName": "Byzantine Wall",
        "originalName": "Byzantine Wall",
        "role": "wall",
        "period": "魏晋南北朝",
        "periodLabel": "希腊化／罗马／拜占庭",
        "heritageId": "whc-485",
        "tentative": false,
        "sourceUrl": "https://www.openstreetmap.org/way/848005845",
        "referenceUrl": "https://whc.unesco.org/en/list/485/",
        "note": "保留原始分段墙线；开放线不闭合、不填充，不跨缺失地段补造古城墙。",
        "label": false
      }
    },
    {
      "type": "Feature",
      "geometry": {
        "type": "LineString",
        "coordinates": [
          [
            29.130227,
            37.9295164
          ],
          [
            29.1300818,
            37.9296489
          ],
          [
            29.129965,
            37.9297369
          ],
          [
            29.1295562,
            37.9298192
          ]
        ]
      },
      "properties": {
        "id": "hierapolis-way-848005846",
        "siteKey": "hierapolis",
        "siteName": "赫拉波利斯与帕穆克卡莱",
        "siteEnName": "Hierapolis–Pamukkale",
        "name": "拜占庭城墙遗迹",
        "enName": "Byzantaine Wall",
        "originalName": "Byzantaine Wall",
        "role": "wall",
        "period": "魏晋南北朝",
        "periodLabel": "希腊化／罗马／拜占庭",
        "heritageId": "whc-485",
        "tentative": false,
        "sourceUrl": "https://www.openstreetmap.org/way/848005846",
        "referenceUrl": "https://whc.unesco.org/en/list/485/",
        "note": "保留原始分段墙线；开放线不闭合、不填充，不跨缺失地段补造古城墙。",
        "label": false
      }
    },
    {
      "type": "Feature",
      "geometry": {
        "type": "LineString",
        "coordinates": [
          [
            29.1294947,
            37.9298325
          ],
          [
            29.1290779,
            37.9298839
          ],
          [
            29.1288389,
            37.9299058
          ]
        ]
      },
      "properties": {
        "id": "hierapolis-way-848005847",
        "siteKey": "hierapolis",
        "siteName": "赫拉波利斯与帕穆克卡莱",
        "siteEnName": "Hierapolis–Pamukkale",
        "name": "拜占庭城墙遗迹",
        "enName": "Byzantaine Wall",
        "originalName": "Byzantaine Wall",
        "role": "wall",
        "period": "魏晋南北朝",
        "periodLabel": "希腊化／罗马／拜占庭",
        "heritageId": "whc-485",
        "tentative": false,
        "sourceUrl": "https://www.openstreetmap.org/way/848005847",
        "referenceUrl": "https://whc.unesco.org/en/list/485/",
        "note": "保留原始分段墙线；开放线不闭合、不填充，不跨缺失地段补造古城墙。",
        "label": false
      }
    },
    {
      "type": "Feature",
      "geometry": {
        "type": "LineString",
        "coordinates": [
          [
            29.1309209,
            37.9237472
          ],
          [
            29.1308637,
            37.9240654
          ],
          [
            29.1307804,
            37.9244163
          ],
          [
            29.1307255,
            37.9247312
          ],
          [
            29.1307051,
            37.9254095
          ],
          [
            29.1309186,
            37.9258822
          ],
          [
            29.1310771,
            37.9263007
          ],
          [
            29.1312235,
            37.9266759
          ],
          [
            29.1312193,
            37.9273308
          ],
          [
            29.1312186,
            37.9274452
          ],
          [
            29.1310558,
            37.9277583
          ],
          [
            29.130944,
            37.9279561
          ]
        ]
      },
      "properties": {
        "id": "hierapolis-way-848005848",
        "siteKey": "hierapolis",
        "siteName": "赫拉波利斯与帕穆克卡莱",
        "siteEnName": "Hierapolis–Pamukkale",
        "name": "拜占庭城墙遗迹",
        "enName": "Byzantaine Wall",
        "originalName": "Byzantaine Wall",
        "role": "wall",
        "period": "魏晋南北朝",
        "periodLabel": "希腊化／罗马／拜占庭",
        "heritageId": "whc-485",
        "tentative": false,
        "sourceUrl": "https://www.openstreetmap.org/way/848005848",
        "referenceUrl": "https://whc.unesco.org/en/list/485/",
        "note": "保留原始分段墙线；开放线不闭合、不填充，不跨缺失地段补造古城墙。",
        "label": false
      }
    },
    {
      "type": "Feature",
      "geometry": {
        "type": "LineString",
        "coordinates": [
          [
            29.1307312,
            37.9284747
          ],
          [
            29.1307466,
            37.9287251
          ],
          [
            29.1306665,
            37.9289924
          ],
          [
            29.1305648,
            37.929267
          ],
          [
            29.130227,
            37.9295164
          ]
        ]
      },
      "properties": {
        "id": "hierapolis-way-848005849",
        "siteKey": "hierapolis",
        "siteName": "赫拉波利斯与帕穆克卡莱",
        "siteEnName": "Hierapolis–Pamukkale",
        "name": "拜占庭城墙遗迹",
        "enName": "Byzantaine Wall",
        "originalName": "Byzantaine Wall",
        "role": "wall",
        "period": "魏晋南北朝",
        "periodLabel": "希腊化／罗马／拜占庭",
        "heritageId": "whc-485",
        "tentative": false,
        "sourceUrl": "https://www.openstreetmap.org/way/848005849",
        "referenceUrl": "https://whc.unesco.org/en/list/485/",
        "note": "保留原始分段墙线；开放线不闭合、不填充，不跨缺失地段补造古城墙。",
        "label": false
      }
    },
    {
      "type": "Feature",
      "geometry": {
        "type": "LineString",
        "coordinates": [
          [
            29.1288389,
            37.9299058
          ],
          [
            29.1285337,
            37.9299541
          ],
          [
            29.1282193,
            37.9301005
          ],
          [
            29.1280338,
            37.9300964
          ],
          [
            29.1277257,
            37.9300918
          ]
        ]
      },
      "properties": {
        "id": "hierapolis-way-848005850",
        "siteKey": "hierapolis",
        "siteName": "赫拉波利斯与帕穆克卡莱",
        "siteEnName": "Hierapolis–Pamukkale",
        "name": "拜占庭城墙遗迹",
        "enName": "Byzantaine Wall",
        "originalName": "Byzantaine Wall",
        "role": "wall",
        "period": "魏晋南北朝",
        "periodLabel": "希腊化／罗马／拜占庭",
        "heritageId": "whc-485",
        "tentative": false,
        "sourceUrl": "https://www.openstreetmap.org/way/848005850",
        "referenceUrl": "https://whc.unesco.org/en/list/485/",
        "note": "保留原始分段墙线；开放线不闭合、不填充，不跨缺失地段补造古城墙。",
        "label": false
      }
    },
    {
      "type": "Feature",
      "geometry": {
        "type": "LineString",
        "coordinates": [
          [
            29.1259404,
            37.9306673
          ],
          [
            29.1251087,
            37.9302793
          ],
          [
            29.124914,
            37.9305585
          ],
          [
            29.124641,
            37.9304474
          ]
        ]
      },
      "properties": {
        "id": "hierapolis-way-848005851",
        "siteKey": "hierapolis",
        "siteName": "赫拉波利斯与帕穆克卡莱",
        "siteEnName": "Hierapolis–Pamukkale",
        "name": "拜占庭城墙遗迹",
        "enName": "Byzantaine Wall",
        "originalName": "Byzantaine Wall",
        "role": "wall",
        "period": "魏晋南北朝",
        "periodLabel": "希腊化／罗马／拜占庭",
        "heritageId": "whc-485",
        "tentative": false,
        "sourceUrl": "https://www.openstreetmap.org/way/848005851",
        "referenceUrl": "https://whc.unesco.org/en/list/485/",
        "note": "保留原始分段墙线；开放线不闭合、不填充，不跨缺失地段补造古城墙。",
        "label": false
      }
    },
    {
      "type": "Feature",
      "geometry": {
        "type": "LineString",
        "coordinates": [
          [
            29.124641,
            37.9304474
          ],
          [
            29.12416,
            37.9302511
          ]
        ]
      },
      "properties": {
        "id": "hierapolis-way-848005852",
        "siteKey": "hierapolis",
        "siteName": "赫拉波利斯与帕穆克卡莱",
        "siteEnName": "Hierapolis–Pamukkale",
        "name": "拜占庭城墙遗迹",
        "enName": "Byzantaine Wall",
        "originalName": "Byzantaine Wall",
        "role": "wall",
        "period": "魏晋南北朝",
        "periodLabel": "希腊化／罗马／拜占庭",
        "heritageId": "whc-485",
        "tentative": false,
        "sourceUrl": "https://www.openstreetmap.org/way/848005852",
        "referenceUrl": "https://whc.unesco.org/en/list/485/",
        "note": "保留原始分段墙线；开放线不闭合、不填充，不跨缺失地段补造古城墙。",
        "label": false
      }
    },
    {
      "type": "Feature",
      "geometry": {
        "type": "LineString",
        "coordinates": [
          [
            29.12416,
            37.9302511
          ],
          [
            29.1234655,
            37.9299385
          ],
          [
            29.1234454,
            37.9299664
          ],
          [
            29.1231003,
            37.9304508
          ],
          [
            29.1230888,
            37.9304682
          ]
        ]
      },
      "properties": {
        "id": "hierapolis-way-848005853",
        "siteKey": "hierapolis",
        "siteName": "赫拉波利斯与帕穆克卡莱",
        "siteEnName": "Hierapolis–Pamukkale",
        "name": "拜占庭城墙遗迹",
        "enName": "Byzantaine Wall",
        "originalName": "Byzantaine Wall",
        "role": "wall",
        "period": "魏晋南北朝",
        "periodLabel": "希腊化／罗马／拜占庭",
        "heritageId": "whc-485",
        "tentative": false,
        "sourceUrl": "https://www.openstreetmap.org/way/848005853",
        "referenceUrl": "https://whc.unesco.org/en/list/485/",
        "note": "保留原始分段墙线；开放线不闭合、不填充，不跨缺失地段补造古城墙。",
        "label": false
      }
    },
    {
      "type": "Feature",
      "geometry": {
        "type": "LineString",
        "coordinates": [
          [
            29.1228258,
            37.9303869
          ],
          [
            29.1225483,
            37.9303314
          ]
        ]
      },
      "properties": {
        "id": "hierapolis-way-848005854",
        "siteKey": "hierapolis",
        "siteName": "赫拉波利斯与帕穆克卡莱",
        "siteEnName": "Hierapolis–Pamukkale",
        "name": "拜占庭城墙遗迹",
        "enName": "Byzantaine Wall",
        "originalName": "Byzantaine Wall",
        "role": "wall",
        "period": "魏晋南北朝",
        "periodLabel": "希腊化／罗马／拜占庭",
        "heritageId": "whc-485",
        "tentative": false,
        "sourceUrl": "https://www.openstreetmap.org/way/848005854",
        "referenceUrl": "https://whc.unesco.org/en/list/485/",
        "note": "保留原始分段墙线；开放线不闭合、不填充，不跨缺失地段补造古城墙。",
        "label": false
      }
    },
    {
      "type": "Feature",
      "geometry": {
        "type": "LineString",
        "coordinates": [
          [
            29.1225483,
            37.9303314
          ],
          [
            29.1224404,
            37.9303553
          ],
          [
            29.1222355,
            37.9304015
          ],
          [
            29.1221123,
            37.9304197
          ],
          [
            29.1219613,
            37.9303577
          ]
        ]
      },
      "properties": {
        "id": "hierapolis-way-848005855",
        "siteKey": "hierapolis",
        "siteName": "赫拉波利斯与帕穆克卡莱",
        "siteEnName": "Hierapolis–Pamukkale",
        "name": "拜占庭城墙遗迹",
        "enName": "Byzantaine Wall",
        "originalName": "Byzantaine Wall",
        "role": "wall",
        "period": "魏晋南北朝",
        "periodLabel": "希腊化／罗马／拜占庭",
        "heritageId": "whc-485",
        "tentative": false,
        "sourceUrl": "https://www.openstreetmap.org/way/848005855",
        "referenceUrl": "https://whc.unesco.org/en/list/485/",
        "note": "保留原始分段墙线；开放线不闭合、不填充，不跨缺失地段补造古城墙。",
        "label": false
      }
    },
    {
      "type": "Feature",
      "geometry": {
        "type": "LineString",
        "coordinates": [
          [
            29.1217095,
            37.9303111
          ],
          [
            29.1216429,
            37.9302987
          ],
          [
            29.1216085,
            37.9302901
          ],
          [
            29.1215931,
            37.9302862
          ],
          [
            29.1214473,
            37.9302566
          ],
          [
            29.1210992,
            37.9302109
          ]
        ]
      },
      "properties": {
        "id": "hierapolis-way-848005856",
        "siteKey": "hierapolis",
        "siteName": "赫拉波利斯与帕穆克卡莱",
        "siteEnName": "Hierapolis–Pamukkale",
        "name": "拜占庭城墙遗迹",
        "enName": "Byzantaine Wall",
        "originalName": "Byzantaine Wall",
        "role": "wall",
        "period": "魏晋南北朝",
        "periodLabel": "希腊化／罗马／拜占庭",
        "heritageId": "whc-485",
        "tentative": false,
        "sourceUrl": "https://www.openstreetmap.org/way/848005856",
        "referenceUrl": "https://whc.unesco.org/en/list/485/",
        "note": "保留原始分段墙线；开放线不闭合、不填充，不跨缺失地段补造古城墙。",
        "label": false
      }
    },
    {
      "type": "Feature",
      "geometry": {
        "type": "LineString",
        "coordinates": [
          [
            29.1223483,
            37.9243179
          ],
          [
            29.1222386,
            37.9244864
          ],
          [
            29.1222223,
            37.9245114
          ],
          [
            29.1222709,
            37.9245309
          ],
          [
            29.1222363,
            37.9245847
          ],
          [
            29.1221873,
            37.9245651
          ],
          [
            29.1219755,
            37.9248905
          ],
          [
            29.1219538,
            37.9249023
          ],
          [
            29.1219287,
            37.9249161
          ],
          [
            29.1215273,
            37.9249939
          ],
          [
            29.1215425,
            37.9250508
          ],
          [
            29.1214754,
            37.9250636
          ],
          [
            29.1214592,
            37.9250059
          ]
        ]
      },
      "properties": {
        "id": "hierapolis-way-848667732",
        "siteKey": "hierapolis",
        "siteName": "赫拉波利斯与帕穆克卡莱",
        "siteEnName": "Hierapolis–Pamukkale",
        "name": "拜占庭城墙遗迹",
        "enName": "Seldjuk Fortress Wall",
        "originalName": "Seldjuk Fortress Wall",
        "role": "wall",
        "period": "魏晋南北朝",
        "periodLabel": "希腊化／罗马／拜占庭",
        "heritageId": "whc-485",
        "tentative": false,
        "sourceUrl": "https://www.openstreetmap.org/way/848667732",
        "referenceUrl": "https://whc.unesco.org/en/list/485/",
        "note": "保留原始分段墙线；开放线不闭合、不填充，不跨缺失地段补造古城墙。",
        "label": false
      }
    },
    {
      "type": "Feature",
      "geometry": {
        "type": "Polygon",
        "coordinates": [
          [
            [
              27.1850328,
              39.1302172
            ],
            [
              27.1848034,
              39.1299772
            ],
            [
              27.1845923,
              39.1295847
            ],
            [
              27.184153,
              39.1294228
            ],
            [
              27.1832614,
              39.129588
            ],
            [
              27.1828105,
              39.130077
            ],
            [
              27.1824453,
              39.1310384
            ],
            [
              27.1825242,
              39.1312365
            ],
            [
              27.1822903,
              39.1321446
            ],
            [
              27.1823843,
              39.1323012
            ],
            [
              27.1820941,
              39.1331961
            ],
            [
              27.1823572,
              39.133581
            ],
            [
              27.1823439,
              39.1339776
            ],
            [
              27.1827302,
              39.1348401
            ],
            [
              27.1833693,
              39.1346843
            ],
            [
              27.1833378,
              39.1339033
            ],
            [
              27.1841379,
              39.1335942
            ],
            [
              27.1840987,
              39.1333574
            ],
            [
              27.1841287,
              39.1333408
            ],
            [
              27.1852301,
              39.1324107
            ],
            [
              27.1854588,
              39.1324489
            ],
            [
              27.185782,
              39.1319803
            ],
            [
              27.1861123,
              39.1319126
            ],
            [
              27.1864185,
              39.1317724
            ],
            [
              27.1865434,
              39.1314861
            ],
            [
              27.1865096,
              39.1308639
            ],
            [
              27.1855997,
              39.1307109
            ],
            [
              27.1852243,
              39.1303645
            ],
            [
              27.1850328,
              39.1302172
            ]
          ]
        ]
      },
      "properties": {
        "id": "pergamon-way-220481156",
        "siteKey": "pergamon",
        "siteName": "帕加马",
        "siteEnName": "Pergamon",
        "name": "帕加马卫城遗址区",
        "enName": "Pergamon Acropolis",
        "originalName": "Pergamon Akropolü",
        "role": "area",
        "period": "秦汉",
        "periodLabel": "希腊化／罗马／拜占庭",
        "heritageId": "whc-1457",
        "tentative": false,
        "sourceUrl": "https://www.openstreetmap.org/way/220481156",
        "referenceUrl": "https://whc.unesco.org/en/list/1457/",
        "note": "公开遗址区或卫城范围，未必等于某一期完整古城墙或法定保护界址。",
        "label": true
      }
    },
    {
      "type": "Feature",
      "geometry": {
        "type": "Polygon",
        "coordinates": [
          [
            [
              27.1837103,
              39.1309789
            ],
            [
              27.1837436,
              39.1309798
            ],
            [
              27.1841093,
              39.1309669
            ],
            [
              27.1841074,
              39.130788
            ],
            [
              27.1841019,
              39.1307208
            ],
            [
              27.1840957,
              39.1306436
            ],
            [
              27.1840353,
              39.1306465
            ],
            [
              27.1836894,
              39.1306634
            ],
            [
              27.1836933,
              39.1307117
            ],
            [
              27.1837103,
              39.1309789
            ]
          ]
        ]
      },
      "properties": {
        "id": "pergamon-way-1410132371",
        "siteKey": "pergamon",
        "siteName": "帕加马",
        "siteEnName": "Pergamon",
        "name": "帕加马大祭坛基址",
        "enName": "The Great Altar (Pergamon Altar)",
        "originalName": "Büyük Sunak (Bergama Sunağı)",
        "role": "temple",
        "period": "秦汉",
        "periodLabel": "希腊化／罗马／拜占庭",
        "heritageId": "whc-1457",
        "tentative": false,
        "sourceUrl": "https://www.openstreetmap.org/way/1410132371",
        "referenceUrl": "https://whc.unesco.org/en/list/1457/",
        "note": "公开遗迹矢量；部分对象包含现存或修复展示部分，不作考古实测界址。",
        "label": true
      }
    },
    {
      "type": "Feature",
      "geometry": {
        "type": "Polygon",
        "coordinates": [
          [
            [
              27.1825716,
              39.1328253
            ],
            [
              27.1827175,
              39.132779
            ],
            [
              27.1828,
              39.1329357
            ],
            [
              27.1828174,
              39.1329687
            ],
            [
              27.1827454,
              39.1329915
            ],
            [
              27.1828629,
              39.1332146
            ],
            [
              27.183265,
              39.1330872
            ],
            [
              27.1832946,
              39.1330778
            ],
            [
              27.183323,
              39.1330688
            ],
            [
              27.1834314,
              39.1330345
            ],
            [
              27.1834606,
              39.1330253
            ],
            [
              27.1836516,
              39.1329647
            ],
            [
              27.1837321,
              39.1329392
            ],
            [
              27.1837187,
              39.1329137
            ],
            [
              27.1837491,
              39.1329041
            ],
            [
              27.1838239,
              39.1328804
            ],
            [
              27.1836926,
              39.1326311
            ],
            [
              27.1836521,
              39.1325542
            ],
            [
              27.1836226,
              39.1324981
            ],
            [
              27.1836183,
              39.13249
            ],
            [
              27.1835927,
              39.1324414
            ],
            [
              27.1835888,
              39.132434
            ],
            [
              27.1835849,
              39.1324266
            ],
            [
              27.1835557,
              39.1323711
            ],
            [
              27.183482,
              39.1323944
            ],
            [
              27.1827305,
              39.1326325
            ],
            [
              27.1825627,
              39.1326857
            ],
            [
              27.1825073,
              39.1327033
            ],
            [
              27.1825357,
              39.1327572
            ],
            [
              27.1825716,
              39.1328253
            ]
          ]
        ]
      },
      "properties": {
        "id": "pergamon-way-1410335587",
        "siteKey": "pergamon",
        "siteName": "帕加马",
        "siteEnName": "Pergamon",
        "name": "图拉真神庙",
        "enName": "Temple of Trajan",
        "originalName": "Trayan Tapınağı",
        "role": "temple",
        "period": "秦汉",
        "periodLabel": "希腊化／罗马／拜占庭",
        "heritageId": "whc-1457",
        "tentative": false,
        "sourceUrl": "https://www.openstreetmap.org/way/1410335587",
        "referenceUrl": "https://whc.unesco.org/en/list/1457/",
        "note": "公开遗迹矢量；部分对象包含现存或修复展示部分，不作考古实测界址。",
        "label": true
      }
    },
    {
      "type": "Feature",
      "geometry": {
        "type": "Point",
        "coordinates": [
          27.1843112,
          39.1318631
        ]
      },
      "properties": {
        "id": "pergamon-node-10788660501",
        "siteKey": "pergamon",
        "siteName": "帕加马",
        "siteEnName": "Pergamon",
        "name": "雅典娜神庙遗址",
        "enName": "Temple of Athena",
        "originalName": "Athena Tapınağı",
        "role": "temple",
        "period": "秦汉",
        "periodLabel": "希腊化／罗马／拜占庭",
        "heritageId": "whc-1457",
        "tentative": false,
        "sourceUrl": "https://www.openstreetmap.org/node/10788660501",
        "referenceUrl": "https://whc.unesco.org/en/list/1457/",
        "note": "公开遗迹矢量；部分对象包含现存或修复展示部分，不作考古实测界址。",
        "label": true
      }
    },
    {
      "type": "Feature",
      "geometry": {
        "type": "Point",
        "coordinates": [
          27.1839723,
          39.1322192
        ]
      },
      "properties": {
        "id": "pergamon-node-10788660502",
        "siteKey": "pergamon",
        "siteName": "帕加马",
        "siteEnName": "Pergamon",
        "name": "帕加马图书馆遗址",
        "enName": "Library of Pergamon",
        "originalName": "Pergamon Kütüphanesi",
        "role": "public",
        "period": "秦汉",
        "periodLabel": "希腊化／罗马／拜占庭",
        "heritageId": "whc-1457",
        "tentative": false,
        "sourceUrl": "https://www.openstreetmap.org/node/10788660502",
        "referenceUrl": "https://whc.unesco.org/en/list/1457/",
        "note": "公开遗迹矢量；部分对象包含现存或修复展示部分，不作考古实测界址。",
        "label": true
      }
    },
    {
      "type": "Feature",
      "geometry": {
        "type": "Point",
        "coordinates": [
          27.1832602,
          39.1318438
        ]
      },
      "properties": {
        "id": "pergamon-node-10702986952",
        "siteKey": "pergamon",
        "siteName": "帕加马",
        "siteEnName": "Pergamon",
        "name": "卫城剧场",
        "enName": "Theater",
        "originalName": "Tiyatro",
        "role": "theatre",
        "period": "秦汉",
        "periodLabel": "希腊化／罗马／拜占庭",
        "heritageId": "whc-1457",
        "tentative": false,
        "sourceUrl": "https://www.openstreetmap.org/node/10702986952",
        "referenceUrl": "https://whc.unesco.org/en/list/1457/",
        "note": "公开遗迹矢量；部分对象包含现存或修复展示部分，不作考古实测界址。",
        "label": true
      }
    },
    {
      "type": "Feature",
      "geometry": {
        "type": "Point",
        "coordinates": [
          27.1825104,
          39.1323505
        ]
      },
      "properties": {
        "id": "pergamon-node-10702732491",
        "siteKey": "pergamon",
        "siteName": "帕加马",
        "siteEnName": "Pergamon",
        "name": "狄俄尼索斯神庙",
        "enName": "Temple of Dionysos",
        "originalName": "Dionisos Tapınağı",
        "role": "temple",
        "period": "秦汉",
        "periodLabel": "希腊化／罗马／拜占庭",
        "heritageId": "whc-1457",
        "tentative": false,
        "sourceUrl": "https://www.openstreetmap.org/node/10702732491",
        "referenceUrl": "https://whc.unesco.org/en/list/1457/",
        "note": "公开遗迹矢量；部分对象包含现存或修复展示部分，不作考古实测界址。",
        "label": true
      }
    },
    {
      "type": "Feature",
      "geometry": {
        "type": "Polygon",
        "coordinates": [
          [
            [
              27.1842658,
              39.1297082
            ],
            [
              27.1839952,
              39.1298472
            ],
            [
              27.1845086,
              39.1304486
            ],
            [
              27.1847792,
              39.1303096
            ],
            [
              27.1842658,
              39.1297082
            ]
          ]
        ]
      },
      "properties": {
        "id": "pergamon-way-360945592",
        "siteKey": "pergamon",
        "siteName": "帕加马",
        "siteEnName": "Pergamon",
        "name": "上广场",
        "enName": "Upper Agora",
        "originalName": "Yukarı Agora",
        "role": "public",
        "period": "秦汉",
        "periodLabel": "希腊化／罗马／拜占庭",
        "heritageId": "whc-1457",
        "tentative": false,
        "sourceUrl": "https://www.openstreetmap.org/way/360945592",
        "referenceUrl": "https://whc.unesco.org/en/list/1457/",
        "note": "公开遗迹矢量；部分对象包含现存或修复展示部分，不作考古实测界址。",
        "label": true
      }
    },
    {
      "type": "Feature",
      "geometry": {
        "type": "Point",
        "coordinates": [
          27.1853856,
          39.124961
        ]
      },
      "properties": {
        "id": "pergamon-node-10788634512",
        "siteKey": "pergamon",
        "siteName": "帕加马",
        "siteEnName": "Pergamon",
        "name": "下广场",
        "enName": "Lower Agora",
        "originalName": "Aşağı Agora",
        "role": "public",
        "period": "秦汉",
        "periodLabel": "希腊化／罗马／拜占庭",
        "heritageId": "whc-1457",
        "tentative": false,
        "sourceUrl": "https://www.openstreetmap.org/node/10788634512",
        "referenceUrl": "https://whc.unesco.org/en/list/1457/",
        "note": "公开遗迹矢量；部分对象包含现存或修复展示部分，不作考古实测界址。",
        "label": true
      }
    },
    {
      "type": "Feature",
      "geometry": {
        "type": "Polygon",
        "coordinates": [
          [
            [
              27.1828901,
              39.1343135
            ],
            [
              27.1826772,
              39.1343245
            ],
            [
              27.1826421,
              39.133934
            ],
            [
              27.1828536,
              39.1339169
            ],
            [
              27.1828901,
              39.1343135
            ]
          ]
        ]
      },
      "properties": {
        "id": "pergamon-way-360945586",
        "siteKey": "pergamon",
        "siteName": "帕加马",
        "siteEnName": "Pergamon",
        "name": "兵器库",
        "enName": "Arsenal",
        "originalName": "Arsenal",
        "role": "public",
        "period": "秦汉",
        "periodLabel": "希腊化／罗马／拜占庭",
        "heritageId": "whc-1457",
        "tentative": false,
        "sourceUrl": "https://www.openstreetmap.org/way/360945586",
        "referenceUrl": "https://whc.unesco.org/en/list/1457/",
        "note": "公开遗迹矢量；部分对象包含现存或修复展示部分，不作考古实测界址。",
        "label": true
      }
    },
    {
      "type": "Feature",
      "geometry": {
        "type": "Point",
        "coordinates": [
          27.1847527,
          39.1322921
        ]
      },
      "properties": {
        "id": "pergamon-node-10788667233",
        "siteKey": "pergamon",
        "siteName": "帕加马",
        "siteEnName": "Pergamon",
        "name": "第五宫殿遗址",
        "enName": "Palace V",
        "originalName": "V Sarayı",
        "role": "house",
        "period": "秦汉",
        "periodLabel": "希腊化／罗马／拜占庭",
        "heritageId": "whc-1457",
        "tentative": false,
        "sourceUrl": "https://www.openstreetmap.org/node/10788667233",
        "referenceUrl": "https://whc.unesco.org/en/list/1457/",
        "note": "公开遗迹矢量；部分对象包含现存或修复展示部分，不作考古实测界址。",
        "label": true
      }
    },
    {
      "type": "Feature",
      "geometry": {
        "type": "Point",
        "coordinates": [
          27.1854802,
          39.1256504
        ]
      },
      "properties": {
        "id": "pergamon-node-10788634533",
        "siteKey": "pergamon",
        "siteName": "帕加马",
        "siteEnName": "Pergamon",
        "name": "阿塔罗斯住宅遗址",
        "enName": "House of Attalos",
        "originalName": "Attalos Evi",
        "role": "house",
        "period": "秦汉",
        "periodLabel": "希腊化／罗马／拜占庭",
        "heritageId": "whc-1457",
        "tentative": false,
        "sourceUrl": "https://www.openstreetmap.org/node/10788634533",
        "referenceUrl": "https://whc.unesco.org/en/list/1457/",
        "note": "公开遗迹矢量；部分对象包含现存或修复展示部分，不作考古实测界址。",
        "label": true
      }
    },
    {
      "type": "Feature",
      "geometry": {
        "type": "Point",
        "coordinates": [
          27.1839694,
          39.127382
        ]
      },
      "properties": {
        "id": "pergamon-node-10788513171",
        "siteKey": "pergamon",
        "siteName": "帕加马",
        "siteEnName": "Pergamon",
        "name": "得墨忒耳圣区",
        "enName": "Demeter tapınağı",
        "originalName": "Demeter tapınağı",
        "role": "temple",
        "period": "秦汉",
        "periodLabel": "希腊化／罗马／拜占庭",
        "heritageId": "whc-1457",
        "tentative": false,
        "sourceUrl": "https://www.openstreetmap.org/node/10788513171",
        "referenceUrl": "https://whc.unesco.org/en/list/1457/",
        "note": "公开遗迹矢量；部分对象包含现存或修复展示部分，不作考古实测界址。",
        "label": true
      }
    },
    {
      "type": "Feature",
      "geometry": {
        "type": "Point",
        "coordinates": [
          27.185804,
          39.1275165
        ]
      },
      "properties": {
        "id": "pergamon-node-10788582848",
        "siteKey": "pergamon",
        "siteName": "帕加马",
        "siteEnName": "Pergamon",
        "name": "赫拉神庙",
        "enName": "Hera'nın Tapınağı",
        "originalName": "Hera'nın Tapınağı",
        "role": "temple",
        "period": "秦汉",
        "periodLabel": "希腊化／罗马／拜占庭",
        "heritageId": "whc-1457",
        "tentative": false,
        "sourceUrl": "https://www.openstreetmap.org/node/10788582848",
        "referenceUrl": "https://whc.unesco.org/en/list/1457/",
        "note": "公开遗迹矢量；部分对象包含现存或修复展示部分，不作考古实测界址。",
        "label": true
      }
    },
    {
      "type": "Feature",
      "geometry": {
        "type": "Polygon",
        "coordinates": [
          [
            [
              27.1859457,
              39.1271432
            ],
            [
              27.1858399,
              39.127099
            ],
            [
              27.1856317,
              39.1270193
            ],
            [
              27.1855551,
              39.126987
            ],
            [
              27.1853905,
              39.1269109
            ],
            [
              27.1852699,
              39.1268503
            ],
            [
              27.1855316,
              39.1264339
            ],
            [
              27.1856848,
              39.1264989
            ],
            [
              27.1857905,
              39.1265415
            ],
            [
              27.1860161,
              39.1266409
            ],
            [
              27.1861116,
              39.1266771
            ],
            [
              27.1871654,
              39.1271484
            ],
            [
              27.1872633,
              39.1272011
            ],
            [
              27.1869836,
              39.1275915
            ],
            [
              27.1859457,
              39.1271432
            ]
          ]
        ]
      },
      "properties": {
        "id": "pergamon-way-1429821719",
        "siteKey": "pergamon",
        "siteName": "帕加马",
        "siteEnName": "Pergamon",
        "name": "体育馆遗址",
        "enName": "Pergamon gymnasium",
        "originalName": "Pergamon gymnasium",
        "role": "public",
        "period": "秦汉",
        "periodLabel": "希腊化／罗马／拜占庭",
        "heritageId": "whc-1457",
        "tentative": false,
        "sourceUrl": "https://www.openstreetmap.org/way/1429821719",
        "referenceUrl": "https://whc.unesco.org/en/list/1457/",
        "note": "公开遗迹矢量；部分对象包含现存或修复展示部分，不作考古实测界址。",
        "label": true
      }
    },
    {
      "type": "Feature",
      "geometry": {
        "type": "Polygon",
        "coordinates": [
          [
            [
              27.1853572,
              39.1272408
            ],
            [
              27.1848684,
              39.1273137
            ],
            [
              27.1848893,
              39.1274062
            ],
            [
              27.1849835,
              39.1273904
            ],
            [
              27.1849977,
              39.1274464
            ],
            [
              27.1851939,
              39.1274196
            ],
            [
              27.1852084,
              39.1274836
            ],
            [
              27.1853946,
              39.1274581
            ],
            [
              27.1853572,
              39.1272408
            ]
          ]
        ]
      },
      "properties": {
        "id": "pergamon-way-220480905",
        "siteKey": "pergamon",
        "siteName": "帕加马",
        "siteEnName": "Pergamon",
        "name": "Z号建筑遗址",
        "enName": "Building Z",
        "originalName": "Z Yapisi",
        "role": "house",
        "period": "秦汉",
        "periodLabel": "希腊化／罗马／拜占庭",
        "heritageId": "whc-1457",
        "tentative": false,
        "sourceUrl": "https://www.openstreetmap.org/way/220480905",
        "referenceUrl": "https://whc.unesco.org/en/list/1457/",
        "note": "公开遗迹矢量；部分对象包含现存或修复展示部分，不作考古实测界址。",
        "label": true
      }
    },
    {
      "type": "Feature",
      "geometry": {
        "type": "Polygon",
        "coordinates": [
          [
            [
              27.1838294,
              39.1222745
            ],
            [
              27.1840442,
              39.1222377
            ],
            [
              27.1842199,
              39.1220941
            ],
            [
              27.18436,
              39.1219753
            ],
            [
              27.1844106,
              39.1219271
            ],
            [
              27.1841542,
              39.1217275
            ],
            [
              27.1837076,
              39.1213729
            ],
            [
              27.1836419,
              39.1213191
            ],
            [
              27.1837838,
              39.1211879
            ],
            [
              27.1839077,
              39.1210554
            ],
            [
              27.1839653,
              39.1209864
            ],
            [
              27.1839719,
              39.1209499
            ],
            [
              27.1839679,
              39.120916
            ],
            [
              27.1833786,
              39.1211766
            ],
            [
              27.1831055,
              39.121302
            ],
            [
              27.183008,
              39.1213892
            ],
            [
              27.1829147,
              39.1215117
            ],
            [
              27.1828779,
              39.1215127
            ],
            [
              27.1828517,
              39.1215389
            ],
            [
              27.1827706,
              39.1215011
            ],
            [
              27.1826786,
              39.1215956
            ],
            [
              27.1827281,
              39.121639
            ],
            [
              27.1827225,
              39.1217207
            ],
            [
              27.1826683,
              39.121831
            ],
            [
              27.1825787,
              39.1219538
            ],
            [
              27.1825618,
              39.1220693
            ],
            [
              27.1825662,
              39.1222281
            ],
            [
              27.1828945,
              39.1222067
            ],
            [
              27.182942,
              39.12228
            ],
            [
              27.1831122,
              39.1222136
            ],
            [
              27.1831619,
              39.1222903
            ],
            [
              27.1834887,
              39.1222457
            ],
            [
              27.1835491,
              39.1223222
            ],
            [
              27.1836503,
              39.1223052
            ],
            [
              27.183743,
              39.1222894
            ],
            [
              27.1838294,
              39.1222745
            ]
          ]
        ]
      },
      "properties": {
        "id": "pergamon-way-220480903",
        "siteKey": "pergamon",
        "siteName": "帕加马",
        "siteEnName": "Pergamon",
        "name": "红庭院（塞拉皮斯神庙）",
        "enName": "Red Basilica",
        "originalName": "Kızıl Avlu",
        "role": "temple",
        "period": "秦汉",
        "periodLabel": "希腊化／罗马／拜占庭",
        "heritageId": "whc-1457",
        "tentative": false,
        "sourceUrl": "https://www.openstreetmap.org/way/220480903",
        "referenceUrl": "https://whc.unesco.org/en/list/1457/",
        "note": "公开遗迹矢量；部分对象包含现存或修复展示部分，不作考古实测界址。",
        "label": true
      }
    },
    {
      "type": "Feature",
      "geometry": {
        "type": "Polygon",
        "coordinates": [
          [
            [
              27.1862795,
              39.1212629
            ],
            [
              27.1864773,
              39.1214771
            ],
            [
              27.1860802,
              39.1216977
            ],
            [
              27.1858824,
              39.1214835
            ],
            [
              27.1862795,
              39.1212629
            ]
          ]
        ]
      },
      "properties": {
        "id": "pergamon-way-1367161235",
        "siteKey": "pergamon",
        "siteName": "帕加马",
        "siteEnName": "Pergamon",
        "name": "罗马浴场遗迹",
        "enName": "Pergamon Roma Hamamı Kalıntısı",
        "originalName": "Pergamon Roma Hamamı Kalıntısı",
        "role": "bath",
        "period": "秦汉",
        "periodLabel": "希腊化／罗马／拜占庭",
        "heritageId": "whc-1457",
        "tentative": false,
        "sourceUrl": "https://www.openstreetmap.org/way/1367161235",
        "referenceUrl": "https://whc.unesco.org/en/list/1457/",
        "note": "公开遗迹矢量；部分对象包含现存或修复展示部分，不作考古实测界址。",
        "label": true
      }
    },
    {
      "type": "Feature",
      "geometry": {
        "type": "Polygon",
        "coordinates": [
          [
            [
              27.1659166,
              39.1182871
            ],
            [
              27.1645697,
              39.1183893
            ],
            [
              27.1645158,
              39.1184822
            ],
            [
              27.1646107,
              39.118601
            ],
            [
              27.1646928,
              39.1197269
            ],
            [
              27.1650666,
              39.1198569
            ],
            [
              27.1654078,
              39.1198012
            ],
            [
              27.165755,
              39.1194807
            ],
            [
              27.1660483,
              39.1193878
            ],
            [
              27.1664255,
              39.1194064
            ],
            [
              27.1667068,
              39.1192485
            ],
            [
              27.1666769,
              39.1182314
            ],
            [
              27.1666649,
              39.118027
            ],
            [
              27.1665452,
              39.1179248
            ],
            [
              27.1662977,
              39.1178993
            ],
            [
              27.1660434,
              39.1180337
            ],
            [
              27.1659166,
              39.1182871
            ]
          ]
        ]
      },
      "properties": {
        "id": "pergamon-way-183251384",
        "siteKey": "pergamon",
        "siteName": "帕加马",
        "siteEnName": "Pergamon",
        "name": "阿斯克勒庇俄斯医疗圣区",
        "enName": "Asclepion",
        "originalName": "Asklepion",
        "role": "area",
        "period": "秦汉",
        "periodLabel": "希腊化／罗马／拜占庭",
        "heritageId": "whc-1457",
        "tentative": false,
        "sourceUrl": "https://www.openstreetmap.org/way/183251384",
        "referenceUrl": "https://whc.unesco.org/en/list/1457/",
        "note": "公开遗址区或卫城范围，未必等于某一期完整古城墙或法定保护界址。",
        "label": true
      }
    },
    {
      "type": "Feature",
      "geometry": {
        "type": "Polygon",
        "coordinates": [
          [
            [
              27.1647348,
              39.1194194
            ],
            [
              27.1647439,
              39.1195252
            ],
            [
              27.1648074,
              39.1196242
            ],
            [
              27.1648813,
              39.119679
            ],
            [
              27.1649849,
              39.1197185
            ],
            [
              27.1651079,
              39.1197298
            ],
            [
              27.1652168,
              39.1197114
            ],
            [
              27.1652897,
              39.1196814
            ],
            [
              27.1653656,
              39.1196265
            ],
            [
              27.1654277,
              39.1195353
            ],
            [
              27.1653043,
              39.1195013
            ],
            [
              27.165291,
              39.1193665
            ],
            [
              27.1648617,
              39.1193931
            ],
            [
              27.164859,
              39.1194389
            ],
            [
              27.1647348,
              39.1194194
            ]
          ]
        ]
      },
      "properties": {
        "id": "pergamon-way-183251383",
        "siteKey": "pergamon",
        "siteName": "帕加马",
        "siteEnName": "Pergamon",
        "name": "医疗圣区剧场",
        "enName": "Theatre",
        "originalName": "Theatre",
        "role": "theatre",
        "period": "秦汉",
        "periodLabel": "希腊化／罗马／拜占庭",
        "heritageId": "whc-1457",
        "tentative": false,
        "sourceUrl": "https://www.openstreetmap.org/way/183251383",
        "referenceUrl": "https://whc.unesco.org/en/list/1457/",
        "note": "公开遗迹矢量；部分对象包含现存或修复展示部分，不作考古实测界址。",
        "label": true
      }
    },
    {
      "type": "Feature",
      "geometry": {
        "type": "Polygon",
        "coordinates": [
          [
            [
              27.1662371,
              39.1185616
            ],
            [
              27.166245,
              39.1186432
            ],
            [
              27.1663084,
              39.1187097
            ],
            [
              27.1663894,
              39.1187375
            ],
            [
              27.1664856,
              39.118732
            ],
            [
              27.1665568,
              39.1186982
            ],
            [
              27.1666071,
              39.1186338
            ],
            [
              27.1666119,
              39.1185656
            ],
            [
              27.1665814,
              39.1185079
            ],
            [
              27.1665005,
              39.1184561
            ],
            [
              27.1664101,
              39.1184441
            ],
            [
              27.1663376,
              39.1184597
            ],
            [
              27.1662663,
              39.1185084
            ],
            [
              27.1662371,
              39.1185616
            ]
          ]
        ]
      },
      "properties": {
        "id": "pergamon-way-244982689",
        "siteKey": "pergamon",
        "siteName": "帕加马",
        "siteEnName": "Pergamon",
        "name": "宙斯—阿斯克勒庇俄斯神庙",
        "enName": "Temple of Zeus in Asclepeion",
        "originalName": "Temple of Zeus in Asclepeion",
        "role": "temple",
        "period": "秦汉",
        "periodLabel": "希腊化／罗马／拜占庭",
        "heritageId": "whc-1457",
        "tentative": false,
        "sourceUrl": "https://www.openstreetmap.org/way/244982689",
        "referenceUrl": "https://whc.unesco.org/en/list/1457/",
        "note": "公开遗迹矢量；部分对象包含现存或修复展示部分，不作考古实测界址。",
        "label": true
      }
    },
    {
      "type": "Feature",
      "geometry": {
        "type": "Polygon",
        "coordinates": [
          [
            [
              27.1652008,
              39.1189533
            ],
            [
              27.1654355,
              39.1189358
            ],
            [
              27.1654193,
              39.1188053
            ],
            [
              27.1651846,
              39.1188229
            ],
            [
              27.1652008,
              39.1189533
            ]
          ]
        ]
      },
      "properties": {
        "id": "pergamon-way-244982688",
        "siteKey": "pergamon",
        "siteName": "帕加马",
        "siteEnName": "Pergamon",
        "name": "圣井",
        "enName": "Sacred well",
        "originalName": "Sacred well",
        "role": "water",
        "period": "秦汉",
        "periodLabel": "希腊化／罗马／拜占庭",
        "heritageId": "whc-1457",
        "tentative": false,
        "sourceUrl": "https://www.openstreetmap.org/way/244982688",
        "referenceUrl": "https://whc.unesco.org/en/list/1457/",
        "note": "公开遗迹矢量；部分对象包含现存或修复展示部分，不作考古实测界址。",
        "label": true
      }
    },
    {
      "type": "Feature",
      "geometry": {
        "type": "LineString",
        "coordinates": [
          [
            27.1656242,
            39.1189312
          ],
          [
            27.166157,
            39.1183117
          ]
        ]
      },
      "properties": {
        "id": "pergamon-way-360945590",
        "siteKey": "pergamon",
        "siteName": "帕加马",
        "siteEnName": "Pergamon",
        "name": "地下通道",
        "enName": "Kryptoporticus",
        "originalName": "Kryptoporticus",
        "role": "street",
        "period": "秦汉",
        "periodLabel": "希腊化／罗马／拜占庭",
        "heritageId": "whc-1457",
        "tentative": false,
        "sourceUrl": "https://www.openstreetmap.org/way/360945590",
        "referenceUrl": "https://whc.unesco.org/en/list/1457/",
        "note": "公开遗迹矢量；部分对象包含现存或修复展示部分，不作考古实测界址。",
        "label": false
      }
    },
    {
      "type": "Feature",
      "geometry": {
        "type": "Polygon",
        "coordinates": [
          [
            [
              27.1660405,
              39.1181738
            ],
            [
              27.1660595,
              39.1182287
            ],
            [
              27.1661527,
              39.1182322
            ],
            [
              27.166157,
              39.1183117
            ],
            [
              27.1662319,
              39.1183324
            ],
            [
              27.1663115,
              39.1183321
            ],
            [
              27.1663862,
              39.1183111
            ],
            [
              27.1664473,
              39.1182716
            ],
            [
              27.1664877,
              39.1182184
            ],
            [
              27.1665025,
              39.1181578
            ],
            [
              27.1664899,
              39.1180969
            ],
            [
              27.1664516,
              39.1180428
            ],
            [
              27.1663919,
              39.1180021
            ],
            [
              27.1663242,
              39.1179804
            ],
            [
              27.1662511,
              39.1179762
            ],
            [
              27.16618,
              39.11799
            ],
            [
              27.166118,
              39.1180203
            ],
            [
              27.1660713,
              39.1180641
            ],
            [
              27.1660446,
              39.118117
            ],
            [
              27.1660405,
              39.1181738
            ]
          ]
        ]
      },
      "properties": {
        "id": "pergamon-way-1222743216",
        "siteKey": "pergamon",
        "siteName": "帕加马",
        "siteEnName": "Pergamon",
        "name": "治疗建筑",
        "enName": "Treatment building",
        "originalName": "Treatment building",
        "role": "public",
        "period": "秦汉",
        "periodLabel": "希腊化／罗马／拜占庭",
        "heritageId": "whc-1457",
        "tentative": false,
        "sourceUrl": "https://www.openstreetmap.org/way/1222743216",
        "referenceUrl": "https://whc.unesco.org/en/list/1457/",
        "note": "公开遗迹矢量；部分对象包含现存或修复展示部分，不作考古实测界址。",
        "label": true
      }
    },
    {
      "type": "Feature",
      "geometry": {
        "type": "Polygon",
        "coordinates": [
          [
            [
              26.23628,
              39.9575255
            ],
            [
              26.2367496,
              39.957804
            ],
            [
              26.2373821,
              39.9582252
            ],
            [
              26.2379162,
              39.9584299
            ],
            [
              26.2386783,
              39.9585298
            ],
            [
              26.239284,
              39.9584699
            ],
            [
              26.2396879,
              39.9581753
            ],
            [
              26.2398507,
              39.9578508
            ],
            [
              26.2398442,
              39.9574015
            ],
            [
              26.2396683,
              39.9565477
            ],
            [
              26.2388346,
              39.9564428
            ],
            [
              26.2385285,
              39.956323
            ],
            [
              26.238294,
              39.9561932
            ],
            [
              26.2378769,
              39.956405
            ],
            [
              26.2378104,
              39.9564934
            ],
            [
              26.2372566,
              39.9567609
            ],
            [
              26.2370684,
              39.9567577
            ],
            [
              26.2368898,
              39.9567997
            ],
            [
              26.2367423,
              39.956777
            ],
            [
              26.2366667,
              39.9567173
            ],
            [
              26.2365809,
              39.9567601
            ],
            [
              26.2362569,
              39.9568602
            ],
            [
              26.2362076,
              39.9569925
            ],
            [
              26.2361715,
              39.9572062
            ],
            [
              26.2361812,
              39.9573464
            ],
            [
              26.23628,
              39.9575255
            ]
          ]
        ]
      },
      "properties": {
        "id": "troy-way-423938794",
        "siteKey": "troy",
        "siteName": "特洛伊",
        "siteEnName": "Troy",
        "name": "特洛伊考古遗址区",
        "enName": "Archaeological Site of Troy",
        "originalName": "Troya'nın Arkeolojik Alanı",
        "role": "area",
        "period": "夏商",
        "periodLabel": "青铜时代至希腊、罗马时期，多层城址",
        "heritageId": "whc-849",
        "tentative": false,
        "sourceUrl": "https://www.openstreetmap.org/way/423938794",
        "referenceUrl": "https://whc.unesco.org/en/list/849/",
        "note": "公开遗址区或卫城范围，未必等于某一期完整古城墙或法定保护界址。",
        "label": true
      }
    },
    {
      "type": "Feature",
      "geometry": {
        "type": "Polygon",
        "coordinates": [
          [
            [
              26.2394673,
              39.9571626
            ],
            [
              26.2394964,
              39.9572218
            ],
            [
              26.2394381,
              39.9572439
            ],
            [
              26.2394469,
              39.9572608
            ],
            [
              26.2395296,
              39.9572312
            ],
            [
              26.2394927,
              39.9571529
            ],
            [
              26.2394817,
              39.9571359
            ],
            [
              26.2393974,
              39.957168
            ],
            [
              26.2394085,
              39.957185
            ],
            [
              26.2394673,
              39.9571626
            ]
          ]
        ]
      },
      "properties": {
        "id": "troy-way-666487715",
        "siteKey": "troy",
        "siteName": "特洛伊",
        "siteEnName": "Troy",
        "name": "东塔遗迹",
        "enName": "East Tower",
        "originalName": "East Tower",
        "role": "wall",
        "period": "夏商",
        "periodLabel": "青铜时代至希腊、罗马时期，多层城址",
        "heritageId": "whc-849",
        "tentative": false,
        "sourceUrl": "https://www.openstreetmap.org/way/666487715",
        "referenceUrl": "https://whc.unesco.org/en/list/849/",
        "note": "公开遗迹矢量；部分对象包含现存或修复展示部分，不作考古实测界址。",
        "label": true
      }
    },
    {
      "type": "Feature",
      "geometry": {
        "type": "Polygon",
        "coordinates": [
          [
            [
              26.2387008,
              39.9567105
            ],
            [
              26.2384388,
              39.9567097
            ],
            [
              26.2384352,
              39.9567473
            ],
            [
              26.2384563,
              39.9567926
            ],
            [
              26.2385037,
              39.9568265
            ],
            [
              26.2385694,
              39.9568396
            ],
            [
              26.2386355,
              39.9568265
            ],
            [
              26.2386822,
              39.9567935
            ],
            [
              26.2387043,
              39.9567461
            ],
            [
              26.2387008,
              39.9567105
            ]
          ]
        ]
      },
      "properties": {
        "id": "troy-way-244849576",
        "siteKey": "troy",
        "siteName": "特洛伊",
        "siteEnName": "Troy",
        "name": "罗马音乐厅",
        "enName": "Odeon",
        "originalName": "Odeon",
        "role": "public",
        "period": "秦汉",
        "periodLabel": "青铜时代至希腊、罗马时期，多层城址",
        "heritageId": "whc-849",
        "tentative": false,
        "sourceUrl": "https://www.openstreetmap.org/way/244849576",
        "referenceUrl": "https://whc.unesco.org/en/list/849/",
        "note": "公开遗迹矢量；部分对象包含现存或修复展示部分，不作考古实测界址。",
        "label": true
      }
    },
    {
      "type": "Feature",
      "geometry": {
        "type": "Point",
        "coordinates": [
          26.2392403,
          39.9569485
        ]
      },
      "properties": {
        "id": "troy-node-11633363449",
        "siteKey": "troy",
        "siteName": "特洛伊",
        "siteEnName": "Troy",
        "name": "议事厅遗址",
        "enName": "Bouleuterion (Troy)",
        "originalName": "Bouleuterion (Troy)",
        "role": "public",
        "period": "秦汉",
        "periodLabel": "青铜时代至希腊、罗马时期，多层城址",
        "heritageId": "whc-849",
        "tentative": false,
        "sourceUrl": "https://www.openstreetmap.org/node/11633363449",
        "referenceUrl": "https://whc.unesco.org/en/list/849/",
        "note": "公开遗迹矢量；部分对象包含现存或修复展示部分，不作考古实测界址。",
        "label": true
      }
    },
    {
      "type": "Feature",
      "geometry": {
        "type": "Polygon",
        "coordinates": [
          [
            [
              30.8504821,
              36.9570467
            ],
            [
              30.8506474,
              36.9562363
            ],
            [
              30.8509988,
              36.9562406
            ],
            [
              30.8510524,
              36.9569179
            ],
            [
              30.8511919,
              36.9572587
            ],
            [
              30.8537832,
              36.9572642
            ],
            [
              30.8539896,
              36.9599035
            ],
            [
              30.8541262,
              36.9599507
            ],
            [
              30.8559577,
              36.9599851
            ],
            [
              30.8573523,
              36.9607159
            ],
            [
              30.8575393,
              36.9609349
            ],
            [
              30.8580164,
              36.9627744
            ],
            [
              30.8583048,
              36.9639892
            ],
            [
              30.8583969,
              36.9653053
            ],
            [
              30.8584384,
              36.9660935
            ],
            [
              30.8590291,
              36.9664679
            ],
            [
              30.8595906,
              36.9682712
            ],
            [
              30.8580611,
              36.9693424
            ],
            [
              30.8565695,
              36.9695173
            ],
            [
              30.8536917,
              36.970475
            ],
            [
              30.8533324,
              36.971436
            ],
            [
              30.8508762,
              36.9725376
            ],
            [
              30.8498239,
              36.9718067
            ],
            [
              30.8506857,
              36.9699642
            ],
            [
              30.8507857,
              36.9683221
            ],
            [
              30.8497857,
              36.9673254
            ],
            [
              30.8501109,
              36.9668194
            ],
            [
              30.8488208,
              36.9665044
            ],
            [
              30.8488664,
              36.9659322
            ],
            [
              30.8490515,
              36.9654371
            ],
            [
              30.8491051,
              36.9649421
            ],
            [
              30.8508859,
              36.9656728
            ],
            [
              30.8514116,
              36.9651777
            ],
            [
              30.8513401,
              36.9596065
            ],
            [
              30.8494687,
              36.9593276
            ],
            [
              30.850012,
              36.9576662
            ],
            [
              30.8504821,
              36.9570467
            ]
          ]
        ]
      },
      "properties": {
        "id": "perge-way-131469283",
        "siteKey": "perge",
        "siteName": "佩尔盖",
        "siteEnName": "Perge",
        "name": "古城遗址区（公开标绘）",
        "enName": "Perga",
        "originalName": "Perga",
        "role": "area",
        "period": "秦汉",
        "periodLabel": "希腊化／罗马／晚期古代",
        "heritageId": "",
        "tentative": true,
        "sourceUrl": "https://www.openstreetmap.org/way/131469283",
        "referenceUrl": "https://whc.unesco.org/en/tentativelists/5411/",
        "note": "公开遗址区或卫城范围，未必等于某一期完整古城墙或法定保护界址。",
        "label": true
      }
    },
    {
      "type": "Feature",
      "geometry": {
        "type": "Polygon",
        "coordinates": [
          [
            [
              30.8540434,
              36.9615723
            ],
            [
              30.85401,
              36.9614715
            ],
            [
              30.8540511,
              36.9613898
            ],
            [
              30.8541051,
              36.9613848
            ],
            [
              30.8542138,
              36.9613859
            ],
            [
              30.8542617,
              36.9614477
            ],
            [
              30.8542795,
              36.9615337
            ],
            [
              30.8541749,
              36.9615488
            ],
            [
              30.8540434,
              36.9615723
            ]
          ]
        ]
      },
      "properties": {
        "id": "perge-way-321303544",
        "siteKey": "perge",
        "siteName": "佩尔盖",
        "siteEnName": "Perge",
        "name": "希腊化城门与双塔",
        "enName": "The Hellenistic City Gate and Towers",
        "originalName": "Hellenistic gate",
        "role": "gate",
        "period": "秦汉",
        "periodLabel": "希腊化／罗马／晚期古代",
        "heritageId": "",
        "tentative": true,
        "sourceUrl": "https://www.openstreetmap.org/way/321303544",
        "referenceUrl": "https://whc.unesco.org/en/tentativelists/5411/",
        "note": "公开遗迹矢量；部分对象包含现存或修复展示部分，不作考古实测界址。",
        "label": true
      }
    },
    {
      "type": "Feature",
      "geometry": {
        "type": "Polygon",
        "coordinates": [
          [
            [
              30.8542328,
              36.9612244
            ],
            [
              30.8543339,
              36.9612675
            ],
            [
              30.8542948,
              36.9606506
            ],
            [
              30.854132,
              36.9607393
            ],
            [
              30.854149,
              36.9610491
            ],
            [
              30.8542053,
              36.9610908
            ],
            [
              30.8542328,
              36.9612244
            ]
          ]
        ]
      },
      "properties": {
        "id": "perge-way-321305115",
        "siteKey": "perge",
        "siteName": "佩尔盖",
        "siteEnName": "Perge",
        "name": "城门内庭院",
        "enName": "Inner courtyard",
        "originalName": "Inner courtyard",
        "role": "public",
        "period": "秦汉",
        "periodLabel": "希腊化／罗马／晚期古代",
        "heritageId": "",
        "tentative": true,
        "sourceUrl": "https://www.openstreetmap.org/way/321305115",
        "referenceUrl": "https://whc.unesco.org/en/tentativelists/5411/",
        "note": "公开遗迹矢量；部分对象包含现存或修复展示部分，不作考古实测界址。",
        "label": true
      }
    },
    {
      "type": "Feature",
      "geometry": {
        "type": "Polygon",
        "coordinates": [
          [
            [
              30.8539443,
              36.9612834
            ],
            [
              30.8539084,
              36.9611762
            ],
            [
              30.8539762,
              36.9611617
            ],
            [
              30.854012,
              36.961269
            ],
            [
              30.8539443,
              36.9612834
            ]
          ]
        ]
      },
      "properties": {
        "id": "perge-way-321305116",
        "siteKey": "perge",
        "siteName": "佩尔盖",
        "siteEnName": "Perge",
        "name": "山门",
        "enName": "Propylon",
        "originalName": "Propylon",
        "role": "gate",
        "period": "秦汉",
        "periodLabel": "希腊化／罗马／晚期古代",
        "heritageId": "",
        "tentative": true,
        "sourceUrl": "https://www.openstreetmap.org/way/321305116",
        "referenceUrl": "https://whc.unesco.org/en/tentativelists/5411/",
        "note": "公开遗迹矢量；部分对象包含现存或修复展示部分，不作考古实测界址。",
        "label": true
      }
    },
    {
      "type": "Feature",
      "geometry": {
        "type": "Polygon",
        "coordinates": [
          [
            [
              30.8537557,
              36.9607216
            ],
            [
              30.8538282,
              36.9607215
            ],
            [
              30.8538277,
              36.9604937
            ],
            [
              30.8537552,
              36.9604938
            ],
            [
              30.8537557,
              36.9607216
            ]
          ]
        ]
      },
      "properties": {
        "id": "perge-way-321305118",
        "siteKey": "perge",
        "siteName": "佩尔盖",
        "siteEnName": "Perge",
        "name": "纪念喷泉",
        "enName": "Nymphaion",
        "originalName": "Nymphaion",
        "role": "water",
        "period": "秦汉",
        "periodLabel": "希腊化／罗马／晚期古代",
        "heritageId": "",
        "tentative": true,
        "sourceUrl": "https://www.openstreetmap.org/way/321305118",
        "referenceUrl": "https://whc.unesco.org/en/tentativelists/5411/",
        "note": "公开遗迹矢量；部分对象包含现存或修复展示部分，不作考古实测界址。",
        "label": true
      }
    },
    {
      "type": "Feature",
      "geometry": {
        "type": "Polygon",
        "coordinates": [
          [
            [
              30.8575369,
              36.9636369
            ],
            [
              30.8570455,
              36.9636464
            ],
            [
              30.8570395,
              36.9638667
            ],
            [
              30.8568117,
              36.9638859
            ],
            [
              30.8568117,
              36.9640439
            ],
            [
              30.8575609,
              36.9640056
            ],
            [
              30.8575369,
              36.9636369
            ]
          ]
        ]
      },
      "properties": {
        "id": "perge-way-321306705",
        "siteKey": "perge",
        "siteName": "佩尔盖",
        "siteEnName": "Perge",
        "name": "住宅遗迹",
        "enName": "Houses",
        "originalName": "Houses",
        "role": "house",
        "period": "秦汉",
        "periodLabel": "希腊化／罗马／晚期古代",
        "heritageId": "",
        "tentative": true,
        "sourceUrl": "https://www.openstreetmap.org/way/321306705",
        "referenceUrl": "https://whc.unesco.org/en/tentativelists/5411/",
        "note": "公开遗迹矢量；部分对象包含现存或修复展示部分，不作考古实测界址。",
        "label": true
      }
    },
    {
      "type": "Feature",
      "geometry": {
        "type": "Polygon",
        "coordinates": [
          [
            [
              30.8548642,
              36.9631412
            ],
            [
              30.8549108,
              36.9638182
            ],
            [
              30.8549806,
              36.9638191
            ],
            [
              30.8549118,
              36.9644879
            ],
            [
              30.8548586,
              36.9650051
            ],
            [
              30.8548487,
              36.9651012
            ],
            [
              30.8549079,
              36.965098
            ],
            [
              30.8549071,
              36.9651105
            ],
            [
              30.854906,
              36.9651293
            ],
            [
              30.8549128,
              36.9651955
            ],
            [
              30.8549738,
              36.9651935
            ],
            [
              30.8551213,
              36.9655245
            ],
            [
              30.855069,
              36.9655352
            ],
            [
              30.8551677,
              36.9658385
            ],
            [
              30.8552061,
              36.9659346
            ],
            [
              30.8551017,
              36.9659631
            ],
            [
              30.8550016,
              36.9659903
            ],
            [
              30.8549775,
              36.9659969
            ],
            [
              30.8549617,
              36.965959
            ],
            [
              30.8548905,
              36.9659767
            ],
            [
              30.8545446,
              36.965296
            ],
            [
              30.8546244,
              36.9652614
            ],
            [
              30.8546061,
              36.9652066
            ],
            [
              30.8545842,
              36.9651412
            ],
            [
              30.8545849,
              36.9651276
            ],
            [
              30.8546156,
              36.964543
            ],
            [
              30.8545968,
              36.964543
            ],
            [
              30.8545538,
              36.9645431
            ],
            [
              30.8545645,
              36.9644538
            ],
            [
              30.8546393,
              36.9638346
            ],
            [
              30.8547043,
              36.963834
            ],
            [
              30.8546674,
              36.963161
            ],
            [
              30.8541983,
              36.9620323
            ],
            [
              30.8544239,
              36.9619738
            ],
            [
              30.8548642,
              36.9631412
            ]
          ]
        ]
      },
      "properties": {
        "id": "perge-way-321306707",
        "siteKey": "perge",
        "siteName": "佩尔盖",
        "siteEnName": "Perge",
        "name": "柱廊主街",
        "enName": "The Columned Main Street",
        "originalName": "Colonnaded street",
        "role": "street",
        "period": "秦汉",
        "periodLabel": "希腊化／罗马／晚期古代",
        "heritageId": "",
        "tentative": true,
        "sourceUrl": "https://www.openstreetmap.org/way/321306707",
        "referenceUrl": "https://whc.unesco.org/en/tentativelists/5411/",
        "note": "公开遗迹矢量；部分对象包含现存或修复展示部分，不作考古实测界址。",
        "label": false
      }
    },
    {
      "type": "Feature",
      "geometry": {
        "type": "Polygon",
        "coordinates": [
          [
            [
              30.8550184,
              36.9660926
            ],
            [
              30.8552469,
              36.9660303
            ],
            [
              30.8552061,
              36.9659346
            ],
            [
              30.8551017,
              36.9659631
            ],
            [
              30.8550016,
              36.9659903
            ],
            [
              30.8549775,
              36.9659969
            ],
            [
              30.8550184,
              36.9660926
            ]
          ]
        ]
      },
      "properties": {
        "id": "perge-way-321307349",
        "siteKey": "perge",
        "siteName": "佩尔盖",
        "siteEnName": "Perge",
        "name": "哈德良喷泉",
        "enName": "Hadrian's nymphaion",
        "originalName": "Hadrian's nymphaion",
        "role": "water",
        "period": "秦汉",
        "periodLabel": "希腊化／罗马／晚期古代",
        "heritageId": "",
        "tentative": true,
        "sourceUrl": "https://www.openstreetmap.org/way/321307349",
        "referenceUrl": "https://whc.unesco.org/en/tentativelists/5411/",
        "note": "公开遗迹矢量；部分对象包含现存或修复展示部分，不作考古实测界址。",
        "label": true
      }
    },
    {
      "type": "Feature",
      "geometry": {
        "type": "Polygon",
        "coordinates": [
          [
            [
              30.8529982,
              36.9661
            ],
            [
              30.8538289,
              36.9660691
            ],
            [
              30.8538263,
              36.9656228
            ],
            [
              30.8529799,
              36.9656654
            ],
            [
              30.8529982,
              36.9661
            ]
          ]
        ]
      },
      "properties": {
        "id": "perge-way-321309341",
        "siteKey": "perge",
        "siteName": "佩尔盖",
        "siteEnName": "Perge",
        "name": "训练场",
        "enName": "Palaestra",
        "originalName": "Palaestra",
        "role": "public",
        "period": "秦汉",
        "periodLabel": "希腊化／罗马／晚期古代",
        "heritageId": "",
        "tentative": true,
        "sourceUrl": "https://www.openstreetmap.org/way/321309341",
        "referenceUrl": "https://whc.unesco.org/en/tentativelists/5411/",
        "note": "公开遗迹矢量；部分对象包含现存或修复展示部分，不作考古实测界址。",
        "label": true
      }
    },
    {
      "type": "Feature",
      "geometry": {
        "type": "Polygon",
        "coordinates": [
          [
            [
              30.8515575,
              36.9656446
            ],
            [
              30.8517565,
              36.9656024
            ],
            [
              30.8517817,
              36.9656782
            ],
            [
              30.8519574,
              36.9656408
            ],
            [
              30.8518997,
              36.9654672
            ],
            [
              30.8520079,
              36.9654442
            ],
            [
              30.8519552,
              36.9652856
            ],
            [
              30.8516431,
              36.9653519
            ],
            [
              30.8516608,
              36.9654052
            ],
            [
              30.8514899,
              36.9654415
            ],
            [
              30.8515575,
              36.9656446
            ]
          ]
        ]
      },
      "properties": {
        "id": "perge-way-321309342",
        "siteKey": "perge",
        "siteName": "佩尔盖",
        "siteEnName": "Perge",
        "name": "北浴场",
        "enName": "Northern baths",
        "originalName": "Northern baths",
        "role": "bath",
        "period": "秦汉",
        "periodLabel": "希腊化／罗马／晚期古代",
        "heritageId": "",
        "tentative": true,
        "sourceUrl": "https://www.openstreetmap.org/way/321309342",
        "referenceUrl": "https://whc.unesco.org/en/tentativelists/5411/",
        "note": "公开遗迹矢量；部分对象包含现存或修复展示部分，不作考古实测界址。",
        "label": true
      }
    },
    {
      "type": "Feature",
      "geometry": {
        "type": "Polygon",
        "coordinates": [
          [
            [
              30.8545915,
              36.9606622
            ],
            [
              30.8548782,
              36.9606507
            ],
            [
              30.8548806,
              36.9607098
            ],
            [
              30.8550442,
              36.9607026
            ],
            [
              30.8551741,
              36.960697
            ],
            [
              30.8551584,
              36.9604892
            ],
            [
              30.8551513,
              36.9603927
            ],
            [
              30.8548825,
              36.9604061
            ],
            [
              30.8548878,
              36.9604738
            ],
            [
              30.8544563,
              36.9604931
            ],
            [
              30.8545915,
              36.9606622
            ]
          ]
        ]
      },
      "properties": {
        "id": "perge-way-321309343",
        "siteKey": "perge",
        "siteName": "佩尔盖",
        "siteEnName": "Perge",
        "name": "南巴西利卡教堂",
        "enName": "The southern basilica",
        "originalName": "Church with an eastern apse",
        "role": "temple",
        "period": "魏晋南北朝",
        "periodLabel": "希腊化／罗马／晚期古代",
        "heritageId": "",
        "tentative": true,
        "sourceUrl": "https://www.openstreetmap.org/way/321309343",
        "referenceUrl": "https://whc.unesco.org/en/tentativelists/5411/",
        "note": "公开遗迹矢量；部分对象包含现存或修复展示部分，不作考古实测界址。",
        "label": true
      }
    },
    {
      "type": "Feature",
      "geometry": {
        "type": "Polygon",
        "coordinates": [
          [
            [
              30.8532944,
              36.9637247
            ],
            [
              30.8537868,
              36.9637349
            ],
            [
              30.8538011,
              36.9632963
            ],
            [
              30.8535271,
              36.9632906
            ],
            [
              30.8535222,
              36.9634407
            ],
            [
              30.8533038,
              36.9634361
            ],
            [
              30.8532944,
              36.9637247
            ]
          ]
        ]
      },
      "properties": {
        "id": "perge-way-321309344",
        "siteKey": "perge",
        "siteName": "佩尔盖",
        "siteEnName": "Perge",
        "name": "主教座堂遗址",
        "enName": "The Bishopric basilica of Perge",
        "originalName": "The Bishopric basilica of Perge",
        "role": "temple",
        "period": "魏晋南北朝",
        "periodLabel": "希腊化／罗马／晚期古代",
        "heritageId": "",
        "tentative": true,
        "sourceUrl": "https://www.openstreetmap.org/way/321309344",
        "referenceUrl": "https://whc.unesco.org/en/tentativelists/5411/",
        "note": "公开遗迹矢量；部分对象包含现存或修复展示部分，不作考古实测界址。",
        "label": true
      }
    },
    {
      "type": "Feature",
      "geometry": {
        "type": "Polygon",
        "coordinates": [
          [
            [
              30.8509491,
              36.9722228
            ],
            [
              30.8530469,
              36.9712094
            ],
            [
              30.8530956,
              36.9705078
            ],
            [
              30.8546243,
              36.9697413
            ],
            [
              30.8564944,
              36.9692216
            ],
            [
              30.8572424,
              36.9691956
            ],
            [
              30.8582181,
              36.9682212
            ],
            [
              30.8584621,
              36.9672987
            ],
            [
              30.8577628,
              36.9673636
            ],
            [
              30.855974,
              36.9671817
            ],
            [
              30.8560716,
              36.9668049
            ],
            [
              30.85399,
              36.9671947
            ],
            [
              30.8524777,
              36.9677924
            ],
            [
              30.8520549,
              36.9675845
            ],
            [
              30.8513556,
              36.9683771
            ],
            [
              30.8511605,
              36.9697933
            ],
            [
              30.8507377,
              36.9708976
            ],
            [
              30.8503311,
              36.9713523
            ],
            [
              30.8509491,
              36.9722228
            ]
          ]
        ]
      },
      "properties": {
        "id": "perge-way-321309346",
        "siteKey": "perge",
        "siteName": "佩尔盖",
        "siteEnName": "Perge",
        "name": "卫城遗址区",
        "enName": "Acropolis",
        "originalName": "Acropolis",
        "role": "area",
        "period": "秦汉",
        "periodLabel": "希腊化／罗马／晚期古代",
        "heritageId": "",
        "tentative": true,
        "sourceUrl": "https://www.openstreetmap.org/way/321309346",
        "referenceUrl": "https://whc.unesco.org/en/tentativelists/5411/",
        "note": "公开遗址区或卫城范围，未必等于某一期完整古城墙或法定保护界址。",
        "label": true
      }
    },
    {
      "type": "Feature",
      "geometry": {
        "type": "Polygon",
        "coordinates": [
          [
            [
              30.8498394,
              36.9673395
            ],
            [
              30.8508204,
              36.9677405
            ],
            [
              30.8516091,
              36.9665087
            ],
            [
              30.8514507,
              36.9662697
            ],
            [
              30.8506873,
              36.9659856
            ],
            [
              30.8498394,
              36.9673395
            ]
          ]
        ]
      },
      "properties": {
        "id": "perge-way-321309463",
        "siteKey": "perge",
        "siteName": "佩尔盖",
        "siteEnName": "Perge",
        "name": "西墓区",
        "enName": "Western necropolis",
        "originalName": "Western necropolis",
        "role": "tomb",
        "period": "秦汉",
        "periodLabel": "希腊化／罗马／晚期古代",
        "heritageId": "",
        "tentative": true,
        "sourceUrl": "https://www.openstreetmap.org/way/321309463",
        "referenceUrl": "https://whc.unesco.org/en/tentativelists/5411/",
        "note": "公开遗迹矢量；部分对象包含现存或修复展示部分，不作考古实测界址。",
        "label": true
      }
    },
    {
      "type": "Feature",
      "geometry": {
        "type": "Polygon",
        "coordinates": [
          [
            [
              30.8539534,
              36.9605591
            ],
            [
              30.8542364,
              36.9605574
            ],
            [
              30.8542359,
              36.9605083
            ],
            [
              30.853953,
              36.96051
            ],
            [
              30.8539534,
              36.9605591
            ]
          ]
        ]
      },
      "properties": {
        "id": "perge-way-865498420",
        "siteKey": "perge",
        "siteName": "佩尔盖",
        "siteEnName": "Perge",
        "name": "罗马城门",
        "enName": "The Roman Gate",
        "originalName": "Roma Kapısı",
        "role": "gate",
        "period": "秦汉",
        "periodLabel": "希腊化／罗马／晚期古代",
        "heritageId": "",
        "tentative": true,
        "sourceUrl": "https://www.openstreetmap.org/way/865498420",
        "referenceUrl": "https://whc.unesco.org/en/tentativelists/5411/",
        "note": "公开遗迹矢量；部分对象包含现存或修复展示部分，不作考古实测界址。",
        "label": true
      }
    },
    {
      "type": "Feature",
      "geometry": {
        "type": "Polygon",
        "coordinates": [
          [
            [
              30.8540666,
              36.9616226
            ],
            [
              30.8540938,
              36.9616899
            ],
            [
              30.8543164,
              36.9616324
            ],
            [
              30.8542892,
              36.9615651
            ],
            [
              30.8540666,
              36.9616226
            ]
          ]
        ]
      },
      "properties": {
        "id": "perge-way-865498421",
        "siteKey": "perge",
        "siteName": "佩尔盖",
        "siteEnName": "Perge",
        "name": "哈德良拱门",
        "enName": "The Hadrianus' Arch",
        "originalName": "Hadrianus Takı",
        "role": "gate",
        "period": "秦汉",
        "periodLabel": "希腊化／罗马／晚期古代",
        "heritageId": "",
        "tentative": true,
        "sourceUrl": "https://www.openstreetmap.org/way/865498421",
        "referenceUrl": "https://whc.unesco.org/en/tentativelists/5411/",
        "note": "公开遗迹矢量；部分对象包含现存或修复展示部分，不作考古实测界址。",
        "label": true
      }
    },
    {
      "type": "Feature",
      "geometry": {
        "type": "Polygon",
        "coordinates": [
          [
            [
              30.8548194,
              36.9651528
            ],
            [
              30.8548378,
              36.9651917
            ],
            [
              30.8549059,
              36.9651713
            ],
            [
              30.8548876,
              36.9651323
            ],
            [
              30.8548194,
              36.9651528
            ]
          ]
        ]
      },
      "properties": {
        "id": "perge-way-865498422",
        "siteKey": "perge",
        "siteName": "佩尔盖",
        "siteEnName": "Perge",
        "name": "德米特里奥斯·阿波罗尼奥斯拱门",
        "enName": "The Arch of Demetrios Apollonios",
        "originalName": "Demetrios Apollonios Takı",
        "role": "gate",
        "period": "秦汉",
        "periodLabel": "希腊化／罗马／晚期古代",
        "heritageId": "",
        "tentative": true,
        "sourceUrl": "https://www.openstreetmap.org/way/865498422",
        "referenceUrl": "https://whc.unesco.org/en/tentativelists/5411/",
        "note": "公开遗迹矢量；部分对象包含现存或修复展示部分，不作考古实测界址。",
        "label": true
      }
    },
    {
      "type": "Feature",
      "geometry": {
        "type": "Polygon",
        "coordinates": [
          [
            [
              30.8537896,
              36.9608629
            ],
            [
              30.8538442,
              36.9608493
            ],
            [
              30.8539446,
              36.961108
            ],
            [
              30.85389,
              36.9611215
            ],
            [
              30.8537896,
              36.9608629
            ]
          ]
        ]
      },
      "properties": {
        "id": "perge-way-870985416",
        "siteKey": "perge",
        "siteName": "佩尔盖",
        "siteEnName": "Perge",
        "name": "塞普蒂米乌斯·塞维鲁喷泉",
        "enName": "The Nymphaion of Septemius Severus",
        "originalName": "The Nymphaion of Septemius Severus",
        "role": "water",
        "period": "秦汉",
        "periodLabel": "希腊化／罗马／晚期古代",
        "heritageId": "",
        "tentative": true,
        "sourceUrl": "https://www.openstreetmap.org/way/870985416",
        "referenceUrl": "https://whc.unesco.org/en/tentativelists/5411/",
        "note": "公开遗迹矢量；部分对象包含现存或修复展示部分，不作考古实测界址。",
        "label": true
      }
    },
    {
      "type": "Feature",
      "geometry": {
        "type": "Polygon",
        "coordinates": [
          [
            [
              30.8513748,
              36.9657598
            ],
            [
              30.8513714,
              36.965736
            ],
            [
              30.8513774,
              36.9657194
            ],
            [
              30.8513935,
              36.9657024
            ],
            [
              30.851416,
              36.9656921
            ],
            [
              30.8514386,
              36.9656894
            ],
            [
              30.8514581,
              36.9656922
            ],
            [
              30.8514763,
              36.9656998
            ],
            [
              30.851493,
              36.9657143
            ],
            [
              30.851501,
              36.9657295
            ],
            [
              30.8515023,
              36.965749
            ],
            [
              30.851492,
              36.9657712
            ],
            [
              30.8513748,
              36.9657598
            ]
          ]
        ]
      },
      "properties": {
        "id": "perge-way-870985417",
        "siteKey": "perge",
        "siteName": "佩尔盖",
        "siteEnName": "Perge",
        "name": "卡拉卡拉喷泉",
        "enName": "The Nymphaion of Caracalla",
        "originalName": "The Nymphaion of Caracalla",
        "role": "water",
        "period": "秦汉",
        "periodLabel": "希腊化／罗马／晚期古代",
        "heritageId": "",
        "tentative": true,
        "sourceUrl": "https://www.openstreetmap.org/way/870985417",
        "referenceUrl": "https://whc.unesco.org/en/tentativelists/5411/",
        "note": "公开遗迹矢量；部分对象包含现存或修复展示部分，不作考古实测界址。",
        "label": true
      }
    },
    {
      "type": "Feature",
      "geometry": {
        "type": "Polygon",
        "coordinates": [
          [
            [
              30.8530641,
              36.9615308
            ],
            [
              30.8532136,
              36.9614951
            ],
            [
              30.8533755,
              36.9614565
            ],
            [
              30.8533428,
              36.961369
            ],
            [
              30.8534832,
              36.9613355
            ],
            [
              30.8533752,
              36.9610467
            ],
            [
              30.8532348,
              36.9610802
            ],
            [
              30.8532726,
              36.9611812
            ],
            [
              30.8531107,
              36.9612199
            ],
            [
              30.8531261,
              36.9612609
            ],
            [
              30.8529765,
              36.9612966
            ],
            [
              30.8530641,
              36.9615308
            ]
          ]
        ]
      },
      "properties": {
        "id": "perge-way-875193467",
        "siteKey": "perge",
        "siteName": "佩尔盖",
        "siteEnName": "Perge",
        "name": "南浴场遗迹",
        "enName": "The Southern Bath",
        "originalName": "Roman baths",
        "role": "bath",
        "period": "秦汉",
        "periodLabel": "希腊化／罗马／晚期古代",
        "heritageId": "",
        "tentative": true,
        "sourceUrl": "https://www.openstreetmap.org/way/875193467",
        "referenceUrl": "https://whc.unesco.org/en/tentativelists/5411/",
        "note": "公开遗迹矢量；部分对象包含现存或修复展示部分，不作考古实测界址。",
        "label": true
      }
    },
    {
      "type": "Feature",
      "geometry": {
        "type": "Polygon",
        "coordinates": [
          [
            [
              30.8544904,
              36.9617112
            ],
            [
              30.8552032,
              36.9616852
            ],
            [
              30.8551697,
              36.9610988
            ],
            [
              30.8550659,
              36.9611026
            ],
            [
              30.854457,
              36.9611248
            ],
            [
              30.8544599,
              36.9611757
            ],
            [
              30.8544887,
              36.9616812
            ],
            [
              30.8544904,
              36.9617112
            ]
          ]
        ]
      },
      "properties": {
        "id": "perge-way-875193469",
        "siteKey": "perge",
        "siteName": "佩尔盖",
        "siteEnName": "Perge",
        "name": "广场",
        "enName": "Agora",
        "originalName": "Agora",
        "role": "public",
        "period": "秦汉",
        "periodLabel": "希腊化／罗马／晚期古代",
        "heritageId": "",
        "tentative": true,
        "sourceUrl": "https://www.openstreetmap.org/way/875193469",
        "referenceUrl": "https://whc.unesco.org/en/tentativelists/5411/",
        "note": "公开遗迹矢量；部分对象包含现存或修复展示部分，不作考古实测界址。",
        "label": true
      }
    },
    {
      "type": "Feature",
      "geometry": {
        "type": "Polygon",
        "coordinates": [
          [
            [
              30.8511838,
              36.9661454
            ],
            [
              30.8512349,
              36.9660595
            ],
            [
              30.8511706,
              36.9660352
            ],
            [
              30.8512294,
              36.9658715
            ],
            [
              30.851115,
              36.9658266
            ],
            [
              30.851024,
              36.9659796
            ],
            [
              30.8509948,
              36.9659685
            ],
            [
              30.8509438,
              36.9660543
            ],
            [
              30.8511838,
              36.9661454
            ]
          ]
        ]
      },
      "properties": {
        "id": "perge-way-875251496",
        "siteKey": "perge",
        "siteName": "佩尔盖",
        "siteEnName": "Perge",
        "name": "西城门",
        "enName": "Western city gate",
        "originalName": "Western city gate",
        "role": "gate",
        "period": "秦汉",
        "periodLabel": "希腊化／罗马／晚期古代",
        "heritageId": "",
        "tentative": true,
        "sourceUrl": "https://www.openstreetmap.org/way/875251496",
        "referenceUrl": "https://whc.unesco.org/en/tentativelists/5411/",
        "note": "公开遗迹矢量；部分对象包含现存或修复展示部分，不作考古实测界址。",
        "label": true
      }
    },
    {
      "type": "Feature",
      "geometry": {
        "type": "Polygon",
        "coordinates": [
          [
            [
              30.8512294,
              36.966169
            ],
            [
              30.8514427,
              36.9662536
            ],
            [
              30.8514982,
              36.9661644
            ],
            [
              30.851285,
              36.9660797
            ],
            [
              30.8512294,
              36.966169
            ]
          ]
        ]
      },
      "properties": {
        "id": "perge-way-875251497",
        "siteKey": "perge",
        "siteName": "佩尔盖",
        "siteEnName": "Perge",
        "name": "西城门",
        "enName": "Western city gate",
        "originalName": "Western city gate",
        "role": "gate",
        "period": "秦汉",
        "periodLabel": "希腊化／罗马／晚期古代",
        "heritageId": "",
        "tentative": true,
        "sourceUrl": "https://www.openstreetmap.org/way/875251497",
        "referenceUrl": "https://whc.unesco.org/en/tentativelists/5411/",
        "note": "公开遗迹矢量；部分对象包含现存或修复展示部分，不作考古实测界址。",
        "label": true
      }
    },
    {
      "type": "Feature",
      "geometry": {
        "type": "Polygon",
        "coordinates": [
          [
            [
              30.8535716,
              36.9615515
            ],
            [
              30.8539594,
              36.9614727
            ],
            [
              30.8538298,
              36.9610656
            ],
            [
              30.853806,
              36.9610705
            ],
            [
              30.8537676,
              36.9610783
            ],
            [
              30.8534539,
              36.9611421
            ],
            [
              30.853442,
              36.9611445
            ],
            [
              30.8535666,
              36.9615357
            ],
            [
              30.8535716,
              36.9615515
            ]
          ]
        ]
      },
      "properties": {
        "id": "perge-way-875412353",
        "siteKey": "perge",
        "siteName": "佩尔盖",
        "siteEnName": "Perge",
        "name": "训练场",
        "enName": "Palaestra",
        "originalName": "Palaestra",
        "role": "public",
        "period": "秦汉",
        "periodLabel": "希腊化／罗马／晚期古代",
        "heritageId": "",
        "tentative": true,
        "sourceUrl": "https://www.openstreetmap.org/way/875412353",
        "referenceUrl": "https://whc.unesco.org/en/tentativelists/5411/",
        "note": "公开遗迹矢量；部分对象包含现存或修复展示部分，不作考古实测界址。",
        "label": true
      }
    },
    {
      "type": "Feature",
      "geometry": {
        "type": "Polygon",
        "coordinates": [
          [
            [
              30.8512099,
              36.9573991
            ],
            [
              30.8512451,
              36.9574123
            ],
            [
              30.8511991,
              36.9579907
            ],
            [
              30.8509972,
              36.9579953
            ],
            [
              30.8510192,
              36.9582255
            ],
            [
              30.8508616,
              36.9582356
            ],
            [
              30.850763,
              36.9582266
            ],
            [
              30.850667,
              36.9582059
            ],
            [
              30.850576,
              36.958174
            ],
            [
              30.8504919,
              36.9581315
            ],
            [
              30.8504165,
              36.9580793
            ],
            [
              30.8503519,
              36.9580188
            ],
            [
              30.8502992,
              36.9579511
            ],
            [
              30.8502598,
              36.9578778
            ],
            [
              30.8502346,
              36.9578007
            ],
            [
              30.8502242,
              36.9577214
            ],
            [
              30.8502288,
              36.9576417
            ],
            [
              30.8502482,
              36.9575636
            ],
            [
              30.8502821,
              36.9574886
            ],
            [
              30.8503296,
              36.9574186
            ],
            [
              30.8503897,
              36.9573551
            ],
            [
              30.850461,
              36.9572995
            ],
            [
              30.8505418,
              36.9572531
            ],
            [
              30.8506303,
              36.9572169
            ],
            [
              30.8507245,
              36.9571917
            ],
            [
              30.8508223,
              36.957178
            ],
            [
              30.8509214,
              36.9571761
            ],
            [
              30.8510198,
              36.9571861
            ],
            [
              30.851115,
              36.9572075
            ],
            [
              30.851086,
              36.9573526
            ],
            [
              30.8510229,
              36.9573509
            ],
            [
              30.8509746,
              36.9574066
            ],
            [
              30.8510363,
              36.9574312
            ],
            [
              30.8512099,
              36.9573991
            ]
          ],
          [
            [
              30.8509156,
              36.9576166
            ],
            [
              30.8508776,
              36.9576041
            ],
            [
              30.8508371,
              36.9575987
            ],
            [
              30.850796,
              36.9576007
            ],
            [
              30.8507566,
              36.9576099
            ],
            [
              30.8507207,
              36.9576259
            ],
            [
              30.8506902,
              36.957648
            ],
            [
              30.8506667,
              36.9576749
            ],
            [
              30.8506513,
              36.9577053
            ],
            [
              30.8506447,
              36.9577377
            ],
            [
              30.8506473,
              36.9577701
            ],
            [
              30.8506587,
              36.9578012
            ],
            [
              30.8506785,
              36.9578295
            ],
            [
              30.8507055,
              36.9578536
            ],
            [
              30.8507386,
              36.9578724
            ],
            [
              30.850776,
              36.9578849
            ],
            [
              30.8508159,
              36.9578905
            ],
            [
              30.8508564,
              36.9578889
            ],
            [
              30.8508955,
              36.9578803
            ],
            [
              30.8509156,
              36.9576166
            ]
          ]
        ]
      },
      "properties": {
        "id": "perge-relation-11916419",
        "siteKey": "perge",
        "siteName": "佩尔盖",
        "siteEnName": "Perge",
        "name": "剧场",
        "enName": "Theatre",
        "originalName": "Perge Theatre",
        "role": "theatre",
        "period": "秦汉",
        "periodLabel": "希腊化／罗马／晚期古代",
        "heritageId": "",
        "tentative": true,
        "sourceUrl": "https://www.openstreetmap.org/relation/11916419",
        "referenceUrl": "https://whc.unesco.org/en/tentativelists/5411/",
        "note": "公开遗迹矢量；部分对象包含现存或修复展示部分，不作考古实测界址。",
        "label": true
      }
    },
    {
      "type": "Feature",
      "geometry": {
        "type": "Polygon",
        "coordinates": [
          [
            [
              30.8515436,
              36.9583264
            ],
            [
              30.8516328,
              36.9602923
            ],
            [
              30.8516483,
              36.960365
            ],
            [
              30.8516868,
              36.9604321
            ],
            [
              30.8517457,
              36.9604889
            ],
            [
              30.851821,
              36.9605315
            ],
            [
              30.8519076,
              36.9605572
            ],
            [
              30.8519995,
              36.9605641
            ],
            [
              30.8520905,
              36.9605517
            ],
            [
              30.8521744,
              36.9605209
            ],
            [
              30.8522455,
              36.9604739
            ],
            [
              30.8522989,
              36.9604137
            ],
            [
              30.852331,
              36.9603445
            ],
            [
              30.8523396,
              36.9602711
            ],
            [
              30.8522499,
              36.9588769
            ],
            [
              30.8522128,
              36.9583009
            ],
            [
              30.8515436,
              36.9583264
            ]
          ],
          [
            [
              30.8516971,
              36.9583612
            ],
            [
              30.8517841,
              36.9602799
            ],
            [
              30.8517946,
              36.960329
            ],
            [
              30.8518165,
              36.960367
            ],
            [
              30.8518498,
              36.9603992
            ],
            [
              30.8518925,
              36.9604234
            ],
            [
              30.8519417,
              36.960438
            ],
            [
              30.8519938,
              36.9604419
            ],
            [
              30.8520453,
              36.9604349
            ],
            [
              30.852093,
              36.9604173
            ],
            [
              30.8521333,
              36.9603907
            ],
            [
              30.8521636,
              36.9603566
            ],
            [
              30.8521818,
              36.9603173
            ],
            [
              30.8521875,
              36.9602686
            ],
            [
              30.8520983,
              36.9588832
            ],
            [
              30.8520653,
              36.9583471
            ],
            [
              30.8516971,
              36.9583612
            ]
          ]
        ]
      },
      "properties": {
        "id": "perge-relation-11916420",
        "siteKey": "perge",
        "siteName": "佩尔盖",
        "siteEnName": "Perge",
        "name": "体育场",
        "enName": "Stadium",
        "originalName": "Perge Stadium",
        "role": "theatre",
        "period": "秦汉",
        "periodLabel": "希腊化／罗马／晚期古代",
        "heritageId": "",
        "tentative": true,
        "sourceUrl": "https://www.openstreetmap.org/relation/11916420",
        "referenceUrl": "https://whc.unesco.org/en/tentativelists/5411/",
        "note": "公开遗迹矢量；部分对象包含现存或修复展示部分，不作考古实测界址。",
        "label": true
      }
    },
    {
      "type": "Feature",
      "geometry": {
        "type": "LineString",
        "coordinates": [
          [
            30.8514816,
            36.9653343
          ],
          [
            30.8515426,
            36.9653362
          ],
          [
            30.851554,
            36.9641116
          ],
          [
            30.8515312,
            36.9638416
          ],
          [
            30.851525,
            36.9625109
          ],
          [
            30.8515969,
            36.9625128
          ],
          [
            30.8520009,
            36.9622552
          ],
          [
            30.8519328,
            36.9621924
          ],
          [
            30.8519918,
            36.9621528
          ],
          [
            30.8520593,
            36.9622179
          ],
          [
            30.852227,
            36.962111
          ],
          [
            30.8523332,
            36.9618978
          ],
          [
            30.8527583,
            36.9617467
          ],
          [
            30.8528361,
            36.961393
          ],
          [
            30.8530238,
            36.9611112
          ]
        ]
      },
      "properties": {
        "id": "perge-way-321306701",
        "siteKey": "perge",
        "siteName": "佩尔盖",
        "siteEnName": "Perge",
        "name": "城墙遗迹",
        "enName": "City walls of Perge",
        "originalName": "City walls of Perge",
        "role": "wall",
        "period": "秦汉",
        "periodLabel": "希腊化／罗马／晚期古代",
        "heritageId": "",
        "tentative": true,
        "sourceUrl": "https://www.openstreetmap.org/way/321306701",
        "referenceUrl": "https://whc.unesco.org/en/tentativelists/5411/",
        "note": "保留原始分段墙线；开放线不闭合、不填充，不跨缺失地段补造古城墙。",
        "label": false
      }
    },
    {
      "type": "Feature",
      "geometry": {
        "type": "LineString",
        "coordinates": [
          [
            30.8531768,
            36.9600678
          ],
          [
            30.8531768,
            36.9601198
          ],
          [
            30.853807,
            36.9601068
          ]
        ]
      },
      "properties": {
        "id": "perge-way-553559776",
        "siteKey": "perge",
        "siteName": "佩尔盖",
        "siteEnName": "Perge",
        "name": "城墙遗迹",
        "enName": "City wall remains",
        "originalName": "",
        "role": "wall",
        "period": "秦汉",
        "periodLabel": "希腊化／罗马／晚期古代",
        "heritageId": "",
        "tentative": true,
        "sourceUrl": "https://www.openstreetmap.org/way/553559776",
        "referenceUrl": "https://whc.unesco.org/en/tentativelists/5411/",
        "note": "保留原始分段墙线；开放线不闭合、不填充，不跨缺失地段补造古城墙。",
        "label": false
      }
    },
    {
      "type": "Feature",
      "geometry": {
        "type": "Polygon",
        "coordinates": [
          [
            [
              31.1665082,
              36.9397954
            ],
            [
              31.1663545,
              36.939146
            ],
            [
              31.1663939,
              36.9384781
            ],
            [
              31.1670684,
              36.9376197
            ],
            [
              31.1681694,
              36.9374714
            ],
            [
              31.169395,
              36.9376023
            ],
            [
              31.1703716,
              36.9382205
            ],
            [
              31.1723326,
              36.9383845
            ],
            [
              31.1725472,
              36.9386761
            ],
            [
              31.1730622,
              36.939808
            ],
            [
              31.1727833,
              36.9399452
            ],
            [
              31.1722565,
              36.9409965
            ],
            [
              31.1722609,
              36.9430387
            ],
            [
              31.1691932,
              36.9436621
            ],
            [
              31.1688433,
              36.9433514
            ],
            [
              31.1687301,
              36.943317
            ],
            [
              31.1684747,
              36.9429102
            ],
            [
              31.1684305,
              36.9427781
            ],
            [
              31.1683427,
              36.9425754
            ],
            [
              31.1682231,
              36.9424989
            ],
            [
              31.168196,
              36.9423625
            ],
            [
              31.16771,
              36.9417663
            ],
            [
              31.1672202,
              36.9413481
            ],
            [
              31.167164,
              36.94126
            ],
            [
              31.1669443,
              36.9410729
            ],
            [
              31.1670689,
              36.9408568
            ],
            [
              31.1665082,
              36.9397954
            ]
          ]
        ]
      },
      "properties": {
        "id": "aspendos-way-131469472",
        "siteKey": "aspendos",
        "siteName": "阿斯潘多斯",
        "siteEnName": "Aspendos",
        "name": "古城遗址区（公开标绘）",
        "enName": "Aspendos",
        "originalName": "Aspendos",
        "role": "area",
        "period": "秦汉",
        "periodLabel": "希腊化／罗马",
        "heritageId": "",
        "tentative": true,
        "sourceUrl": "https://www.openstreetmap.org/way/131469472",
        "referenceUrl": "https://whc.unesco.org/en/tentativelists/6036/",
        "note": "公开遗址区或卫城范围，未必等于某一期完整古城墙或法定保护界址。",
        "label": true
      }
    },
    {
      "type": "Feature",
      "geometry": {
        "type": "Polygon",
        "coordinates": [
          [
            [
              31.1702749,
              36.94131
            ],
            [
              31.1704138,
              36.9413352
            ],
            [
              31.1704584,
              36.9411781
            ],
            [
              31.1703195,
              36.9411529
            ],
            [
              31.1702749,
              36.94131
            ]
          ]
        ]
      },
      "properties": {
        "id": "aspendos-way-137682339",
        "siteKey": "aspendos",
        "siteName": "阿斯潘多斯",
        "siteEnName": "Aspendos",
        "name": "卫城遗址区",
        "enName": "Akropolis Aspendos",
        "originalName": "Akropolis Aspendos",
        "role": "area",
        "period": "秦汉",
        "periodLabel": "希腊化／罗马",
        "heritageId": "",
        "tentative": true,
        "sourceUrl": "https://www.openstreetmap.org/way/137682339",
        "referenceUrl": "https://whc.unesco.org/en/tentativelists/6036/",
        "note": "公开遗址区或卫城范围，未必等于某一期完整古城墙或法定保护界址。",
        "label": true
      }
    },
    {
      "type": "Feature",
      "geometry": {
        "type": "Polygon",
        "coordinates": [
          [
            [
              31.1723848,
              36.9385287
            ],
            [
              31.1723337,
              36.9385275
            ],
            [
              31.1722827,
              36.93853
            ],
            [
              31.1722322,
              36.9385363
            ],
            [
              31.1721827,
              36.9385463
            ],
            [
              31.1721345,
              36.9385599
            ],
            [
              31.1720881,
              36.938577
            ],
            [
              31.1720439,
              36.9385975
            ],
            [
              31.1720022,
              36.9386211
            ],
            [
              31.1719634,
              36.9386477
            ],
            [
              31.1719279,
              36.9386771
            ],
            [
              31.1718959,
              36.9387089
            ],
            [
              31.1718677,
              36.938743
            ],
            [
              31.1718435,
              36.938779
            ],
            [
              31.1718237,
              36.9388166
            ],
            [
              31.1718082,
              36.9388556
            ],
            [
              31.1717973,
              36.9388955
            ],
            [
              31.1717911,
              36.938936
            ],
            [
              31.1717896,
              36.9389769
            ],
            [
              31.1717928,
              36.9390176
            ],
            [
              31.1718007,
              36.939058
            ],
            [
              31.1718132,
              36.9390976
            ],
            [
              31.1718302,
              36.9391361
            ],
            [
              31.1718516,
              36.9391732
            ],
            [
              31.1718772,
              36.9392086
            ],
            [
              31.1719068,
              36.9392419
            ],
            [
              31.1719401,
              36.9392729
            ],
            [
              31.1719768,
              36.9393013
            ],
            [
              31.1720166,
              36.9393268
            ],
            [
              31.1720593,
              36.9393494
            ],
            [
              31.1721043,
              36.9393687
            ],
            [
              31.1721514,
              36.9393846
            ],
            [
              31.1722001,
              36.9393969
            ],
            [
              31.1722501,
              36.9394056
            ],
            [
              31.1723008,
              36.9394106
            ],
            [
              31.1723519,
              36.9394118
            ],
            [
              31.1724029,
              36.9394092
            ],
            [
              31.1725419,
              36.9394074
            ],
            [
              31.1725387,
              36.9392518
            ],
            [
              31.1725983,
              36.939251
            ],
            [
              31.1725867,
              36.9386812
            ],
            [
              31.172527,
              36.938682
            ],
            [
              31.1725238,
              36.9385268
            ],
            [
              31.1723848,
              36.9385287
            ]
          ]
        ]
      },
      "properties": {
        "id": "aspendos-way-477089808",
        "siteKey": "aspendos",
        "siteName": "阿斯潘多斯",
        "siteEnName": "Aspendos",
        "name": "罗马剧场",
        "enName": "Theatre",
        "originalName": "Aspendos Amfi Tiyatrosu",
        "role": "theatre",
        "period": "秦汉",
        "periodLabel": "希腊化／罗马",
        "heritageId": "",
        "tentative": true,
        "sourceUrl": "https://www.openstreetmap.org/way/477089808",
        "referenceUrl": "https://whc.unesco.org/en/tentativelists/6036/",
        "note": "公开遗迹矢量；部分对象包含现存或修复展示部分，不作考古实测界址。",
        "label": true
      }
    },
    {
      "type": "Feature",
      "geometry": {
        "type": "Polygon",
        "coordinates": [
          [
            [
              31.1697145,
              36.9380117
            ],
            [
              31.1700327,
              36.9382064
            ],
            [
              31.1700474,
              36.938191
            ],
            [
              31.1697292,
              36.9379963
            ],
            [
              31.1697145,
              36.9380117
            ]
          ]
        ]
      },
      "properties": {
        "id": "aspendos-way-137974104",
        "siteKey": "aspendos",
        "siteName": "阿斯潘多斯",
        "siteEnName": "Aspendos",
        "name": "南城门",
        "enName": "South gate",
        "originalName": "Südtor",
        "role": "gate",
        "period": "秦汉",
        "periodLabel": "希腊化／罗马",
        "heritageId": "",
        "tentative": true,
        "sourceUrl": "https://www.openstreetmap.org/way/137974104",
        "referenceUrl": "https://whc.unesco.org/en/tentativelists/6036/",
        "note": "公开遗迹矢量；部分对象包含现存或修复展示部分，不作考古实测界址。",
        "label": true
      }
    },
    {
      "type": "Feature",
      "geometry": {
        "type": "Polygon",
        "coordinates": [
          [
            [
              31.1687603,
              36.9401557
            ],
            [
              31.1687805,
              36.9402098
            ],
            [
              31.1691236,
              36.9401276
            ],
            [
              31.1691033,
              36.9400736
            ],
            [
              31.1687603,
              36.9401557
            ]
          ]
        ]
      },
      "properties": {
        "id": "aspendos-way-137974606",
        "siteKey": "aspendos",
        "siteName": "阿斯潘多斯",
        "siteEnName": "Aspendos",
        "name": "纪念喷泉",
        "enName": "Nymphaeum",
        "originalName": "Nymphaeum",
        "role": "water",
        "period": "秦汉",
        "periodLabel": "希腊化／罗马",
        "heritageId": "",
        "tentative": true,
        "sourceUrl": "https://www.openstreetmap.org/way/137974606",
        "referenceUrl": "https://whc.unesco.org/en/tentativelists/6036/",
        "note": "公开遗迹矢量；部分对象包含现存或修复展示部分，不作考古实测界址。",
        "label": true
      }
    },
    {
      "type": "Feature",
      "geometry": {
        "type": "Polygon",
        "coordinates": [
          [
            [
              31.1693205,
              36.9403328
            ],
            [
              31.1696006,
              36.9402645
            ],
            [
              31.1696762,
              36.9404628
            ],
            [
              31.1693961,
              36.9405311
            ],
            [
              31.1693205,
              36.9403328
            ]
          ]
        ]
      },
      "properties": {
        "id": "aspendos-way-434858088",
        "siteKey": "aspendos",
        "siteName": "阿斯潘多斯",
        "siteEnName": "Aspendos",
        "name": "巴西利卡大厅",
        "enName": "Basilica",
        "originalName": "Bazilika",
        "role": "public",
        "period": "秦汉",
        "periodLabel": "希腊化／罗马",
        "heritageId": "",
        "tentative": true,
        "sourceUrl": "https://www.openstreetmap.org/way/434858088",
        "referenceUrl": "https://whc.unesco.org/en/tentativelists/6036/",
        "note": "公开遗迹矢量；部分对象包含现存或修复展示部分，不作考古实测界址。",
        "label": true
      }
    },
    {
      "type": "Feature",
      "geometry": {
        "type": "LineString",
        "coordinates": [
          [
            31.1689029,
            36.9404018
          ],
          [
            31.1689422,
            36.9403968
          ],
          [
            31.1689818,
            36.9404001
          ],
          [
            31.169019,
            36.9404114
          ],
          [
            31.1690513,
            36.9404301
          ],
          [
            31.1690764,
            36.9404548
          ],
          [
            31.1690927,
            36.9404838
          ],
          [
            31.169099,
            36.9405153
          ],
          [
            31.1690949,
            36.9405469
          ],
          [
            31.1690807,
            36.9405766
          ],
          [
            31.1690573,
            36.9406024
          ],
          [
            31.1690264,
            36.9406225
          ],
          [
            31.1689901,
            36.9406355
          ],
          [
            31.1688124,
            36.9406853
          ],
          [
            31.1687993,
            36.9406556
          ]
        ]
      },
      "properties": {
        "id": "aspendos-way-434858089",
        "siteKey": "aspendos",
        "siteName": "阿斯潘多斯",
        "siteEnName": "Aspendos",
        "name": "议事厅",
        "enName": "Bouleuterion",
        "originalName": "Bouleterion",
        "role": "public",
        "period": "秦汉",
        "periodLabel": "希腊化／罗马",
        "heritageId": "",
        "tentative": true,
        "sourceUrl": "https://www.openstreetmap.org/way/434858089",
        "referenceUrl": "https://whc.unesco.org/en/tentativelists/6036/",
        "note": "公开遗迹矢量；部分对象包含现存或修复展示部分，不作考古实测界址。",
        "label": true
      }
    },
    {
      "type": "Feature",
      "geometry": {
        "type": "Polygon",
        "coordinates": [
          [
            [
              31.1712236,
              36.9352563
            ],
            [
              31.1715392,
              36.9351881
            ],
            [
              31.1715076,
              36.9350945
            ],
            [
              31.171489,
              36.9350396
            ],
            [
              31.1714293,
              36.9348631
            ],
            [
              31.1711137,
              36.9349313
            ],
            [
              31.1711734,
              36.9351077
            ],
            [
              31.1712236,
              36.9352563
            ]
          ]
        ]
      },
      "properties": {
        "id": "aspendos-way-434858093",
        "siteKey": "aspendos",
        "siteName": "阿斯潘多斯",
        "siteEnName": "Aspendos",
        "name": "体育馆",
        "enName": "Gymnasium",
        "originalName": "Gymnasium",
        "role": "public",
        "period": "秦汉",
        "periodLabel": "希腊化／罗马",
        "heritageId": "",
        "tentative": true,
        "sourceUrl": "https://www.openstreetmap.org/way/434858093",
        "referenceUrl": "https://whc.unesco.org/en/tentativelists/6036/",
        "note": "公开遗迹矢量；部分对象包含现存或修复展示部分，不作考古实测界址。",
        "label": true
      }
    },
    {
      "type": "Feature",
      "geometry": {
        "type": "Polygon",
        "coordinates": [
          [
            [
              31.1682549,
              36.9399664
            ],
            [
              31.1683643,
              36.9399383
            ],
            [
              31.1683464,
              36.9398938
            ],
            [
              31.168237,
              36.9399219
            ],
            [
              31.1682549,
              36.9399664
            ]
          ]
        ]
      },
      "properties": {
        "id": "aspendos-way-434858094",
        "siteKey": "aspendos",
        "siteName": "阿斯潘多斯",
        "siteEnName": "Aspendos",
        "name": "市场遗址",
        "enName": "Pazar yeri",
        "originalName": "Pazar yeri",
        "role": "public",
        "period": "秦汉",
        "periodLabel": "希腊化／罗马",
        "heritageId": "",
        "tentative": true,
        "sourceUrl": "https://www.openstreetmap.org/way/434858094",
        "referenceUrl": "https://whc.unesco.org/en/tentativelists/6036/",
        "note": "公开遗迹矢量；部分对象包含现存或修复展示部分，不作考古实测界址。",
        "label": true
      }
    },
    {
      "type": "Feature",
      "geometry": {
        "type": "Polygon",
        "coordinates": [
          [
            [
              31.1716142,
              36.9427688
            ],
            [
              31.1716267,
              36.942829
            ],
            [
              31.1716584,
              36.9428846
            ],
            [
              31.1717069,
              36.9429318
            ],
            [
              31.171769,
              36.9429673
            ],
            [
              31.1718406,
              36.9429887
            ],
            [
              31.1719166,
              36.9429947
            ],
            [
              31.171992,
              36.9429847
            ],
            [
              31.1720616,
              36.9429594
            ],
            [
              31.1721206,
              36.9429206
            ],
            [
              31.172165,
              36.9428709
            ],
            [
              31.1721919,
              36.9428138
            ],
            [
              31.1721993,
              36.942753
            ],
            [
              31.1721308,
              36.9410462
            ],
            [
              31.1720467,
              36.9410483
            ],
            [
              31.1721152,
              36.9427551
            ],
            [
              31.1721099,
              36.9427984
            ],
            [
              31.1720909,
              36.9428391
            ],
            [
              31.1720593,
              36.9428744
            ],
            [
              31.1720173,
              36.942902
            ],
            [
              31.1719678,
              36.94292
            ],
            [
              31.1719142,
              36.9429272
            ],
            [
              31.1718601,
              36.942923
            ],
            [
              31.1718092,
              36.9429078
            ],
            [
              31.171765,
              36.9428825
            ],
            [
              31.1717304,
              36.942849
            ],
            [
              31.1717079,
              36.9428094
            ],
            [
              31.1716989,
              36.9427666
            ],
            [
              31.1716304,
              36.941059
            ],
            [
              31.1715457,
              36.9410612
            ],
            [
              31.1716142,
              36.9427688
            ]
          ]
        ]
      },
      "properties": {
        "id": "aspendos-way-434858095",
        "siteKey": "aspendos",
        "siteName": "阿斯潘多斯",
        "siteEnName": "Aspendos",
        "name": "体育场",
        "enName": "Stadium",
        "originalName": "Stadyum",
        "role": "theatre",
        "period": "秦汉",
        "periodLabel": "希腊化／罗马",
        "heritageId": "",
        "tentative": true,
        "sourceUrl": "https://www.openstreetmap.org/way/434858095",
        "referenceUrl": "https://whc.unesco.org/en/tentativelists/6036/",
        "note": "公开遗迹矢量；部分对象包含现存或修复展示部分，不作考古实测界址。",
        "label": true
      }
    },
    {
      "type": "Feature",
      "geometry": {
        "type": "Polygon",
        "coordinates": [
          [
            [
              31.1675884,
              36.9477617
            ],
            [
              31.1675308,
              36.9477597
            ],
            [
              31.16747,
              36.9488773
            ],
            [
              31.1675276,
              36.9488793
            ],
            [
              31.1675884,
              36.9477617
            ]
          ]
        ]
      },
      "properties": {
        "id": "aspendos-way-434858082",
        "siteKey": "aspendos",
        "siteName": "阿斯潘多斯",
        "siteEnName": "Aspendos",
        "name": "引水桥遗迹",
        "enName": "Aqueduct",
        "originalName": "Su kemeri",
        "role": "water",
        "period": "秦汉",
        "periodLabel": "希腊化／罗马",
        "heritageId": "",
        "tentative": true,
        "sourceUrl": "https://www.openstreetmap.org/way/434858082",
        "referenceUrl": "https://whc.unesco.org/en/tentativelists/6036/",
        "note": "公开遗迹矢量；部分对象包含现存或修复展示部分，不作考古实测界址。",
        "label": true
      }
    },
    {
      "type": "Feature",
      "geometry": {
        "type": "Polygon",
        "coordinates": [
          [
            [
              31.167447,
              36.9493005
            ],
            [
              31.1675046,
              36.9493025
            ],
            [
              31.1674487,
              36.9503298
            ],
            [
              31.1673911,
              36.9503278
            ],
            [
              31.167447,
              36.9493005
            ]
          ]
        ]
      },
      "properties": {
        "id": "aspendos-way-434858083",
        "siteKey": "aspendos",
        "siteName": "阿斯潘多斯",
        "siteEnName": "Aspendos",
        "name": "引水桥遗迹",
        "enName": "Aqueduct",
        "originalName": "Su kemeri",
        "role": "water",
        "period": "秦汉",
        "periodLabel": "希腊化／罗马",
        "heritageId": "",
        "tentative": true,
        "sourceUrl": "https://www.openstreetmap.org/way/434858083",
        "referenceUrl": "https://whc.unesco.org/en/tentativelists/6036/",
        "note": "公开遗迹矢量；部分对象包含现存或修复展示部分，不作考古实测界址。",
        "label": true
      }
    },
    {
      "type": "Feature",
      "geometry": {
        "type": "Polygon",
        "coordinates": [
          [
            [
              31.1676388,
              36.945775
            ],
            [
              31.1676964,
              36.945777
            ],
            [
              31.1676533,
              36.9465683
            ],
            [
              31.1675958,
              36.9465663
            ],
            [
              31.1676388,
              36.945775
            ]
          ]
        ]
      },
      "properties": {
        "id": "aspendos-way-434858084",
        "siteKey": "aspendos",
        "siteName": "阿斯潘多斯",
        "siteEnName": "Aspendos",
        "name": "引水桥遗迹",
        "enName": "Aqueduct",
        "originalName": "Su kemeri",
        "role": "water",
        "period": "秦汉",
        "periodLabel": "希腊化／罗马",
        "heritageId": "",
        "tentative": true,
        "sourceUrl": "https://www.openstreetmap.org/way/434858084",
        "referenceUrl": "https://whc.unesco.org/en/tentativelists/6036/",
        "note": "公开遗迹矢量；部分对象包含现存或修复展示部分，不作考古实测界址。",
        "label": true
      }
    },
    {
      "type": "Feature",
      "geometry": {
        "type": "Polygon",
        "coordinates": [
          [
            [
              31.1673898,
              36.9522113
            ],
            [
              31.1673322,
              36.9522125
            ],
            [
              31.1673398,
              36.9524586
            ],
            [
              31.1673502,
              36.9527535
            ],
            [
              31.1674592,
              36.9530828
            ],
            [
              31.1675149,
              36.9530711
            ],
            [
              31.1674076,
              36.9527469
            ],
            [
              31.1673988,
              36.9524779
            ],
            [
              31.1673898,
              36.9522113
            ]
          ]
        ]
      },
      "properties": {
        "id": "aspendos-way-434858085",
        "siteKey": "aspendos",
        "siteName": "阿斯潘多斯",
        "siteEnName": "Aspendos",
        "name": "引水桥遗迹",
        "enName": "Aqueduct",
        "originalName": "Su kemeri",
        "role": "water",
        "period": "秦汉",
        "periodLabel": "希腊化／罗马",
        "heritageId": "",
        "tentative": true,
        "sourceUrl": "https://www.openstreetmap.org/way/434858085",
        "referenceUrl": "https://whc.unesco.org/en/tentativelists/6036/",
        "note": "公开遗迹矢量；部分对象包含现存或修复展示部分，不作考古实测界址。",
        "label": true
      }
    },
    {
      "type": "Feature",
      "geometry": {
        "type": "Polygon",
        "coordinates": [
          [
            [
              31.1676626,
              36.9446546
            ],
            [
              31.1677202,
              36.9446566
            ],
            [
              31.1677483,
              36.944207
            ],
            [
              31.1677647,
              36.9441982
            ],
            [
              31.1688828,
              36.9435983
            ],
            [
              31.1688507,
              36.9435601
            ],
            [
              31.1677329,
              36.9441597
            ],
            [
              31.167692,
              36.9441817
            ],
            [
              31.1676626,
              36.9446546
            ]
          ]
        ]
      },
      "properties": {
        "id": "aspendos-way-434858086",
        "siteKey": "aspendos",
        "siteName": "阿斯潘多斯",
        "siteEnName": "Aspendos",
        "name": "引水桥遗迹",
        "enName": "Aqueduct",
        "originalName": "Su kemeri",
        "role": "water",
        "period": "秦汉",
        "periodLabel": "希腊化／罗马",
        "heritageId": "",
        "tentative": true,
        "sourceUrl": "https://www.openstreetmap.org/way/434858086",
        "referenceUrl": "https://whc.unesco.org/en/tentativelists/6036/",
        "note": "公开遗迹矢量；部分对象包含现存或修复展示部分，不作考古实测界址。",
        "label": true
      }
    },
    {
      "type": "Feature",
      "geometry": {
        "type": "Polygon",
        "coordinates": [
          [
            [
              23.7281514,
              37.9712572
            ],
            [
              23.7281633,
              37.9712159
            ],
            [
              23.7282077,
              37.9712238
            ],
            [
              23.7281957,
              37.9712653
            ],
            [
              23.7283362,
              37.9712908
            ],
            [
              23.7283367,
              37.9713078
            ],
            [
              23.7280249,
              37.9718314
            ],
            [
              23.728072,
              37.9718489
            ],
            [
              23.7280479,
              37.9718893
            ],
            [
              23.7280008,
              37.9718719
            ],
            [
              23.7279888,
              37.971892
            ],
            [
              23.727949,
              37.9718773
            ],
            [
              23.7279062,
              37.971904
            ],
            [
              23.7278216,
              37.9719102
            ],
            [
              23.7277107,
              37.9719308
            ],
            [
              23.727667,
              37.9719342
            ],
            [
              23.7275394,
              37.9720043
            ],
            [
              23.7274831,
              37.9720651
            ],
            [
              23.7273295,
              37.9720607
            ],
            [
              23.7272037,
              37.9720857
            ],
            [
              23.7270988,
              37.9721533
            ],
            [
              23.7270792,
              37.9721639
            ],
            [
              23.7270584,
              37.9721742
            ],
            [
              23.7270464,
              37.9721777
            ],
            [
              23.727034,
              37.97218
            ],
            [
              23.7270133,
              37.9721839
            ],
            [
              23.7269174,
              37.9722895
            ],
            [
              23.7266839,
              37.9722842
            ],
            [
              23.7264734,
              37.9722416
            ],
            [
              23.7263589,
              37.9723279
            ],
            [
              23.7261592,
              37.9723015
            ],
            [
              23.7261506,
              37.9723004
            ],
            [
              23.7261401,
              37.972299
            ],
            [
              23.7259245,
              37.9722706
            ],
            [
              23.7255913,
              37.9722589
            ],
            [
              23.7255748,
              37.9721837
            ],
            [
              23.7254737,
              37.9721409
            ],
            [
              23.7252869,
              37.972095
            ],
            [
              23.7252806,
              37.9720952
            ],
            [
              23.7252228,
              37.9720775
            ],
            [
              23.7251988,
              37.9721077
            ],
            [
              23.7251537,
              37.9720887
            ],
            [
              23.7251725,
              37.9720609
            ],
            [
              23.7251336,
              37.9720384
            ],
            [
              23.7249167,
              37.9719813
            ],
            [
              23.7249298,
              37.9719338
            ],
            [
              23.7248848,
              37.9719261
            ],
            [
              23.724888,
              37.9719145
            ],
            [
              23.7247167,
              37.9718925
            ],
            [
              23.7247435,
              37.9717854
            ],
            [
              23.7247251,
              37.9717824
            ],
            [
              23.7247285,
              37.9717697
            ],
            [
              23.7247122,
              37.9717661
            ],
            [
              23.7247086,
              37.9717796
            ],
            [
              23.7246947,
              37.9717773
            ],
            [
              23.7246985,
              37.971763
            ],
            [
              23.7246756,
              37.9717579
            ],
            [
              23.7246715,
              37.9717735
            ],
            [
              23.7246573,
              37.9717711
            ],
            [
              23.7246617,
              37.9717548
            ],
            [
              23.7246366,
              37.9717492
            ],
            [
              23.7246319,
              37.9717669
            ],
            [
              23.7245702,
              37.9717566
            ],
            [
              23.7245759,
              37.9717357
            ],
            [
              23.7245211,
              37.9717235
            ],
            [
              23.7245412,
              37.9716456
            ],
            [
              23.7246004,
              37.9716552
            ],
            [
              23.7246086,
              37.9716234
            ],
            [
              23.7246167,
              37.9715921
            ],
            [
              23.7245575,
              37.9715826
            ],
            [
              23.7245741,
              37.9715184
            ],
            [
              23.7246416,
              37.9715293
            ],
            [
              23.7248368,
              37.9715596
            ],
            [
              23.7248259,
              37.9714685
            ],
            [
              23.7249012,
              37.9714641
            ],
            [
              23.7250456,
              37.9714541
            ],
            [
              23.7250484,
              37.9714414
            ],
            [
              23.725086,
              37.9714433
            ],
            [
              23.7256411,
              37.9712914
            ],
            [
              23.7256426,
              37.9712947
            ],
            [
              23.7258385,
              37.971241
            ],
            [
              23.725837,
              37.9712376
            ],
            [
              23.7260033,
              37.9711931
            ],
            [
              23.7261869,
              37.9711457
            ],
            [
              23.7262551,
              37.9711323
            ],
            [
              23.726297,
              37.9711244
            ],
            [
              23.7262989,
              37.9711185
            ],
            [
              23.7264165,
              37.9710978
            ],
            [
              23.7265186,
              37.9710914
            ],
            [
              23.7265237,
              37.9710986
            ],
            [
              23.7266529,
              37.9711091
            ],
            [
              23.7266564,
              37.9710817
            ],
            [
              23.7268008,
              37.9710973
            ],
            [
              23.7267978,
              37.9711208
            ],
            [
              23.7269468,
              37.9711329
            ],
            [
              23.7269485,
              37.9711097
            ],
            [
              23.7270596,
              37.9711162
            ],
            [
              23.7270568,
              37.9711499
            ],
            [
              23.7271907,
              37.9711606
            ],
            [
              23.7271951,
              37.9711191
            ],
            [
              23.7272266,
              37.9711212
            ],
            [
              23.7272222,
              37.9711631
            ],
            [
              23.7272702,
              37.971167
            ],
            [
              23.7273513,
              37.9711754
            ],
            [
              23.7273555,
              37.9711493
            ],
            [
              23.727391,
              37.9711528
            ],
            [
              23.7273867,
              37.9711791
            ],
            [
              23.7274907,
              37.9711899
            ],
            [
              23.7274951,
              37.9711647
            ],
            [
              23.7275219,
              37.9711676
            ],
            [
              23.7275175,
              37.9711926
            ],
            [
              23.7275883,
              37.9712
            ],
            [
              23.7276064,
              37.9712018
            ],
            [
              23.7276066,
              37.9711752
            ],
            [
              23.7276292,
              37.9711753
            ],
            [
              23.7276291,
              37.9712041
            ],
            [
              23.7277137,
              37.9712127
            ],
            [
              23.7277169,
              37.9711905
            ],
            [
              23.7277392,
              37.9711925
            ],
            [
              23.727736,
              37.9712151
            ],
            [
              23.7278137,
              37.9712235
            ],
            [
              23.7278182,
              37.9711944
            ],
            [
              23.7278514,
              37.9711977
            ],
            [
              23.7278468,
              37.971227
            ],
            [
              23.7278827,
              37.9712309
            ],
            [
              23.7279183,
              37.9712345
            ],
            [
              23.7279238,
              37.9712
            ],
            [
              23.7279653,
              37.9712041
            ],
            [
              23.7279599,
              37.9712386
            ],
            [
              23.7280591,
              37.971247
            ],
            [
              23.7281305,
              37.9712534
            ],
            [
              23.7281514,
              37.9712572
            ]
          ]
        ]
      },
      "properties": {
        "id": "athens-relation-4423249",
        "siteKey": "athens",
        "siteName": "古雅典城与卫城",
        "siteEnName": "Ancient Athens and Acropolis",
        "name": "卫城遗址区",
        "enName": "Acropolis",
        "originalName": "Ακρόπολη",
        "role": "area",
        "period": "周",
        "periodLabel": "古典希腊／希腊化／罗马",
        "heritageId": "whc-404",
        "tentative": false,
        "sourceUrl": "https://www.openstreetmap.org/relation/4423249",
        "referenceUrl": "https://www.theacropolismuseum.gr/sites/default/files/inline-files/Museum%20trail_The%20Acropolis%20Monuments.pdf",
        "note": "公开遗址区或卫城范围，未必等于某一期完整古城墙或法定保护界址。",
        "label": true
      }
    },
    {
      "type": "Feature",
      "geometry": {
        "type": "Polygon",
        "coordinates": [
          [
            [
              23.7269774,
              37.9717249
            ],
            [
              23.7261712,
              37.9715783
            ],
            [
              23.7262579,
              37.9712818
            ],
            [
              23.7270641,
              37.9714284
            ],
            [
              23.7269774,
              37.9717249
            ]
          ]
        ]
      },
      "properties": {
        "id": "athens-way-910010406",
        "siteKey": "athens",
        "siteName": "古雅典城与卫城",
        "siteEnName": "Ancient Athens and Acropolis",
        "name": "帕特农神庙",
        "enName": "Parthenon",
        "originalName": "Παρθενών",
        "role": "temple",
        "period": "周",
        "periodLabel": "古典希腊／希腊化／罗马",
        "heritageId": "whc-404",
        "tentative": false,
        "sourceUrl": "https://www.openstreetmap.org/way/910010406",
        "referenceUrl": "https://www.theacropolismuseum.gr/sites/default/files/inline-files/Museum%20trail_The%20Acropolis%20Monuments.pdf",
        "note": "公开遗迹矢量；部分对象包含现存或修复展示部分，不作考古实测界址。",
        "label": true
      }
    },
    {
      "type": "Feature",
      "geometry": {
        "type": "Polygon",
        "coordinates": [
          [
            [
              23.7266079,
              37.9721508
            ],
            [
              23.7266119,
              37.9721518
            ],
            [
              23.7266114,
              37.9721573
            ],
            [
              23.7265671,
              37.9721547
            ],
            [
              23.7265665,
              37.972161
            ],
            [
              23.7264812,
              37.9721561
            ],
            [
              23.7264727,
              37.9721515
            ],
            [
              23.7264729,
              37.9721498
            ],
            [
              23.7264389,
              37.9721479
            ],
            [
              23.7264352,
              37.9721881
            ],
            [
              23.7264393,
              37.9721912
            ],
            [
              23.7264375,
              37.9722104
            ],
            [
              23.7262905,
              37.9722019
            ],
            [
              23.7262985,
              37.9721163
            ],
            [
              23.7263409,
              37.9721187
            ],
            [
              23.7263443,
              37.9720826
            ],
            [
              23.7263476,
              37.9720828
            ],
            [
              23.7263534,
              37.9720207
            ],
            [
              23.7263536,
              37.9720184
            ],
            [
              23.7263508,
              37.9720182
            ],
            [
              23.7263532,
              37.9719919
            ],
            [
              23.7264249,
              37.9719961
            ],
            [
              23.7264252,
              37.9719925
            ],
            [
              23.7264271,
              37.9719926
            ],
            [
              23.7264316,
              37.9719933
            ],
            [
              23.7264332,
              37.9719962
            ],
            [
              23.7264317,
              37.9720065
            ],
            [
              23.7264298,
              37.9720078
            ],
            [
              23.7264278,
              37.9720288
            ],
            [
              23.7266183,
              37.9720399
            ],
            [
              23.7266079,
              37.9721508
            ]
          ]
        ]
      },
      "properties": {
        "id": "athens-way-910010334",
        "siteKey": "athens",
        "siteName": "古雅典城与卫城",
        "siteEnName": "Ancient Athens and Acropolis",
        "name": "厄瑞克忒翁神庙",
        "enName": "Erechtheum",
        "originalName": "Ερέχθειο",
        "role": "temple",
        "period": "周",
        "periodLabel": "古典希腊／希腊化／罗马",
        "heritageId": "whc-404",
        "tentative": false,
        "sourceUrl": "https://www.openstreetmap.org/way/910010334",
        "referenceUrl": "https://www.theacropolismuseum.gr/sites/default/files/inline-files/Museum%20trail_The%20Acropolis%20Monuments.pdf",
        "note": "公开遗迹矢量；部分对象包含现存或修复展示部分，不作考古实测界址。",
        "label": true
      }
    },
    {
      "type": "Feature",
      "geometry": {
        "type": "Polygon",
        "coordinates": [
          [
            [
              23.724939,
              37.9715514
            ],
            [
              23.7249336,
              37.9715008
            ],
            [
              23.7248373,
              37.9715072
            ],
            [
              23.7248427,
              37.9715578
            ],
            [
              23.7248585,
              37.9715568
            ],
            [
              23.724939,
              37.9715514
            ]
          ],
          [
            [
              23.7249109,
              37.9715462
            ],
            [
              23.724907,
              37.9715097
            ],
            [
              23.7248648,
              37.9715125
            ],
            [
              23.7248687,
              37.971549
            ],
            [
              23.7249109,
              37.9715462
            ]
          ]
        ]
      },
      "properties": {
        "id": "athens-relation-12352554",
        "siteKey": "athens",
        "siteName": "古雅典城与卫城",
        "siteEnName": "Ancient Athens and Acropolis",
        "name": "雅典娜胜利女神神庙",
        "enName": "Athena Nike Temple",
        "originalName": "Ναός Αθηνάς Νίκης",
        "role": "temple",
        "period": "周",
        "periodLabel": "古典希腊／希腊化／罗马",
        "heritageId": "whc-404",
        "tentative": false,
        "sourceUrl": "https://www.openstreetmap.org/relation/12352554",
        "referenceUrl": "https://www.theacropolismuseum.gr/sites/default/files/inline-files/Museum%20trail_The%20Acropolis%20Monuments.pdf",
        "note": "公开遗迹矢量；部分对象包含现存或修复展示部分，不作考古实测界址。",
        "label": true
      }
    },
    {
      "type": "Feature",
      "geometry": {
        "type": "MultiPolygon",
        "coordinates": [
          [
            [
              [
                23.7250232,
                37.9717477
              ],
              [
                23.725021,
                37.9717487
              ],
              [
                23.7250193,
                37.9717502
              ],
              [
                23.7250183,
                37.9717521
              ],
              [
                23.725018,
                37.9717541
              ],
              [
                23.7250186,
                37.9717561
              ],
              [
                23.7250199,
                37.9717578
              ],
              [
                23.7250218,
                37.9717592
              ],
              [
                23.7250241,
                37.97176
              ],
              [
                23.7250267,
                37.9717602
              ],
              [
                23.7250292,
                37.9717598
              ],
              [
                23.7250315,
                37.9717587
              ],
              [
                23.7250332,
                37.9717572
              ],
              [
                23.7250342,
                37.9717554
              ],
              [
                23.7250345,
                37.9717533
              ],
              [
                23.7250339,
                37.9717514
              ],
              [
                23.7250326,
                37.9717496
              ],
              [
                23.7250307,
                37.9717482
              ],
              [
                23.7250283,
                37.9717474
              ],
              [
                23.7250258,
                37.9717472
              ],
              [
                23.7250232,
                37.9717477
              ]
            ]
          ],
          [
            [
              [
                23.7251062,
                37.971613
              ],
              [
                23.7250586,
                37.9716047
              ],
              [
                23.7250571,
                37.97161
              ],
              [
                23.725055,
                37.9716176
              ],
              [
                23.7252242,
                37.9716472
              ],
              [
                23.7252088,
                37.9717019
              ],
              [
                23.7251804,
                37.971697
              ],
              [
                23.7251814,
                37.9716935
              ],
              [
                23.7251693,
                37.9716913
              ],
              [
                23.7251683,
                37.9716949
              ],
              [
                23.7251636,
                37.971694
              ],
              [
                23.7251619,
                37.9717001
              ],
              [
                23.7251666,
                37.9717009
              ],
              [
                23.7251636,
                37.9717113
              ],
              [
                23.7251615,
                37.9717191
              ],
              [
                23.7251593,
                37.9717269
              ],
              [
                23.7251393,
                37.971798
              ],
              [
                23.7250105,
                37.9717757
              ],
              [
                23.7250084,
                37.9717832
              ],
              [
                23.7250069,
                37.9717886
              ],
              [
                23.7250553,
                37.9717971
              ],
              [
                23.7250515,
                37.9718109
              ],
              [
                23.7249875,
                37.9717997
              ],
              [
                23.7249228,
                37.9717886
              ],
              [
                23.7248905,
                37.9719055
              ],
              [
                23.724888,
                37.9719145
              ],
              [
                23.7248848,
                37.9719261
              ],
              [
                23.7249298,
                37.9719338
              ],
              [
                23.7249362,
                37.9719349
              ],
              [
                23.7250228,
                37.9719497
              ],
              [
                23.7250661,
                37.9717933
              ],
              [
                23.7251446,
                37.971807
              ],
              [
                23.7251435,
                37.9718106
              ],
              [
                23.7252013,
                37.9718207
              ],
              [
                23.7251992,
                37.971828
              ],
              [
                23.7252245,
                37.9718325
              ],
              [
                23.725224,
                37.9718344
              ],
              [
                23.7252756,
                37.9718434
              ],
              [
                23.7253014,
                37.9717518
              ],
              [
                23.7253036,
                37.971744
              ],
              [
                23.7253051,
                37.9717387
              ],
              [
                23.7252981,
                37.9717375
              ],
              [
                23.7252988,
                37.9717349
              ],
              [
                23.7253209,
                37.9716561
              ],
              [
                23.7253224,
                37.9716508
              ],
              [
                23.7252226,
                37.9716333
              ],
              [
                23.7252211,
                37.9716387
              ],
              [
                23.7251139,
                37.97162
              ],
              [
                23.7251361,
                37.9715396
              ],
              [
                23.7250259,
                37.9715204
              ],
              [
                23.7250087,
                37.9715814
              ],
              [
                23.7250473,
                37.9715882
              ],
              [
                23.72511,
                37.9715991
              ],
              [
                23.7251062,
                37.971613
              ]
            ],
            [
              [
                23.7252269,
                37.9717001
              ],
              [
                23.725241,
                37.9716501
              ],
              [
                23.7253102,
                37.9716622
              ],
              [
                23.7253057,
                37.971678
              ],
              [
                23.7252961,
                37.9716763
              ],
              [
                23.7252865,
                37.9717105
              ],
              [
                23.7252269,
                37.9717001
              ]
            ],
            [
              [
                23.7252224,
                37.9717162
              ],
              [
                23.7252819,
                37.9717266
              ],
              [
                23.7252837,
                37.9717203
              ],
              [
                23.7252242,
                37.9717099
              ],
              [
                23.7252224,
                37.9717162
              ]
            ],
            [
              [
                23.7252178,
                37.9717323
              ],
              [
                23.7252773,
                37.9717427
              ],
              [
                23.7252782,
                37.9717395
              ],
              [
                23.7252791,
                37.9717363
              ],
              [
                23.7252196,
                37.9717259
              ],
              [
                23.7252187,
                37.9717291
              ],
              [
                23.7252178,
                37.9717323
              ]
            ],
            [
              [
                23.7252133,
                37.9717484
              ],
              [
                23.7252729,
                37.9717588
              ],
              [
                23.7252746,
                37.9717524
              ],
              [
                23.7252151,
                37.971742
              ],
              [
                23.7252133,
                37.9717484
              ]
            ],
            [
              [
                23.7252461,
                37.971771
              ],
              [
                23.7252684,
                37.9717749
              ],
              [
                23.7252702,
                37.9717685
              ],
              [
                23.725246,
                37.9717643
              ],
              [
                23.7252461,
                37.971771
              ]
            ],
            [
              [
                23.7250311,
                37.9715294
              ],
              [
                23.7251248,
                37.9715457
              ],
              [
                23.7251125,
                37.9715901
              ],
              [
                23.7250187,
                37.9715737
              ],
              [
                23.7250311,
                37.9715294
              ]
            ],
            [
              [
                23.7250156,
                37.9719409
              ],
              [
                23.7250372,
                37.9718627
              ],
              [
                23.7249177,
                37.9718422
              ],
              [
                23.7248961,
                37.9719204
              ],
              [
                23.7250156,
                37.9719409
              ]
            ],
            [
              [
                23.7249294,
                37.9717999
              ],
              [
                23.7249198,
                37.9718346
              ],
              [
                23.7250393,
                37.9718551
              ],
              [
                23.7250489,
                37.9718204
              ],
              [
                23.7249294,
                37.9717999
              ]
            ]
          ],
          [
            [
              [
                23.7250897,
                37.9716785
              ],
              [
                23.7250883,
                37.9716791
              ],
              [
                23.7250871,
                37.9716801
              ],
              [
                23.7250865,
                37.9716814
              ],
              [
                23.7250863,
                37.9716827
              ],
              [
                23.7250866,
                37.971684
              ],
              [
                23.7250875,
                37.9716852
              ],
              [
                23.7250888,
                37.9716861
              ],
              [
                23.7250903,
                37.9716866
              ],
              [
                23.725092,
                37.9716868
              ],
              [
                23.7250937,
                37.9716865
              ],
              [
                23.7250952,
                37.9716858
              ],
              [
                23.7250963,
                37.9716848
              ],
              [
                23.725097,
                37.9716836
              ],
              [
                23.7250972,
                37.9716822
              ],
              [
                23.7250968,
                37.9716809
              ],
              [
                23.7250959,
                37.9716798
              ],
              [
                23.7250947,
                37.9716789
              ],
              [
                23.7250931,
                37.9716783
              ],
              [
                23.7250914,
                37.9716782
              ],
              [
                23.7250897,
                37.9716785
              ]
            ]
          ],
          [
            [
              [
                23.7251307,
                37.9716857
              ],
              [
                23.7251292,
                37.9716863
              ],
              [
                23.7251281,
                37.9716873
              ],
              [
                23.7251274,
                37.9716886
              ],
              [
                23.7251273,
                37.9716899
              ],
              [
                23.7251276,
                37.9716912
              ],
              [
                23.7251285,
                37.9716924
              ],
              [
                23.7251298,
                37.9716933
              ],
              [
                23.7251313,
                37.9716938
              ],
              [
                23.725133,
                37.9716939
              ],
              [
                23.7251347,
                37.9716937
              ],
              [
                23.7251361,
                37.971693
              ],
              [
                23.7251373,
                37.971692
              ],
              [
                23.725138,
                37.9716908
              ],
              [
                23.7251381,
                37.9716894
              ],
              [
                23.7251378,
                37.9716881
              ],
              [
                23.7251369,
                37.9716869
              ],
              [
                23.7251356,
                37.9716861
              ],
              [
                23.7251341,
                37.9716855
              ],
              [
                23.7251324,
                37.9716854
              ],
              [
                23.7251307,
                37.9716857
              ]
            ]
          ],
          [
            [
              [
                23.7251173,
                37.9717323
              ],
              [
                23.7251158,
                37.9717329
              ],
              [
                23.7251147,
                37.9717339
              ],
              [
                23.725114,
                37.9717352
              ],
              [
                23.7251138,
                37.9717365
              ],
              [
                23.7251142,
                37.9717378
              ],
              [
                23.725115,
                37.971739
              ],
              [
                23.7251163,
                37.9717399
              ],
              [
                23.7251179,
                37.9717404
              ],
              [
                23.7251196,
                37.9717405
              ],
              [
                23.7251212,
                37.9717403
              ],
              [
                23.7251227,
                37.9717396
              ],
              [
                23.7251238,
                37.9717386
              ],
              [
                23.7251245,
                37.9717374
              ],
              [
                23.7251247,
                37.971736
              ],
              [
                23.7251243,
                37.9717347
              ],
              [
                23.7251235,
                37.9717335
              ],
              [
                23.7251222,
                37.9717327
              ],
              [
                23.7251207,
                37.9717321
              ],
              [
                23.725119,
                37.971732
              ],
              [
                23.7251173,
                37.9717323
              ]
            ]
          ],
          [
            [
              [
                23.7250763,
                37.9717251
              ],
              [
                23.7250748,
                37.9717257
              ],
              [
                23.7250737,
                37.9717267
              ],
              [
                23.725073,
                37.971728
              ],
              [
                23.7250728,
                37.9717293
              ],
              [
                23.7250732,
                37.9717306
              ],
              [
                23.7250741,
                37.9717318
              ],
              [
                23.7250753,
                37.9717327
              ],
              [
                23.7250769,
                37.9717332
              ],
              [
                23.7250786,
                37.9717334
              ],
              [
                23.7250803,
                37.9717331
              ],
              [
                23.7250817,
                37.9717324
              ],
              [
                23.7250829,
                37.9717314
              ],
              [
                23.7250836,
                37.9717302
              ],
              [
                23.7250837,
                37.9717288
              ],
              [
                23.7250834,
                37.9717275
              ],
              [
                23.7250825,
                37.9717264
              ],
              [
                23.7250812,
                37.9717255
              ],
              [
                23.7250797,
                37.9717249
              ],
              [
                23.725078,
                37.9717248
              ],
              [
                23.7250763,
                37.9717251
              ]
            ]
          ],
          [
            [
              [
                23.7250315,
                37.9717176
              ],
              [
                23.7250292,
                37.9717186
              ],
              [
                23.7250275,
                37.9717202
              ],
              [
                23.7250265,
                37.971722
              ],
              [
                23.7250262,
                37.971724
              ],
              [
                23.7250268,
                37.971726
              ],
              [
                23.7250281,
                37.9717278
              ],
              [
                23.72503,
                37.9717291
              ],
              [
                23.7250324,
                37.97173
              ],
              [
                23.7250349,
                37.9717302
              ],
              [
                23.7250374,
                37.9717297
              ],
              [
                23.7250397,
                37.9717287
              ],
              [
                23.7250414,
                37.9717272
              ],
              [
                23.7250424,
                37.9717253
              ],
              [
                23.7250427,
                37.9717233
              ],
              [
                23.7250421,
                37.9717213
              ],
              [
                23.7250408,
                37.9717196
              ],
              [
                23.7250389,
                37.9717182
              ],
              [
                23.7250366,
                37.9717174
              ],
              [
                23.725034,
                37.9717172
              ],
              [
                23.7250315,
                37.9717176
              ]
            ]
          ],
          [
            [
              [
                23.7250458,
                37.9716665
              ],
              [
                23.7250436,
                37.9716675
              ],
              [
                23.7250418,
                37.971669
              ],
              [
                23.7250408,
                37.9716709
              ],
              [
                23.7250406,
                37.9716729
              ],
              [
                23.7250411,
                37.9716749
              ],
              [
                23.7250424,
                37.9716767
              ],
              [
                23.7250443,
                37.971678
              ],
              [
                23.7250467,
                37.9716788
              ],
              [
                23.7250493,
                37.971679
              ],
              [
                23.7250518,
                37.9716786
              ],
              [
                23.725054,
                37.9716776
              ],
              [
                23.7250557,
                37.9716761
              ],
              [
                23.7250568,
                37.9716742
              ],
              [
                23.725057,
                37.9716722
              ],
              [
                23.7250565,
                37.9716702
              ],
              [
                23.7250552,
                37.9716684
              ],
              [
                23.7250532,
                37.9716671
              ],
              [
                23.7250509,
                37.9716663
              ],
              [
                23.7250483,
                37.9716661
              ],
              [
                23.7250458,
                37.9716665
              ]
            ]
          ],
          [
            [
              [
                23.7250543,
                37.9716367
              ],
              [
                23.7250521,
                37.9716377
              ],
              [
                23.7250504,
                37.9716392
              ],
              [
                23.7250493,
                37.9716411
              ],
              [
                23.7250491,
                37.9716431
              ],
              [
                23.7250496,
                37.9716451
              ],
              [
                23.7250509,
                37.9716468
              ],
              [
                23.7250528,
                37.9716482
              ],
              [
                23.7250552,
                37.971649
              ],
              [
                23.7250578,
                37.9716492
              ],
              [
                23.7250603,
                37.9716488
              ],
              [
                23.7250625,
                37.9716477
              ],
              [
                23.7250642,
                37.9716462
              ],
              [
                23.7250653,
                37.9716444
              ],
              [
                23.7250655,
                37.9716423
              ],
              [
                23.725065,
                37.9716404
              ],
              [
                23.7250637,
                37.9716386
              ],
              [
                23.7250617,
                37.9716372
              ],
              [
                23.7250594,
                37.9716364
              ],
              [
                23.7250568,
                37.9716362
              ],
              [
                23.7250543,
                37.9716367
              ]
            ]
          ]
        ]
      },
      "properties": {
        "id": "athens-relation-12352555",
        "siteKey": "athens",
        "siteName": "古雅典城与卫城",
        "siteEnName": "Ancient Athens and Acropolis",
        "name": "卫城山门",
        "enName": "Propylaea",
        "originalName": "Προπύλαια",
        "role": "gate",
        "period": "周",
        "periodLabel": "古典希腊／希腊化／罗马",
        "heritageId": "whc-404",
        "tentative": false,
        "sourceUrl": "https://www.openstreetmap.org/relation/12352555",
        "referenceUrl": "https://www.theacropolismuseum.gr/sites/default/files/inline-files/Museum%20trail_The%20Acropolis%20Monuments.pdf",
        "note": "公开遗迹矢量；部分对象包含现存或修复展示部分，不作考古实测界址。",
        "label": true
      }
    },
    {
      "type": "Feature",
      "geometry": {
        "type": "Polygon",
        "coordinates": [
          [
            [
              23.7261359,
              37.9719533
            ],
            [
              23.7261594,
              37.971833
            ],
            [
              23.7265456,
              37.9718798
            ],
            [
              23.7265222,
              37.972
            ],
            [
              23.7261359,
              37.9719533
            ]
          ],
          [
            [
              23.7265112,
              37.9718884
            ],
            [
              23.7265273,
              37.9718904
            ],
            [
              23.7265087,
              37.9719856
            ],
            [
              23.7264927,
              37.9719837
            ],
            [
              23.7265112,
              37.9718884
            ]
          ],
          [
            [
              23.7264954,
              37.9718865
            ],
            [
              23.7264921,
              37.9719034
            ],
            [
              23.7263736,
              37.971889
            ],
            [
              23.7263769,
              37.9718721
            ],
            [
              23.7264954,
              37.9718865
            ]
          ],
          [
            [
              23.7263616,
              37.9719505
            ],
            [
              23.7263583,
              37.9719674
            ],
            [
              23.7264768,
              37.9719818
            ],
            [
              23.7264801,
              37.9719649
            ],
            [
              23.7263616,
              37.9719505
            ]
          ],
          [
            [
              23.7263635,
              37.9719409
            ],
            [
              23.726482,
              37.9719552
            ],
            [
              23.7264902,
              37.971913
            ],
            [
              23.7263717,
              37.9718987
            ],
            [
              23.7263635,
              37.9719409
            ]
          ],
          [
            [
              23.7263494,
              37.9719297
            ],
            [
              23.7263424,
              37.9719655
            ],
            [
              23.7262712,
              37.9719569
            ],
            [
              23.7262782,
              37.9719211
            ],
            [
              23.7263494,
              37.9719297
            ]
          ],
          [
            [
              23.7262898,
              37.9718616
            ],
            [
              23.726361,
              37.9718702
            ],
            [
              23.7263521,
              37.9719157
            ],
            [
              23.7262809,
              37.9719071
            ],
            [
              23.7262898,
              37.9718616
            ]
          ],
          [
            [
              23.7261719,
              37.9719448
            ],
            [
              23.7261542,
              37.9719427
            ],
            [
              23.7261728,
              37.9718474
            ],
            [
              23.7262739,
              37.9718597
            ],
            [
              23.7262554,
              37.9719549
            ],
            [
              23.7261878,
              37.9719468
            ],
            [
              23.7262046,
              37.9718604
            ],
            [
              23.7261888,
              37.9718585
            ],
            [
              23.7261719,
              37.9719448
            ]
          ]
        ]
      },
      "properties": {
        "id": "athens-relation-12352551",
        "siteKey": "athens",
        "siteName": "古雅典城与卫城",
        "siteEnName": "Ancient Athens and Acropolis",
        "name": "旧帕特农神庙基址",
        "enName": "Old Parthenon",
        "originalName": "Αρχαϊκός Παρθενών",
        "role": "temple",
        "period": "周",
        "periodLabel": "古典希腊／希腊化／罗马",
        "heritageId": "whc-404",
        "tentative": false,
        "sourceUrl": "https://www.openstreetmap.org/relation/12352551",
        "referenceUrl": "https://www.theacropolismuseum.gr/sites/default/files/inline-files/Museum%20trail_The%20Acropolis%20Monuments.pdf",
        "note": "公开遗迹矢量；部分对象包含现存或修复展示部分，不作考古实测界址。",
        "label": true
      }
    },
    {
      "type": "Feature",
      "geometry": {
        "type": "Polygon",
        "coordinates": [
          [
            [
              23.7283623,
              37.9703623
            ],
            [
              23.7281938,
              37.9703527
            ],
            [
              23.7280896,
              37.9703468
            ],
            [
              23.7280977,
              37.9703275
            ],
            [
              23.7281026,
              37.9703157
            ],
            [
              23.7281051,
              37.9703058
            ],
            [
              23.728134,
              37.9702294
            ],
            [
              23.7276311,
              37.9700939
            ],
            [
              23.7275996,
              37.9701705
            ],
            [
              23.7275839,
              37.9702084
            ],
            [
              23.7273921,
              37.9701448
            ],
            [
              23.7273292,
              37.9702516
            ],
            [
              23.7271809,
              37.9703824
            ],
            [
              23.7270794,
              37.9705196
            ],
            [
              23.7270681,
              37.9706276
            ],
            [
              23.7270923,
              37.9707826
            ],
            [
              23.7271293,
              37.9708602
            ],
            [
              23.7272035,
              37.9709364
            ],
            [
              23.7273389,
              37.9710012
            ],
            [
              23.7274493,
              37.9710325
            ],
            [
              23.7275226,
              37.9710533
            ],
            [
              23.7277241,
              37.9710812
            ],
            [
              23.7278562,
              37.97108
            ],
            [
              23.7279674,
              37.9710596
            ],
            [
              23.7280828,
              37.9710005
            ],
            [
              23.7281646,
              37.970898
            ],
            [
              23.728294,
              37.9707143
            ],
            [
              23.7281481,
              37.9706384
            ],
            [
              23.7282154,
              37.9705443
            ],
            [
              23.7283103,
              37.9704382
            ],
            [
              23.7283623,
              37.9703623
            ]
          ]
        ]
      },
      "properties": {
        "id": "athens-way-10973697",
        "siteKey": "athens",
        "siteName": "古雅典城与卫城",
        "siteEnName": "Ancient Athens and Acropolis",
        "name": "狄俄尼索斯剧场",
        "enName": "Theatre of Dionysus",
        "originalName": "Θέατρο του Διονύσου",
        "role": "theatre",
        "period": "周",
        "periodLabel": "古典希腊／希腊化／罗马",
        "heritageId": "whc-404",
        "tentative": false,
        "sourceUrl": "https://www.openstreetmap.org/way/10973697",
        "referenceUrl": "https://www.theacropolismuseum.gr/sites/default/files/inline-files/Museum%20trail_The%20Acropolis%20Monuments.pdf",
        "note": "公开遗迹矢量；部分对象包含现存或修复展示部分，不作考古实测界址。",
        "label": true
      }
    },
    {
      "type": "Feature",
      "geometry": {
        "type": "Polygon",
        "coordinates": [
          [
            [
              23.7240877,
              37.9707612
            ],
            [
              23.7240903,
              37.9707755
            ],
            [
              23.7240933,
              37.9707922
            ],
            [
              23.7241023,
              37.9708227
            ],
            [
              23.7241146,
              37.9708524
            ],
            [
              23.7241301,
              37.9708812
            ],
            [
              23.7241487,
              37.9709089
            ],
            [
              23.7241702,
              37.9709352
            ],
            [
              23.7241945,
              37.9709599
            ],
            [
              23.7242214,
              37.9709829
            ],
            [
              23.7242507,
              37.971004
            ],
            [
              23.7242822,
              37.971023
            ],
            [
              23.7243157,
              37.9710398
            ],
            [
              23.7243508,
              37.9710543
            ],
            [
              23.7243875,
              37.9710664
            ],
            [
              23.7244253,
              37.9710759
            ],
            [
              23.724464,
              37.9710828
            ],
            [
              23.7245033,
              37.9710871
            ],
            [
              23.7245429,
              37.9710887
            ],
            [
              23.7245826,
              37.9710876
            ],
            [
              23.724622,
              37.9710838
            ],
            [
              23.7246608,
              37.9710774
            ],
            [
              23.7246988,
              37.9710684
            ],
            [
              23.7247357,
              37.9710568
            ],
            [
              23.7247712,
              37.9710427
            ],
            [
              23.724805,
              37.9710264
            ],
            [
              23.7248369,
              37.9710077
            ],
            [
              23.7248666,
              37.970987
            ],
            [
              23.724894,
              37.9709644
            ],
            [
              23.7249188,
              37.97094
            ],
            [
              23.7249408,
              37.9709139
            ],
            [
              23.72496,
              37.9708865
            ],
            [
              23.724976,
              37.9708579
            ],
            [
              23.7249889,
              37.9708283
            ],
            [
              23.7249985,
              37.970798
            ],
            [
              23.7250048,
              37.9707671
            ],
            [
              23.7250077,
              37.9707359
            ],
            [
              23.7250072,
              37.9707046
            ],
            [
              23.7250032,
              37.9706735
            ],
            [
              23.7249965,
              37.9706299
            ],
            [
              23.7249779,
              37.9706317
            ],
            [
              23.724971,
              37.9705871
            ],
            [
              23.7249647,
              37.9705465
            ],
            [
              23.7247737,
              37.9705648
            ],
            [
              23.7242782,
              37.9706123
            ],
            [
              23.7240864,
              37.9706307
            ],
            [
              23.7240922,
              37.9706684
            ],
            [
              23.7240996,
              37.9707159
            ],
            [
              23.724081,
              37.9707177
            ],
            [
              23.7240877,
              37.9707612
            ]
          ],
          [
            [
              23.7246605,
              37.9707156
            ],
            [
              23.7247576,
              37.9707063
            ],
            [
              23.7247554,
              37.9706919
            ],
            [
              23.724742,
              37.9706053
            ],
            [
              23.7243205,
              37.9706457
            ],
            [
              23.7243346,
              37.9707322
            ],
            [
              23.7243369,
              37.9707466
            ],
            [
              23.7244333,
              37.9707374
            ],
            [
              23.7244341,
              37.9707418
            ],
            [
              23.7244363,
              37.9707493
            ],
            [
              23.7244393,
              37.9707567
            ],
            [
              23.7244432,
              37.9707639
            ],
            [
              23.7244478,
              37.9707708
            ],
            [
              23.7244531,
              37.9707773
            ],
            [
              23.7244592,
              37.9707834
            ],
            [
              23.7244659,
              37.9707891
            ],
            [
              23.7244731,
              37.9707944
            ],
            [
              23.724481,
              37.9707991
            ],
            [
              23.7244893,
              37.9708033
            ],
            [
              23.724498,
              37.9708069
            ],
            [
              23.7245071,
              37.9708099
            ],
            [
              23.7245165,
              37.9708122
            ],
            [
              23.7245261,
              37.970814
            ],
            [
              23.7245359,
              37.970815
            ],
            [
              23.7245457,
              37.9708154
            ],
            [
              23.7245556,
              37.9708152
            ],
            [
              23.7245654,
              37.9708142
            ],
            [
              23.724575,
              37.9708126
            ],
            [
              23.7245845,
              37.9708104
            ],
            [
              23.7245936,
              37.9708075
            ],
            [
              23.7246024,
              37.970804
            ],
            [
              23.7246108,
              37.9707999
            ],
            [
              23.7246187,
              37.9707953
            ],
            [
              23.7246261,
              37.9707902
            ],
            [
              23.7246329,
              37.9707845
            ],
            [
              23.7246391,
              37.9707785
            ],
            [
              23.7246446,
              37.970772
            ],
            [
              23.7246493,
              37.9707652
            ],
            [
              23.7246533,
              37.9707581
            ],
            [
              23.7246565,
              37.9707508
            ],
            [
              23.7246589,
              37.9707432
            ],
            [
              23.7246605,
              37.9707355
            ],
            [
              23.7246612,
              37.9707278
            ],
            [
              23.7246611,
              37.97072
            ],
            [
              23.7246605,
              37.9707156
            ]
          ]
        ]
      },
      "properties": {
        "id": "athens-relation-13249184",
        "siteKey": "athens",
        "siteName": "古雅典城与卫城",
        "siteEnName": "Ancient Athens and Acropolis",
        "name": "希罗德·阿提库斯音乐厅",
        "enName": "Odeon of Herodes Atticus",
        "originalName": "Ωδείο Ηρώδου Αττικού",
        "role": "theatre",
        "period": "秦汉",
        "periodLabel": "古典希腊／希腊化／罗马",
        "heritageId": "whc-404",
        "tentative": false,
        "sourceUrl": "https://www.openstreetmap.org/relation/13249184",
        "referenceUrl": "https://www.theacropolismuseum.gr/sites/default/files/inline-files/Museum%20trail_The%20Acropolis%20Monuments.pdf",
        "note": "公开遗迹矢量；部分对象包含现存或修复展示部分，不作考古实测界址。",
        "label": true
      }
    },
    {
      "type": "Feature",
      "geometry": {
        "type": "Polygon",
        "coordinates": [
          [
            [
              23.7251237,
              37.9706836
            ],
            [
              23.7268841,
              37.9705227
            ],
            [
              23.7268632,
              37.9703716
            ],
            [
              23.7251038,
              37.9705436
            ],
            [
              23.7251237,
              37.9706836
            ]
          ]
        ]
      },
      "properties": {
        "id": "athens-way-144928419",
        "siteKey": "athens",
        "siteName": "古雅典城与卫城",
        "siteEnName": "Ancient Athens and Acropolis",
        "name": "欧迈尼斯柱廊",
        "enName": "Stoa of Eumenes",
        "originalName": "Στοά Ευμένους",
        "role": "public",
        "period": "秦汉",
        "periodLabel": "古典希腊／希腊化／罗马",
        "heritageId": "whc-404",
        "tentative": false,
        "sourceUrl": "https://www.openstreetmap.org/way/144928419",
        "referenceUrl": "https://www.theacropolismuseum.gr/sites/default/files/inline-files/Museum%20trail_The%20Acropolis%20Monuments.pdf",
        "note": "公开遗迹矢量；部分对象包含现存或修复展示部分，不作考古实测界址。",
        "label": true
      }
    },
    {
      "type": "Feature",
      "geometry": {
        "type": "Polygon",
        "coordinates": [
          [
            [
              23.7282132,
              37.97064
            ],
            [
              23.7283754,
              37.9707284
            ],
            [
              23.7282792,
              37.9708312
            ],
            [
              23.7287671,
              37.971038
            ],
            [
              23.7289367,
              37.970835
            ],
            [
              23.7289422,
              37.9707551
            ],
            [
              23.7289741,
              37.9707255
            ],
            [
              23.7289647,
              37.9707208
            ],
            [
              23.7289904,
              37.9706645
            ],
            [
              23.7290438,
              37.9704718
            ],
            [
              23.7291328,
              37.970071
            ],
            [
              23.7288564,
              37.9699995
            ],
            [
              23.7288964,
              37.9698585
            ],
            [
              23.7288314,
              37.9698006
            ],
            [
              23.7287509,
              37.9697822
            ],
            [
              23.7285954,
              37.9698106
            ],
            [
              23.7283628,
              37.9703094
            ],
            [
              23.7284553,
              37.97035
            ],
            [
              23.7284347,
              37.9703747
            ],
            [
              23.7282132,
              37.97064
            ]
          ]
        ]
      },
      "properties": {
        "id": "athens-way-144928421",
        "siteKey": "athens",
        "siteName": "古雅典城与卫城",
        "siteEnName": "Ancient Athens and Acropolis",
        "name": "伯里克利音乐厅遗址",
        "enName": "Odeon of Pericles",
        "originalName": "Ωδείο Περικλέους",
        "role": "public",
        "period": "周",
        "periodLabel": "古典希腊／希腊化／罗马",
        "heritageId": "whc-404",
        "tentative": false,
        "sourceUrl": "https://www.openstreetmap.org/way/144928421",
        "referenceUrl": "https://www.theacropolismuseum.gr/sites/default/files/inline-files/Museum%20trail_The%20Acropolis%20Monuments.pdf",
        "note": "公开遗迹矢量；部分对象包含现存或修复展示部分，不作考古实测界址。",
        "label": true
      }
    },
    {
      "type": "Feature",
      "geometry": {
        "type": "Polygon",
        "coordinates": [
          [
            [
              23.7272473,
              37.9719572
            ],
            [
              23.7271606,
              37.9719403
            ],
            [
              23.7270547,
              37.9718424
            ],
            [
              23.727111,
              37.9717856
            ],
            [
              23.7272822,
              37.9717663
            ],
            [
              23.7273657,
              37.9717825
            ],
            [
              23.7273803,
              37.9719437
            ],
            [
              23.7272473,
              37.9719572
            ]
          ]
        ]
      },
      "properties": {
        "id": "athens-way-144928412",
        "siteKey": "athens",
        "siteName": "古雅典城与卫城",
        "siteEnName": "Ancient Athens and Acropolis",
        "name": "宙斯城邦神圣区",
        "enName": "Temple of Zeus Polieus",
        "originalName": "Ναός Διός Πολιέως",
        "role": "temple",
        "period": "周",
        "periodLabel": "古典希腊／希腊化／罗马",
        "heritageId": "whc-404",
        "tentative": false,
        "sourceUrl": "https://www.openstreetmap.org/way/144928412",
        "referenceUrl": "https://www.theacropolismuseum.gr/sites/default/files/inline-files/Museum%20trail_The%20Acropolis%20Monuments.pdf",
        "note": "公开遗迹矢量；部分对象包含现存或修复展示部分，不作考古实测界址。",
        "label": true
      }
    },
    {
      "type": "Feature",
      "geometry": {
        "type": "Polygon",
        "coordinates": [
          [
            [
              23.727268,
              37.9716459
            ],
            [
              23.7272622,
              37.9716322
            ],
            [
              23.7272636,
              37.9716177
            ],
            [
              23.7272719,
              37.9716047
            ],
            [
              23.7272858,
              37.9715953
            ],
            [
              23.7273033,
              37.9715907
            ],
            [
              23.7273216,
              37.9715918
            ],
            [
              23.7273381,
              37.9715983
            ],
            [
              23.7273501,
              37.9716093
            ],
            [
              23.7273558,
              37.9716231
            ],
            [
              23.7273545,
              37.9716376
            ],
            [
              23.7273462,
              37.9716505
            ],
            [
              23.7273323,
              37.97166
            ],
            [
              23.7273148,
              37.9716645
            ],
            [
              23.7272964,
              37.9716634
            ],
            [
              23.72728,
              37.9716569
            ],
            [
              23.727268,
              37.9716459
            ]
          ]
        ]
      },
      "properties": {
        "id": "athens-way-144928413",
        "siteKey": "athens",
        "siteName": "古雅典城与卫城",
        "siteEnName": "Ancient Athens and Acropolis",
        "name": "罗马与奥古斯都神庙",
        "enName": "Temple of Rome and Augustus",
        "originalName": "Ναός της Ρώμης και του Αυγούστου",
        "role": "temple",
        "period": "秦汉",
        "periodLabel": "古典希腊／希腊化／罗马",
        "heritageId": "whc-404",
        "tentative": false,
        "sourceUrl": "https://www.openstreetmap.org/way/144928413",
        "referenceUrl": "https://www.theacropolismuseum.gr/sites/default/files/inline-files/Museum%20trail_The%20Acropolis%20Monuments.pdf",
        "note": "公开遗迹矢量；部分对象包含现存或修复展示部分，不作考古实测界址。",
        "label": true
      }
    },
    {
      "type": "Feature",
      "geometry": {
        "type": "Polygon",
        "coordinates": [
          [
            [
              23.7248048,
              37.9717977
            ],
            [
              23.7248462,
              37.9718021
            ],
            [
              23.7248699,
              37.9718046
            ],
            [
              23.7248778,
              37.971759
            ],
            [
              23.7248127,
              37.9717522
            ],
            [
              23.7248048,
              37.9717977
            ]
          ]
        ]
      },
      "properties": {
        "id": "athens-way-426887028",
        "siteKey": "athens",
        "siteName": "古雅典城与卫城",
        "siteEnName": "Ancient Athens and Acropolis",
        "name": "阿格里帕纪念碑",
        "enName": "Monument of Agrippa",
        "originalName": "Μνημείο του Αγρίππα",
        "role": "public",
        "period": "秦汉",
        "periodLabel": "古典希腊／希腊化／罗马",
        "heritageId": "whc-404",
        "tentative": false,
        "sourceUrl": "https://www.openstreetmap.org/way/426887028",
        "referenceUrl": "https://www.theacropolismuseum.gr/sites/default/files/inline-files/Museum%20trail_The%20Acropolis%20Monuments.pdf",
        "note": "公开遗迹矢量；部分对象包含现存或修复展示部分，不作考古实测界址。",
        "label": true
      }
    },
    {
      "type": "Feature",
      "geometry": {
        "type": "Polygon",
        "coordinates": [
          [
            [
              23.7246416,
              37.9715293
            ],
            [
              23.7245741,
              37.9715184
            ],
            [
              23.7245575,
              37.9715826
            ],
            [
              23.7246167,
              37.9715921
            ],
            [
              23.7246086,
              37.9716234
            ],
            [
              23.7246004,
              37.9716552
            ],
            [
              23.7245412,
              37.9716456
            ],
            [
              23.7245211,
              37.9717235
            ],
            [
              23.7245759,
              37.9717357
            ],
            [
              23.7245875,
              37.9717383
            ],
            [
              23.7245899,
              37.9717292
            ],
            [
              23.7246169,
              37.9716248
            ],
            [
              23.7246416,
              37.9715293
            ]
          ]
        ]
      },
      "properties": {
        "id": "athens-way-910010374",
        "siteKey": "athens",
        "siteName": "古雅典城与卫城",
        "siteEnName": "Ancient Athens and Acropolis",
        "name": "贝莱门",
        "enName": "Beulé Gate",
        "originalName": "Πύλη Μπελέ",
        "role": "gate",
        "period": "魏晋南北朝",
        "periodLabel": "古典希腊／希腊化／罗马",
        "heritageId": "whc-404",
        "tentative": false,
        "sourceUrl": "https://www.openstreetmap.org/way/910010374",
        "referenceUrl": "https://www.theacropolismuseum.gr/sites/default/files/inline-files/Museum%20trail_The%20Acropolis%20Monuments.pdf",
        "note": "公开遗迹矢量；部分对象包含现存或修复展示部分，不作考古实测界址。",
        "label": true
      }
    },
    {
      "type": "Feature",
      "geometry": {
        "type": "Point",
        "coordinates": [
          23.7262584,
          37.9720591
        ]
      },
      "properties": {
        "id": "athens-node-11582245009",
        "siteKey": "athens",
        "siteName": "古雅典城与卫城",
        "siteEnName": "Ancient Athens and Acropolis",
        "name": "潘德罗索斯圣区",
        "enName": "Pandroseion",
        "originalName": "Πανδρόσειο",
        "role": "temple",
        "period": "周",
        "periodLabel": "古典希腊／希腊化／罗马",
        "heritageId": "whc-404",
        "tentative": false,
        "sourceUrl": "https://www.openstreetmap.org/node/11582245009",
        "referenceUrl": "https://www.theacropolismuseum.gr/sites/default/files/inline-files/Museum%20trail_The%20Acropolis%20Monuments.pdf",
        "note": "公开遗迹矢量；部分对象包含现存或修复展示部分，不作考古实测界址。",
        "label": true
      }
    },
    {
      "type": "Feature",
      "geometry": {
        "type": "Point",
        "coordinates": [
          23.725665,
          37.9718171
        ]
      },
      "properties": {
        "id": "athens-node-1584057565",
        "siteKey": "athens",
        "siteName": "古雅典城与卫城",
        "siteEnName": "Ancient Athens and Acropolis",
        "name": "前线雅典娜像原址",
        "enName": "Athena Promachos statue place",
        "originalName": "Άγαλμα Αθηνάς Προμάχου",
        "role": "public",
        "period": "周",
        "periodLabel": "古典希腊／希腊化／罗马",
        "heritageId": "whc-404",
        "tentative": false,
        "sourceUrl": "https://www.openstreetmap.org/node/1584057565",
        "referenceUrl": "https://www.theacropolismuseum.gr/sites/default/files/inline-files/Museum%20trail_The%20Acropolis%20Monuments.pdf",
        "note": "公开遗迹矢量；部分对象包含现存或修复展示部分，不作考古实测界址。",
        "label": true
      }
    },
    {
      "type": "Feature",
      "geometry": {
        "type": "Polygon",
        "coordinates": [
          [
            [
              23.7258285,
              37.9722314
            ],
            [
              23.7259465,
              37.9722485
            ],
            [
              23.7259632,
              37.9721771
            ],
            [
              23.7259674,
              37.9721589
            ],
            [
              23.7258494,
              37.9721417
            ],
            [
              23.7258285,
              37.9722314
            ]
          ]
        ]
      },
      "properties": {
        "id": "athens-way-144928418",
        "siteKey": "athens",
        "siteName": "古雅典城与卫城",
        "siteEnName": "Ancient Athens and Acropolis",
        "name": "少女祭司居所遗址",
        "enName": "Arriforion",
        "originalName": "Αρρηφόριον",
        "role": "house",
        "period": "周",
        "periodLabel": "古典希腊／希腊化／罗马",
        "heritageId": "whc-404",
        "tentative": false,
        "sourceUrl": "https://www.openstreetmap.org/way/144928418",
        "referenceUrl": "https://www.theacropolismuseum.gr/sites/default/files/inline-files/Museum%20trail_The%20Acropolis%20Monuments.pdf",
        "note": "公开遗迹矢量；部分对象包含现存或修复展示部分，不作考古实测界址。",
        "label": true
      }
    },
    {
      "type": "Feature",
      "geometry": {
        "type": "Polygon",
        "coordinates": [
          [
            [
              12.4859492,
              41.8911595
            ],
            [
              12.4859545,
              41.8910158
            ],
            [
              12.4859391,
              41.8910163
            ],
            [
              12.4859389,
              41.8910077
            ],
            [
              12.4859087,
              41.8909848
            ],
            [
              12.4858777,
              41.8909634
            ],
            [
              12.4856973,
              41.8908385
            ],
            [
              12.4856862,
              41.8908309
            ],
            [
              12.4855521,
              41.8907338
            ],
            [
              12.485441,
              41.8908193
            ],
            [
              12.4853659,
              41.8908722
            ],
            [
              12.485349,
              41.8908841
            ],
            [
              12.4852996,
              41.8909189
            ],
            [
              12.4852933,
              41.8909234
            ],
            [
              12.4852453,
              41.8909572
            ],
            [
              12.4852389,
              41.8909617
            ],
            [
              12.4851932,
              41.8909939
            ],
            [
              12.4851857,
              41.8909992
            ],
            [
              12.4851408,
              41.8910309
            ],
            [
              12.4851332,
              41.8910362
            ],
            [
              12.4850882,
              41.8910679
            ],
            [
              12.4850798,
              41.8910739
            ],
            [
              12.4850579,
              41.8910893
            ],
            [
              12.4849803,
              41.891144
            ],
            [
              12.4849143,
              41.8911883
            ],
            [
              12.4849875,
              41.8912877
            ],
            [
              12.4850118,
              41.891353
            ],
            [
              12.4850176,
              41.8913944
            ],
            [
              12.484994,
              41.8914351
            ],
            [
              12.4847354,
              41.8915941
            ],
            [
              12.4843881,
              41.891765
            ],
            [
              12.4842951,
              41.8918099
            ],
            [
              12.4842044,
              41.8918582
            ],
            [
              12.4839791,
              41.891976
            ],
            [
              12.4839936,
              41.8919944
            ],
            [
              12.4839568,
              41.8920131
            ],
            [
              12.4839626,
              41.8920196
            ],
            [
              12.4839193,
              41.8920409
            ],
            [
              12.4839252,
              41.8920475
            ],
            [
              12.4838287,
              41.8920962
            ],
            [
              12.4838053,
              41.8920727
            ],
            [
              12.4837357,
              41.8921067
            ],
            [
              12.4837772,
              41.8921346
            ],
            [
              12.4837421,
              41.8921572
            ],
            [
              12.4836954,
              41.8921218
            ],
            [
              12.4834731,
              41.8919536
            ],
            [
              12.4833695,
              41.892033
            ],
            [
              12.4833431,
              41.8920515
            ],
            [
              12.4833059,
              41.8920776
            ],
            [
              12.4832952,
              41.8920851
            ],
            [
              12.483656,
              41.8923836
            ],
            [
              12.48367,
              41.8924076
            ],
            [
              12.4836345,
              41.8925202
            ],
            [
              12.4836134,
              41.8926065
            ],
            [
              12.4836986,
              41.8927066
            ],
            [
              12.4837027,
              41.8927109
            ],
            [
              12.483748,
              41.8927641
            ],
            [
              12.4837654,
              41.8927845
            ],
            [
              12.4838076,
              41.8928324
            ],
            [
              12.4838554,
              41.8928885
            ],
            [
              12.4838592,
              41.8928927
            ],
            [
              12.4839722,
              41.8930251
            ],
            [
              12.4839855,
              41.8930185
            ],
            [
              12.484053,
              41.8930943
            ],
            [
              12.4840304,
              41.8931054
            ],
            [
              12.4840688,
              41.8931509
            ],
            [
              12.4841024,
              41.8931359
            ],
            [
              12.4842003,
              41.8930921
            ],
            [
              12.4842539,
              41.8930681
            ],
            [
              12.4843069,
              41.8930446
            ],
            [
              12.4843405,
              41.8930905
            ],
            [
              12.4844818,
              41.8930389
            ],
            [
              12.4844931,
              41.8930324
            ],
            [
              12.4844991,
              41.8930257
            ],
            [
              12.4845031,
              41.8930166
            ],
            [
              12.4845006,
              41.893009
            ],
            [
              12.4845097,
              41.893
            ],
            [
              12.4845238,
              41.8929946
            ],
            [
              12.4845374,
              41.8929894
            ],
            [
              12.4845653,
              41.8929777
            ],
            [
              12.4846125,
              41.8929599
            ],
            [
              12.4846323,
              41.8929524
            ],
            [
              12.4846541,
              41.8929582
            ],
            [
              12.4846937,
              41.8929633
            ],
            [
              12.4847364,
              41.8929586
            ],
            [
              12.4848016,
              41.8929457
            ],
            [
              12.4848089,
              41.8929444
            ],
            [
              12.4848966,
              41.8929295
            ],
            [
              12.4849831,
              41.8928754
            ],
            [
              12.4849964,
              41.8928836
            ],
            [
              12.485144,
              41.8929745
            ],
            [
              12.4851543,
              41.8929659
            ],
            [
              12.4852539,
              41.8930285
            ],
            [
              12.4852735,
              41.8930112
            ],
            [
              12.4853945,
              41.8930872
            ],
            [
              12.485376,
              41.8931036
            ],
            [
              12.485438,
              41.8931397
            ],
            [
              12.4856318,
              41.8929622
            ],
            [
              12.4856371,
              41.8929575
            ],
            [
              12.4856906,
              41.8929078
            ],
            [
              12.4857216,
              41.8929288
            ],
            [
              12.4857329,
              41.8929363
            ],
            [
              12.4860973,
              41.8927623
            ],
            [
              12.4866658,
              41.8924824
            ],
            [
              12.4867039,
              41.8924687
            ],
            [
              12.4868492,
              41.8926135
            ],
            [
              12.4868703,
              41.8926025
            ],
            [
              12.4868761,
              41.8925992
            ],
            [
              12.4869207,
              41.8925776
            ],
            [
              12.4871221,
              41.8925096
            ],
            [
              12.4871401,
              41.8925001
            ],
            [
              12.4871063,
              41.8924594
            ],
            [
              12.4870381,
              41.8923638
            ],
            [
              12.4869819,
              41.8923305
            ],
            [
              12.4869733,
              41.8923144
            ],
            [
              12.4868522,
              41.8921648
            ],
            [
              12.4868874,
              41.8921136
            ],
            [
              12.4869127,
              41.8920765
            ],
            [
              12.4869027,
              41.8920427
            ],
            [
              12.4869483,
              41.8919958
            ],
            [
              12.4869693,
              41.891978
            ],
            [
              12.4870819,
              41.8919252
            ],
            [
              12.4871174,
              41.8919529
            ],
            [
              12.487206,
              41.8920053
            ],
            [
              12.4871977,
              41.8920129
            ],
            [
              12.4872447,
              41.892044
            ],
            [
              12.4872477,
              41.8920572
            ],
            [
              12.4874238,
              41.8921717
            ],
            [
              12.4874459,
              41.8921853
            ],
            [
              12.4874757,
              41.8921596
            ],
            [
              12.4876165,
              41.8922511
            ],
            [
              12.4876278,
              41.8922425
            ],
            [
              12.4877934,
              41.8921018
            ],
            [
              12.4877016,
              41.8920404
            ],
            [
              12.4877621,
              41.8920499
            ],
            [
              12.4877938,
              41.8920389
            ],
            [
              12.487816,
              41.8920312
            ],
            [
              12.4878335,
              41.8920251
            ],
            [
              12.4878669,
              41.8920779
            ],
            [
              12.487916,
              41.8920591
            ],
            [
              12.4879243,
              41.8920921
            ],
            [
              12.4879429,
              41.8922089
            ],
            [
              12.4879426,
              41.8922452
            ],
            [
              12.487957,
              41.8922628
            ],
            [
              12.4879754,
              41.8922628
            ],
            [
              12.4880155,
              41.8922485
            ],
            [
              12.4881966,
              41.8921888
            ],
            [
              12.4882269,
              41.8921787
            ],
            [
              12.4882522,
              41.8921977
            ],
            [
              12.4882715,
              41.8922077
            ],
            [
              12.4882842,
              41.8922144
            ],
            [
              12.4883065,
              41.8922239
            ],
            [
              12.4883378,
              41.8922336
            ],
            [
              12.4883685,
              41.8922392
            ],
            [
              12.4884105,
              41.8922412
            ],
            [
              12.4884436,
              41.8922384
            ],
            [
              12.4884756,
              41.892234
            ],
            [
              12.4885134,
              41.8922225
            ],
            [
              12.4885422,
              41.8922108
            ],
            [
              12.4885736,
              41.8921926
            ],
            [
              12.4885979,
              41.8921697
            ],
            [
              12.4886141,
              41.8921526
            ],
            [
              12.4886278,
              41.8921332
            ],
            [
              12.4886386,
              41.892108
            ],
            [
              12.4886503,
              41.8920885
            ],
            [
              12.4886772,
              41.89208
            ],
            [
              12.4887814,
              41.8920468
            ],
            [
              12.4891714,
              41.8919252
            ],
            [
              12.4891437,
              41.8918842
            ],
            [
              12.4891224,
              41.8918479
            ],
            [
              12.4891444,
              41.8918273
            ],
            [
              12.4890669,
              41.891718
            ],
            [
              12.4890159,
              41.8917115
            ],
            [
              12.4890019,
              41.8916888
            ],
            [
              12.4889785,
              41.8916966
            ],
            [
              12.488876,
              41.8917295
            ],
            [
              12.4886565,
              41.8913844
            ],
            [
              12.4885782,
              41.8913919
            ],
            [
              12.4885291,
              41.8913955
            ],
            [
              12.4885206,
              41.8913824
            ],
            [
              12.4884075,
              41.891208
            ],
            [
              12.4884697,
              41.8911824
            ],
            [
              12.4885207,
              41.8911604
            ],
            [
              12.4887512,
              41.8910813
            ],
            [
              12.4889341,
              41.8910205
            ],
            [
              12.489006,
              41.8911335
            ],
            [
              12.4890274,
              41.8911263
            ],
            [
              12.4890596,
              41.8911796
            ],
            [
              12.4889894,
              41.8912031
            ],
            [
              12.4890679,
              41.89134
            ],
            [
              12.4892167,
              41.8912966
            ],
            [
              12.4892407,
              41.8913411
            ],
            [
              12.4893884,
              41.8912969
            ],
            [
              12.489372,
              41.8912647
            ],
            [
              12.4894987,
              41.8912266
            ],
            [
              12.4895009,
              41.8912703
            ],
            [
              12.4895069,
              41.8913339
            ],
            [
              12.4895235,
              41.8913671
            ],
            [
              12.4894333,
              41.8913949
            ],
            [
              12.4894556,
              41.891433
            ],
            [
              12.4895106,
              41.8914179
            ],
            [
              12.4904092,
              41.8911717
            ],
            [
              12.4905857,
              41.8911212
            ],
            [
              12.4905793,
              41.8911068
            ],
            [
              12.4908629,
              41.8910346
            ],
            [
              12.4907716,
              41.8908599
            ],
            [
              12.4907612,
              41.8908639
            ],
            [
              12.4906015,
              41.8905448
            ],
            [
              12.4905867,
              41.8905152
            ],
            [
              12.4905434,
              41.8905125
            ],
            [
              12.4904949,
              41.8904118
            ],
            [
              12.4904847,
              41.8903908
            ],
            [
              12.49053,
              41.8903786
            ],
            [
              12.490446,
              41.8902165
            ],
            [
              12.4903222,
              41.8902529
            ],
            [
              12.4903077,
              41.8902258
            ],
            [
              12.4902737,
              41.8902353
            ],
            [
              12.4894224,
              41.8904733
            ],
            [
              12.4890369,
              41.890581
            ],
            [
              12.4890216,
              41.8905505
            ],
            [
              12.4890052,
              41.8905134
            ],
            [
              12.489064,
              41.8904989
            ],
            [
              12.4890735,
              41.8904935
            ],
            [
              12.4890751,
              41.890486
            ],
            [
              12.4890719,
              41.8904801
            ],
            [
              12.4889609,
              41.8904212
            ],
            [
              12.4889401,
              41.890408
            ],
            [
              12.4888671,
              41.8904291
            ],
            [
              12.4888596,
              41.8904114
            ],
            [
              12.4887744,
              41.8904335
            ],
            [
              12.4887654,
              41.890417
            ],
            [
              12.4887343,
              41.8904265
            ],
            [
              12.4887393,
              41.8904367
            ],
            [
              12.4885359,
              41.8904895
            ],
            [
              12.4884755,
              41.8905045
            ],
            [
              12.4884352,
              41.8905122
            ],
            [
              12.4884061,
              41.8905124
            ],
            [
              12.4883889,
              41.8905025
            ],
            [
              12.4883766,
              41.8904872
            ],
            [
              12.4876711,
              41.8907248
            ],
            [
              12.4875677,
              41.8907573
            ],
            [
              12.4875285,
              41.8907591
            ],
            [
              12.4875043,
              41.8907678
            ],
            [
              12.4874474,
              41.890789
            ],
            [
              12.4874566,
              41.8908061
            ],
            [
              12.4874464,
              41.8908097
            ],
            [
              12.4874369,
              41.8907926
            ],
            [
              12.4873882,
              41.8908095
            ],
            [
              12.4873974,
              41.8908266
            ],
            [
              12.487291,
              41.8908598
            ],
            [
              12.4872713,
              41.8908653
            ],
            [
              12.4872439,
              41.890873
            ],
            [
              12.4870314,
              41.8909325
            ],
            [
              12.486973,
              41.8909513
            ],
            [
              12.486955,
              41.890957
            ],
            [
              12.4869203,
              41.8909682
            ],
            [
              12.4869026,
              41.8909738
            ],
            [
              12.4868554,
              41.890989
            ],
            [
              12.4868362,
              41.8909951
            ],
            [
              12.4867936,
              41.8910088
            ],
            [
              12.4867741,
              41.891015
            ],
            [
              12.486743,
              41.8910262
            ],
            [
              12.4867244,
              41.8910326
            ],
            [
              12.4866106,
              41.891072
            ],
            [
              12.4863722,
              41.891149
            ],
            [
              12.4863367,
              41.8911614
            ],
            [
              12.4863148,
              41.891169
            ],
            [
              12.4862913,
              41.8911772
            ],
            [
              12.4862637,
              41.8911868
            ],
            [
              12.4862363,
              41.8911963
            ],
            [
              12.4860498,
              41.8912559
            ],
            [
              12.4860253,
              41.8912631
            ],
            [
              12.4860072,
              41.8912631
            ],
            [
              12.4859492,
              41.8911595
            ]
          ]
        ]
      },
      "properties": {
        "id": "rome-relation-1841080",
        "siteKey": "rome",
        "siteName": "古罗马核心区",
        "siteEnName": "Ancient Rome core",
        "name": "古罗马广场遗址区",
        "enName": "Roman Forum",
        "originalName": "Forum Romanum",
        "role": "area",
        "period": "秦汉",
        "periodLabel": "罗马共和国／罗马帝国／晚期古代",
        "heritageId": "whc-91",
        "tentative": false,
        "sourceUrl": "https://www.openstreetmap.org/relation/1841080",
        "referenceUrl": "https://colosseo.it/en/",
        "note": "公开遗址区或卫城范围，未必等于某一期完整古城墙或法定保护界址。",
        "label": true
      }
    },
    {
      "type": "Feature",
      "geometry": {
        "type": "Polygon",
        "coordinates": [
          [
            [
              12.4849803,
              41.891144
            ],
            [
              12.4849143,
              41.8911883
            ],
            [
              12.4847234,
              41.890942
            ],
            [
              12.4846917,
              41.8909071
            ],
            [
              12.4847029,
              41.8908976
            ],
            [
              12.484579,
              41.890734
            ],
            [
              12.4846401,
              41.8907061
            ],
            [
              12.4846303,
              41.8906869
            ],
            [
              12.4846269,
              41.8906804
            ],
            [
              12.4846446,
              41.8906678
            ],
            [
              12.4846496,
              41.8906714
            ],
            [
              12.4847425,
              41.8906019
            ],
            [
              12.4847378,
              41.8905982
            ],
            [
              12.4847499,
              41.8905862
            ],
            [
              12.4848134,
              41.8905973
            ],
            [
              12.4848653,
              41.8905927
            ],
            [
              12.4849018,
              41.8905807
            ],
            [
              12.4849352,
              41.8905623
            ],
            [
              12.484981,
              41.8905209
            ],
            [
              12.4850119,
              41.8904721
            ],
            [
              12.4850175,
              41.8904472
            ],
            [
              12.4850144,
              41.8904261
            ],
            [
              12.4849977,
              41.8903943
            ],
            [
              12.484836,
              41.8902871
            ],
            [
              12.4845883,
              41.8904219
            ],
            [
              12.4845491,
              41.8904013
            ],
            [
              12.4844685,
              41.8904666
            ],
            [
              12.4844373,
              41.8904341
            ],
            [
              12.4843732,
              41.8904679
            ],
            [
              12.4842854,
              41.890354
            ],
            [
              12.4840416,
              41.890012
            ],
            [
              12.4839631,
              41.889877
            ],
            [
              12.4839096,
              41.88978
            ],
            [
              12.4838944,
              41.8897487
            ],
            [
              12.48383,
              41.8896102
            ],
            [
              12.4837078,
              41.8890179
            ],
            [
              12.4836763,
              41.8888458
            ],
            [
              12.4836389,
              41.8886266
            ],
            [
              12.4838493,
              41.8884927
            ],
            [
              12.4841461,
              41.8883213
            ],
            [
              12.4843347,
              41.8882242
            ],
            [
              12.4843605,
              41.8882505
            ],
            [
              12.4844787,
              41.8881886
            ],
            [
              12.4844505,
              41.8881581
            ],
            [
              12.4845028,
              41.8881276
            ],
            [
              12.4844963,
              41.8881169
            ],
            [
              12.4846453,
              41.8880313
            ],
            [
              12.4847703,
              41.8879283
            ],
            [
              12.4848062,
              41.8879555
            ],
            [
              12.4848281,
              41.8879439
            ],
            [
              12.4848514,
              41.8879279
            ],
            [
              12.4848514,
              41.887902
            ],
            [
              12.4848415,
              41.8878899
            ],
            [
              12.4848531,
              41.88787
            ],
            [
              12.4848629,
              41.8878532
            ],
            [
              12.4850971,
              41.8877015
            ],
            [
              12.4851062,
              41.8876936
            ],
            [
              12.4850674,
              41.8876666
            ],
            [
              12.4850421,
              41.8876435
            ],
            [
              12.4849943,
              41.8876
            ],
            [
              12.4849961,
              41.8875922
            ],
            [
              12.4848637,
              41.8874551
            ],
            [
              12.484848,
              41.8874392
            ],
            [
              12.4848305,
              41.8874266
            ],
            [
              12.4861955,
              41.886682
            ],
            [
              12.4864961,
              41.8864887
            ],
            [
              12.4869175,
              41.8862321
            ],
            [
              12.4873802,
              41.8859731
            ],
            [
              12.4881713,
              41.8855426
            ],
            [
              12.4882957,
              41.8854926
            ],
            [
              12.4885236,
              41.8853813
            ],
            [
              12.48872,
              41.8852717
            ],
            [
              12.4888332,
              41.8852129
            ],
            [
              12.4888583,
              41.8852024
            ],
            [
              12.4890745,
              41.8852759
            ],
            [
              12.4891587,
              41.8853053
            ],
            [
              12.4891967,
              41.8854379
            ],
            [
              12.4892792,
              41.8857168
            ],
            [
              12.4893533,
              41.8859828
            ],
            [
              12.4894362,
              41.8862515
            ],
            [
              12.4894452,
              41.8862788
            ],
            [
              12.4894489,
              41.8862901
            ],
            [
              12.4894058,
              41.8862985
            ],
            [
              12.4894286,
              41.8863736
            ],
            [
              12.4894752,
              41.8863672
            ],
            [
              12.4895142,
              41.8865355
            ],
            [
              12.4895166,
              41.8865493
            ],
            [
              12.4896125,
              41.8869082
            ],
            [
              12.4896033,
              41.8869265
            ],
            [
              12.4895894,
              41.8869605
            ],
            [
              12.4895906,
              41.8870125
            ],
            [
              12.4896064,
              41.8870589
            ],
            [
              12.4896242,
              41.8871344
            ],
            [
              12.4896643,
              41.8872678
            ],
            [
              12.4896795,
              41.8872999
            ],
            [
              12.4897037,
              41.8873094
            ],
            [
              12.4897227,
              41.8873113
            ],
            [
              12.489741,
              41.8873104
            ],
            [
              12.4897788,
              41.8874437
            ],
            [
              12.4897992,
              41.8875182
            ],
            [
              12.4898533,
              41.8877156
            ],
            [
              12.4896907,
              41.8877398
            ],
            [
              12.4897058,
              41.8878087
            ],
            [
              12.4897252,
              41.8878039
            ],
            [
              12.4897332,
              41.8878315
            ],
            [
              12.489742,
              41.8878617
            ],
            [
              12.4897181,
              41.8878655
            ],
            [
              12.4897455,
              41.8879658
            ],
            [
              12.489757,
              41.8879649
            ],
            [
              12.4899169,
              41.88794
            ],
            [
              12.4899455,
              41.8880278
            ],
            [
              12.489982,
              41.8881518
            ],
            [
              12.4900066,
              41.8882357
            ],
            [
              12.4900685,
              41.8884538
            ],
            [
              12.4900825,
              41.888503
            ],
            [
              12.4901421,
              41.8887219
            ],
            [
              12.4902026,
              41.8889018
            ],
            [
              12.4902161,
              41.8889635
            ],
            [
              12.4902304,
              41.8890436
            ],
            [
              12.4902401,
              41.8890984
            ],
            [
              12.4902663,
              41.8892365
            ],
            [
              12.4902728,
              41.8893681
            ],
            [
              12.4902728,
              41.8894451
            ],
            [
              12.4902728,
              41.8894623
            ],
            [
              12.4902687,
              41.8894988
            ],
            [
              12.4902652,
              41.8895304
            ],
            [
              12.4902451,
              41.8896219
            ],
            [
              12.4902106,
              41.8897095
            ],
            [
              12.4902055,
              41.8897656
            ],
            [
              12.4902273,
              41.8898493
            ],
            [
              12.4902429,
              41.8899026
            ],
            [
              12.4902704,
              41.8899819
            ],
            [
              12.4903191,
              41.8901433
            ],
            [
              12.4902368,
              41.8901671
            ],
            [
              12.4900118,
              41.890232
            ],
            [
              12.4891783,
              41.8904697
            ],
            [
              12.4891313,
              41.890479
            ],
            [
              12.4890735,
              41.8904935
            ],
            [
              12.4890751,
              41.890486
            ],
            [
              12.4890719,
              41.8904801
            ],
            [
              12.4889609,
              41.8904212
            ],
            [
              12.4889401,
              41.890408
            ],
            [
              12.4888671,
              41.8904291
            ],
            [
              12.4888596,
              41.8904114
            ],
            [
              12.4887744,
              41.8904335
            ],
            [
              12.4887654,
              41.890417
            ],
            [
              12.4887343,
              41.8904265
            ],
            [
              12.4887393,
              41.8904367
            ],
            [
              12.4885359,
              41.8904895
            ],
            [
              12.4884755,
              41.8905045
            ],
            [
              12.4884352,
              41.8905122
            ],
            [
              12.4884061,
              41.8905124
            ],
            [
              12.4883889,
              41.8905025
            ],
            [
              12.4883766,
              41.8904872
            ],
            [
              12.4876711,
              41.8907248
            ],
            [
              12.4875677,
              41.8907573
            ],
            [
              12.4875285,
              41.8907591
            ],
            [
              12.4875043,
              41.8907678
            ],
            [
              12.4874474,
              41.890789
            ],
            [
              12.4874566,
              41.8908061
            ],
            [
              12.4874464,
              41.8908097
            ],
            [
              12.4874369,
              41.8907926
            ],
            [
              12.4873882,
              41.8908095
            ],
            [
              12.4873974,
              41.8908266
            ],
            [
              12.487291,
              41.8908598
            ],
            [
              12.4872713,
              41.8908653
            ],
            [
              12.4872439,
              41.890873
            ],
            [
              12.4870314,
              41.8909325
            ],
            [
              12.486973,
              41.8909513
            ],
            [
              12.486955,
              41.890957
            ],
            [
              12.4869203,
              41.8909682
            ],
            [
              12.4869026,
              41.8909738
            ],
            [
              12.4868554,
              41.890989
            ],
            [
              12.4868362,
              41.8909951
            ],
            [
              12.4867936,
              41.8910088
            ],
            [
              12.4867741,
              41.891015
            ],
            [
              12.486743,
              41.8910262
            ],
            [
              12.4867244,
              41.8910326
            ],
            [
              12.4866106,
              41.891072
            ],
            [
              12.4863722,
              41.891149
            ],
            [
              12.4863367,
              41.8911614
            ],
            [
              12.4863148,
              41.891169
            ],
            [
              12.4862913,
              41.8911772
            ],
            [
              12.4862637,
              41.8911868
            ],
            [
              12.4862363,
              41.8911963
            ],
            [
              12.4860498,
              41.8912559
            ],
            [
              12.4860253,
              41.8912631
            ],
            [
              12.4860072,
              41.8912631
            ],
            [
              12.4859492,
              41.8911595
            ],
            [
              12.4859176,
              41.8911637
            ],
            [
              12.4859156,
              41.8911254
            ],
            [
              12.4859334,
              41.8911191
            ],
            [
              12.4859016,
              41.8910782
            ],
            [
              12.4859133,
              41.8910716
            ],
            [
              12.4859237,
              41.8910657
            ],
            [
              12.4859418,
              41.8910382
            ],
            [
              12.4859391,
              41.8910163
            ],
            [
              12.4859389,
              41.8910077
            ],
            [
              12.4859087,
              41.8909848
            ],
            [
              12.4858777,
              41.8909634
            ],
            [
              12.4856973,
              41.8908385
            ],
            [
              12.4856862,
              41.8908309
            ],
            [
              12.4855521,
              41.8907338
            ],
            [
              12.485441,
              41.8908193
            ],
            [
              12.4853659,
              41.8908722
            ],
            [
              12.485349,
              41.8908841
            ],
            [
              12.4852996,
              41.8909189
            ],
            [
              12.4852933,
              41.8909234
            ],
            [
              12.4852453,
              41.8909572
            ],
            [
              12.4852389,
              41.8909617
            ],
            [
              12.4851932,
              41.8909939
            ],
            [
              12.4851857,
              41.8909992
            ],
            [
              12.4851408,
              41.8910309
            ],
            [
              12.4851332,
              41.8910362
            ],
            [
              12.4850882,
              41.8910679
            ],
            [
              12.4850798,
              41.8910739
            ],
            [
              12.4850579,
              41.8910893
            ],
            [
              12.4849803,
              41.891144
            ]
          ]
        ]
      },
      "properties": {
        "id": "rome-relation-1835449",
        "siteKey": "rome",
        "siteName": "古罗马核心区",
        "siteEnName": "Ancient Rome core",
        "name": "帕拉蒂尼山遗址区",
        "enName": "Palatino",
        "originalName": "Palatino",
        "role": "area",
        "period": "秦汉",
        "periodLabel": "罗马共和国／罗马帝国／晚期古代",
        "heritageId": "whc-91",
        "tentative": false,
        "sourceUrl": "https://www.openstreetmap.org/relation/1835449",
        "referenceUrl": "https://colosseo.it/en/",
        "note": "公开遗址区或卫城范围，未必等于某一期完整古城墙或法定保护界址。",
        "label": true
      }
    },
    {
      "type": "Feature",
      "geometry": {
        "type": "Polygon",
        "coordinates": [
          [
            [
              12.4913978,
              41.8904436
            ],
            [
              12.4913795,
              41.8904065
            ],
            [
              12.4913694,
              41.8903708
            ],
            [
              12.4913611,
              41.8903228
            ],
            [
              12.4913593,
              41.8902961
            ],
            [
              12.4913574,
              41.8902515
            ],
            [
              12.4913656,
              41.8901975
            ],
            [
              12.4913782,
              41.8901534
            ],
            [
              12.4913984,
              41.8901046
            ],
            [
              12.4914318,
              41.8900454
            ],
            [
              12.4914709,
              41.8899947
            ],
            [
              12.491517,
              41.8899449
            ],
            [
              12.4915586,
              41.8899064
            ],
            [
              12.4916072,
              41.8898632
            ],
            [
              12.4916463,
              41.8898379
            ],
            [
              12.491693,
              41.8898092
            ],
            [
              12.4917579,
              41.8897735
            ],
            [
              12.4918475,
              41.8897317
            ],
            [
              12.4919358,
              41.8896984
            ],
            [
              12.4920146,
              41.8896716
            ],
            [
              12.4920498,
              41.8896614
            ],
            [
              12.4920657,
              41.8896575
            ],
            [
              12.4921887,
              41.8896308
            ],
            [
              12.4922449,
              41.8896223
            ],
            [
              12.4923079,
              41.8896167
            ],
            [
              12.4923969,
              41.8896111
            ],
            [
              12.4924562,
              41.8896078
            ],
            [
              12.492523,
              41.8896097
            ],
            [
              12.4925943,
              41.8896129
            ],
            [
              12.4926479,
              41.889619
            ],
            [
              12.4927091,
              41.8896266
            ],
            [
              12.4927539,
              41.889635
            ],
            [
              12.4927955,
              41.8896449
            ],
            [
              12.4928346,
              41.8896557
            ],
            [
              12.4928655,
              41.8896655
            ],
            [
              12.4929078,
              41.8896796
            ],
            [
              12.492969,
              41.8897031
            ],
            [
              12.4930036,
              41.8897209
            ],
            [
              12.493032,
              41.8897355
            ],
            [
              12.493061,
              41.8897533
            ],
            [
              12.4931058,
              41.8897839
            ],
            [
              12.4931361,
              41.8898087
            ],
            [
              12.4931645,
              41.8898364
            ],
            [
              12.4931929,
              41.8898684
            ],
            [
              12.4932149,
              41.889898
            ],
            [
              12.4932313,
              41.889935
            ],
            [
              12.4932459,
              41.8899637
            ],
            [
              12.4932511,
              41.8899742
            ],
            [
              12.4932578,
              41.8899928
            ],
            [
              12.4932654,
              41.8900219
            ],
            [
              12.4932691,
              41.8900536
            ],
            [
              12.4932711,
              41.8900891
            ],
            [
              12.4934219,
              41.890073
            ],
            [
              12.4934185,
              41.8900299
            ],
            [
              12.4934131,
              41.8899974
            ],
            [
              12.4934048,
              41.8899617
            ],
            [
              12.4934278,
              41.8899595
            ],
            [
              12.4934372,
              41.889994
            ],
            [
              12.4934419,
              41.8900294
            ],
            [
              12.493446,
              41.8900726
            ],
            [
              12.4934472,
              41.890109
            ],
            [
              12.4934432,
              41.8901421
            ],
            [
              12.4934358,
              41.8901794
            ],
            [
              12.493421,
              41.8902277
            ],
            [
              12.4934085,
              41.8902629
            ],
            [
              12.4933897,
              41.8903044
            ],
            [
              12.4933703,
              41.8903472
            ],
            [
              12.4933504,
              41.8903803
            ],
            [
              12.4933253,
              41.8904218
            ],
            [
              12.4933043,
              41.8904524
            ],
            [
              12.4932917,
              41.8904689
            ],
            [
              12.4932673,
              41.8904994
            ],
            [
              12.4932405,
              41.8905261
            ],
            [
              12.4932103,
              41.8905549
            ],
            [
              12.4931864,
              41.8905749
            ],
            [
              12.4931585,
              41.8905956
            ],
            [
              12.4931261,
              41.8906189
            ],
            [
              12.4930936,
              41.8906418
            ],
            [
              12.4930617,
              41.8906651
            ],
            [
              12.4930276,
              41.8906876
            ],
            [
              12.4929923,
              41.8907088
            ],
            [
              12.4929592,
              41.8907274
            ],
            [
              12.4928972,
              41.8907609
            ],
            [
              12.4928499,
              41.8907817
            ],
            [
              12.4928106,
              41.8907991
            ],
            [
              12.4927662,
              41.8908169
            ],
            [
              12.4927201,
              41.8908325
            ],
            [
              12.492674,
              41.8908478
            ],
            [
              12.492621,
              41.8908614
            ],
            [
              12.4925846,
              41.8908703
            ],
            [
              12.4925453,
              41.8908787
            ],
            [
              12.4924963,
              41.8908876
            ],
            [
              12.4924593,
              41.890894
            ],
            [
              12.4924109,
              41.8908995
            ],
            [
              12.4923671,
              41.8909038
            ],
            [
              12.4923346,
              41.8909063
            ],
            [
              12.4923005,
              41.8909088
            ],
            [
              12.4922692,
              41.890911
            ],
            [
              12.4922231,
              41.8909127
            ],
            [
              12.4921815,
              41.8909127
            ],
            [
              12.4921371,
              41.8909118
            ],
            [
              12.4920967,
              41.8909101
            ],
            [
              12.4920585,
              41.8909067
            ],
            [
              12.4920226,
              41.8909038
            ],
            [
              12.4919828,
              41.8908999
            ],
            [
              12.4919429,
              41.890894
            ],
            [
              12.4919116,
              41.8908885
            ],
            [
              12.4918695,
              41.8908804
            ],
            [
              12.4918365,
              41.8908732
            ],
            [
              12.4918012,
              41.8908652
            ],
            [
              12.4917653,
              41.890855
            ],
            [
              12.4917323,
              41.8908453
            ],
            [
              12.491697,
              41.8908334
            ],
            [
              12.4916617,
              41.8908203
            ],
            [
              12.4916355,
              41.8908101
            ],
            [
              12.4916099,
              41.8907982
            ],
            [
              12.491582,
              41.8907855
            ],
            [
              12.4915535,
              41.8907711
            ],
            [
              12.4915273,
              41.8907571
            ],
            [
              12.4914937,
              41.8907385
            ],
            [
              12.4914687,
              41.8907228
            ],
            [
              12.4914385,
              41.8907012
            ],
            [
              12.4914273,
              41.890693
            ],
            [
              12.49141,
              41.8906804
            ],
            [
              12.4913924,
              41.8906668
            ],
            [
              12.491373,
              41.8906511
            ],
            [
              12.4913542,
              41.8906367
            ],
            [
              12.4913303,
              41.8906134
            ],
            [
              12.4913137,
              41.8905975
            ],
            [
              12.4913001,
              41.8905833
            ],
            [
              12.4913197,
              41.8905738
            ],
            [
              12.4913648,
              41.8905551
            ],
            [
              12.4913992,
              41.8905408
            ],
            [
              12.4913728,
              41.890501
            ],
            [
              12.4913517,
              41.8904615
            ],
            [
              12.4913978,
              41.8904436
            ]
          ]
        ]
      },
      "properties": {
        "id": "rome-relation-1834818",
        "siteKey": "rome",
        "siteName": "古罗马核心区",
        "siteEnName": "Ancient Rome core",
        "name": "罗马斗兽场",
        "enName": "Colosseum",
        "originalName": "Colosseo",
        "role": "theatre",
        "period": "秦汉",
        "periodLabel": "罗马共和国／罗马帝国／晚期古代",
        "heritageId": "whc-91",
        "tentative": false,
        "sourceUrl": "https://www.openstreetmap.org/relation/1834818",
        "referenceUrl": "https://colosseo.it/en/",
        "note": "公开遗迹矢量；部分对象包含现存或修复展示部分，不作考古实测界址。",
        "label": true
      }
    },
    {
      "type": "Feature",
      "geometry": {
        "type": "Polygon",
        "coordinates": [
          [
            [
              12.4905269,
              41.8898183
            ],
            [
              12.4908255,
              41.889767
            ],
            [
              12.4908066,
              41.8897062
            ],
            [
              12.4905081,
              41.8897574
            ],
            [
              12.4905269,
              41.8898183
            ]
          ]
        ]
      },
      "properties": {
        "id": "rome-way-23590989",
        "siteKey": "rome",
        "siteName": "古罗马核心区",
        "siteEnName": "Ancient Rome core",
        "name": "君士坦丁凯旋门",
        "enName": "Arch of Constantine",
        "originalName": "Arco di Costantino",
        "role": "gate",
        "period": "魏晋南北朝",
        "periodLabel": "罗马共和国／罗马帝国／晚期古代",
        "heritageId": "whc-91",
        "tentative": false,
        "sourceUrl": "https://www.openstreetmap.org/way/23590989",
        "referenceUrl": "https://colosseo.it/en/",
        "note": "公开遗迹矢量；部分对象包含现存或修复展示部分，不作考古实测界址。",
        "label": true
      }
    },
    {
      "type": "Feature",
      "geometry": {
        "type": "Polygon",
        "coordinates": [
          [
            [
              12.4885135,
              41.8906242
            ],
            [
              12.4885887,
              41.8906011
            ],
            [
              12.4886221,
              41.8906612
            ],
            [
              12.4886549,
              41.8907202
            ],
            [
              12.4885797,
              41.8907433
            ],
            [
              12.4885464,
              41.8906833
            ],
            [
              12.4885135,
              41.8906242
            ]
          ]
        ]
      },
      "properties": {
        "id": "rome-way-23913953",
        "siteKey": "rome",
        "siteName": "古罗马核心区",
        "siteEnName": "Ancient Rome core",
        "name": "提图斯凯旋门",
        "enName": "Arch of Titus",
        "originalName": "Arco di Tito",
        "role": "gate",
        "period": "秦汉",
        "periodLabel": "罗马共和国／罗马帝国／晚期古代",
        "heritageId": "whc-91",
        "tentative": false,
        "sourceUrl": "https://www.openstreetmap.org/way/23913953",
        "referenceUrl": "https://colosseo.it/en/",
        "note": "公开遗迹矢量；部分对象包含现存或修复展示部分，不作考古实测界址。",
        "label": true
      }
    },
    {
      "type": "Feature",
      "geometry": {
        "type": "Polygon",
        "coordinates": [
          [
            [
              12.4862714,
              41.8919399
            ],
            [
              12.4862649,
              41.891942
            ],
            [
              12.4862638,
              41.8919518
            ],
            [
              12.486264,
              41.8919634
            ],
            [
              12.4862681,
              41.8919709
            ],
            [
              12.4862726,
              41.8919759
            ],
            [
              12.4862788,
              41.8919844
            ],
            [
              12.4862965,
              41.8919955
            ],
            [
              12.4862934,
              41.8919981
            ],
            [
              12.4862966,
              41.8920012
            ],
            [
              12.4863274,
              41.8919854
            ],
            [
              12.4863278,
              41.8919805
            ],
            [
              12.4863126,
              41.8919635
            ],
            [
              12.4862912,
              41.8919402
            ],
            [
              12.4862714,
              41.8919399
            ]
          ]
        ]
      },
      "properties": {
        "id": "rome-relation-1841077",
        "siteKey": "rome",
        "siteName": "古罗马核心区",
        "siteEnName": "Ancient Rome core",
        "name": "奥古斯都凯旋门遗迹",
        "enName": "Arco di Augusto",
        "originalName": "Arco di Augusto",
        "role": "gate",
        "period": "秦汉",
        "periodLabel": "罗马共和国／罗马帝国／晚期古代",
        "heritageId": "whc-91",
        "tentative": false,
        "sourceUrl": "https://www.openstreetmap.org/relation/1841077",
        "referenceUrl": "https://colosseo.it/en/",
        "note": "公开遗迹矢量；部分对象包含现存或修复展示部分，不作考古实测界址。",
        "label": true
      }
    },
    {
      "type": "Feature",
      "geometry": {
        "type": "Polygon",
        "coordinates": [
          [
            [
              12.4851543,
              41.8929659
            ],
            [
              12.4852539,
              41.8930285
            ],
            [
              12.4852735,
              41.8930112
            ],
            [
              12.4853945,
              41.8930872
            ],
            [
              12.485376,
              41.8931036
            ],
            [
              12.485438,
              41.8931397
            ],
            [
              12.4856318,
              41.8929622
            ],
            [
              12.4856371,
              41.8929575
            ],
            [
              12.4855779,
              41.8929204
            ],
            [
              12.4855692,
              41.8929283
            ],
            [
              12.4854171,
              41.8928328
            ],
            [
              12.4854258,
              41.8928249
            ],
            [
              12.4853606,
              41.8927839
            ],
            [
              12.4851543,
              41.8929659
            ]
          ]
        ]
      },
      "properties": {
        "id": "rome-relation-1841079",
        "siteKey": "rome",
        "siteName": "古罗马核心区",
        "siteEnName": "Ancient Rome core",
        "name": "尤利乌斯议事堂",
        "enName": "Curia Julia",
        "originalName": "Curia Iulia",
        "role": "public",
        "period": "秦汉",
        "periodLabel": "罗马共和国／罗马帝国／晚期古代",
        "heritageId": "whc-91",
        "tentative": false,
        "sourceUrl": "https://www.openstreetmap.org/relation/1841079",
        "referenceUrl": "https://colosseo.it/en/",
        "note": "公开遗迹矢量；部分对象包含现存或修复展示部分，不作考古实测界址。",
        "label": true
      }
    },
    {
      "type": "Feature",
      "geometry": {
        "type": "Polygon",
        "coordinates": [
          [
            [
              12.4851984,
              41.891533
            ],
            [
              12.4852275,
              41.8915232
            ],
            [
              12.4855085,
              41.8919874
            ],
            [
              12.4843358,
              41.8923855
            ],
            [
              12.4843163,
              41.8923768
            ],
            [
              12.4842917,
              41.8923383
            ],
            [
              12.484264,
              41.8922951
            ],
            [
              12.484054,
              41.8919508
            ],
            [
              12.4851984,
              41.891533
            ]
          ]
        ]
      },
      "properties": {
        "id": "rome-way-131451564",
        "siteKey": "rome",
        "siteName": "古罗马核心区",
        "siteEnName": "Ancient Rome core",
        "name": "尤利乌斯巴西利卡大厅",
        "enName": "Basilica Iulia",
        "originalName": "Basilica Iulia",
        "role": "public",
        "period": "秦汉",
        "periodLabel": "罗马共和国／罗马帝国／晚期古代",
        "heritageId": "whc-91",
        "tentative": false,
        "sourceUrl": "https://www.openstreetmap.org/way/131451564",
        "referenceUrl": "https://colosseo.it/en/",
        "note": "公开遗迹矢量；部分对象包含现存或修复展示部分，不作考古实测界址。",
        "label": true
      }
    },
    {
      "type": "Feature",
      "geometry": {
        "type": "Polygon",
        "coordinates": [
          [
            [
              12.4866658,
              41.8924824
            ],
            [
              12.4865123,
              41.892296
            ],
            [
              12.4863622,
              41.8923671
            ],
            [
              12.4860082,
              41.8925358
            ],
            [
              12.4859829,
              41.8925429
            ],
            [
              12.4857722,
              41.8926405
            ],
            [
              12.4857279,
              41.8926604
            ],
            [
              12.4857183,
              41.8926655
            ],
            [
              12.4856675,
              41.8926888
            ],
            [
              12.4856503,
              41.8926952
            ],
            [
              12.4856369,
              41.8926934
            ],
            [
              12.4855498,
              41.8927351
            ],
            [
              12.4855212,
              41.8927747
            ],
            [
              12.485508,
              41.8927844
            ],
            [
              12.4856906,
              41.8929078
            ],
            [
              12.4857216,
              41.8929288
            ],
            [
              12.4857329,
              41.8929363
            ],
            [
              12.4860973,
              41.8927623
            ],
            [
              12.4866658,
              41.8924824
            ]
          ]
        ]
      },
      "properties": {
        "id": "rome-relation-1766532",
        "siteKey": "rome",
        "siteName": "古罗马核心区",
        "siteEnName": "Ancient Rome core",
        "name": "埃米利亚巴西利卡大厅",
        "enName": "Basilica Aemilia",
        "originalName": "Basilica Aemilia",
        "role": "public",
        "period": "秦汉",
        "periodLabel": "罗马共和国／罗马帝国／晚期古代",
        "heritageId": "whc-91",
        "tentative": false,
        "sourceUrl": "https://www.openstreetmap.org/relation/1766532",
        "referenceUrl": "https://colosseo.it/en/",
        "note": "公开遗迹矢量；部分对象包含现存或修复展示部分，不作考古实测界址。",
        "label": true
      }
    },
    {
      "type": "Feature",
      "geometry": {
        "type": "Polygon",
        "coordinates": [
          [
            [
              12.4886565,
              41.8913844
            ],
            [
              12.488876,
              41.8917295
            ],
            [
              12.4889785,
              41.8916966
            ],
            [
              12.4890019,
              41.8916888
            ],
            [
              12.4890159,
              41.8917115
            ],
            [
              12.4890669,
              41.891718
            ],
            [
              12.4891444,
              41.8918273
            ],
            [
              12.4891224,
              41.8918479
            ],
            [
              12.4891437,
              41.8918842
            ],
            [
              12.4891714,
              41.8919252
            ],
            [
              12.4887814,
              41.8920468
            ],
            [
              12.4886772,
              41.89208
            ],
            [
              12.4886503,
              41.8920885
            ],
            [
              12.4886386,
              41.892108
            ],
            [
              12.4886278,
              41.8921332
            ],
            [
              12.4886141,
              41.8921526
            ],
            [
              12.4885979,
              41.8921697
            ],
            [
              12.4885736,
              41.8921926
            ],
            [
              12.4885422,
              41.8922108
            ],
            [
              12.4885134,
              41.8922225
            ],
            [
              12.4884756,
              41.892234
            ],
            [
              12.4884436,
              41.8922384
            ],
            [
              12.4884105,
              41.8922412
            ],
            [
              12.4883685,
              41.8922392
            ],
            [
              12.4883378,
              41.8922336
            ],
            [
              12.4883065,
              41.8922239
            ],
            [
              12.4882842,
              41.8922144
            ],
            [
              12.4882715,
              41.8922077
            ],
            [
              12.4882522,
              41.8921977
            ],
            [
              12.4882269,
              41.8921787
            ],
            [
              12.4881966,
              41.8921888
            ],
            [
              12.4880155,
              41.8922485
            ],
            [
              12.4879754,
              41.8922628
            ],
            [
              12.487957,
              41.8922628
            ],
            [
              12.4879426,
              41.8922452
            ],
            [
              12.4879429,
              41.8922089
            ],
            [
              12.4879243,
              41.8920921
            ],
            [
              12.487916,
              41.8920591
            ],
            [
              12.4878669,
              41.8920779
            ],
            [
              12.4878335,
              41.8920251
            ],
            [
              12.487816,
              41.8920312
            ],
            [
              12.4877938,
              41.8920389
            ],
            [
              12.4877621,
              41.8920499
            ],
            [
              12.4877052,
              41.8920035
            ],
            [
              12.4876965,
              41.8919952
            ],
            [
              12.487688,
              41.8919812
            ],
            [
              12.4876842,
              41.8919649
            ],
            [
              12.4876853,
              41.8919469
            ],
            [
              12.4876901,
              41.8919281
            ],
            [
              12.4876998,
              41.8919145
            ],
            [
              12.48771,
              41.8919056
            ],
            [
              12.4877228,
              41.8918965
            ],
            [
              12.4877385,
              41.8918889
            ],
            [
              12.4876907,
              41.8918042
            ],
            [
              12.4876955,
              41.8917866
            ],
            [
              12.4876853,
              41.8917642
            ],
            [
              12.4876585,
              41.8917223
            ],
            [
              12.4875495,
              41.8917614
            ],
            [
              12.4875153,
              41.8917435
            ],
            [
              12.4874798,
              41.8917419
            ],
            [
              12.4877181,
              41.8916599
            ],
            [
              12.4879387,
              41.8915843
            ],
            [
              12.4879101,
              41.8915461
            ],
            [
              12.4881315,
              41.8914736
            ],
            [
              12.4881553,
              41.8915044
            ],
            [
              12.4884038,
              41.8914205
            ],
            [
              12.4884451,
              41.8914066
            ],
            [
              12.4885206,
              41.8913824
            ],
            [
              12.4885291,
              41.8913955
            ],
            [
              12.4885782,
              41.8913919
            ],
            [
              12.4886565,
              41.8913844
            ]
          ]
        ]
      },
      "properties": {
        "id": "rome-relation-1841078",
        "siteKey": "rome",
        "siteName": "古罗马核心区",
        "siteEnName": "Ancient Rome core",
        "name": "马克森提乌斯巴西利卡大厅",
        "enName": "Basilica of Maxentius",
        "originalName": "Basilica di Massenzio",
        "role": "public",
        "period": "魏晋南北朝",
        "periodLabel": "罗马共和国／罗马帝国／晚期古代",
        "heritageId": "whc-91",
        "tentative": false,
        "sourceUrl": "https://www.openstreetmap.org/relation/1841078",
        "referenceUrl": "https://colosseo.it/en/",
        "note": "公开遗迹矢量；部分对象包含现存或修复展示部分，不作考古实测界址。",
        "label": true
      }
    },
    {
      "type": "Feature",
      "geometry": {
        "type": "Polygon",
        "coordinates": [
          [
            [
              12.4859209,
              41.8922506
            ],
            [
              12.4862809,
              41.8920627
            ],
            [
              12.4862828,
              41.8920125
            ],
            [
              12.4861623,
              41.8918582
            ],
            [
              12.4858844,
              41.8919764
            ],
            [
              12.4858473,
              41.8919352
            ],
            [
              12.4857112,
              41.8919842
            ],
            [
              12.4859209,
              41.8922506
            ]
          ]
        ]
      },
      "properties": {
        "id": "rome-way-131451819",
        "siteKey": "rome",
        "siteName": "古罗马核心区",
        "siteEnName": "Ancient Rome core",
        "name": "神化凯撒神庙",
        "enName": "Temple of Divus Iulius",
        "originalName": "Tempio del Divo Giulio",
        "role": "temple",
        "period": "秦汉",
        "periodLabel": "罗马共和国／罗马帝国／晚期古代",
        "heritageId": "whc-91",
        "tentative": false,
        "sourceUrl": "https://www.openstreetmap.org/way/131451819",
        "referenceUrl": "https://colosseo.it/en/",
        "note": "公开遗迹矢量；部分对象包含现存或修复展示部分，不作考古实测界址。",
        "label": true
      }
    },
    {
      "type": "Feature",
      "geometry": {
        "type": "Polygon",
        "coordinates": [
          [
            [
              12.4873077,
              41.8918407
            ],
            [
              12.4872511,
              41.8917419
            ],
            [
              12.4872346,
              41.8917471
            ],
            [
              12.4872425,
              41.8917608
            ],
            [
              12.487236,
              41.8917712
            ],
            [
              12.4872262,
              41.8917805
            ],
            [
              12.4872105,
              41.8917907
            ],
            [
              12.4871931,
              41.8917967
            ],
            [
              12.487169,
              41.8918044
            ],
            [
              12.4871472,
              41.8918114
            ],
            [
              12.487131,
              41.8918147
            ],
            [
              12.4871127,
              41.8918155
            ],
            [
              12.4870955,
              41.8918149
            ],
            [
              12.4870797,
              41.8918111
            ],
            [
              12.4870731,
              41.8918007
            ],
            [
              12.4870675,
              41.8918026
            ],
            [
              12.487057,
              41.8918063
            ],
            [
              12.4870633,
              41.8918162
            ],
            [
              12.4871189,
              41.8919035
            ],
            [
              12.4871243,
              41.8919161
            ],
            [
              12.4871326,
              41.8919278
            ],
            [
              12.4871436,
              41.8919383
            ],
            [
              12.4871569,
              41.8919471
            ],
            [
              12.4871721,
              41.891954
            ],
            [
              12.4871887,
              41.8919589
            ],
            [
              12.4872079,
              41.8919621
            ],
            [
              12.4872311,
              41.8919762
            ],
            [
              12.4872376,
              41.8919699
            ],
            [
              12.4872253,
              41.8919621
            ],
            [
              12.4872486,
              41.8919592
            ],
            [
              12.4873316,
              41.8918907
            ],
            [
              12.4873077,
              41.8918407
            ]
          ],
          [
            [
              12.487117,
              41.8918696
            ],
            [
              12.4870884,
              41.8918274
            ],
            [
              12.4871008,
              41.8918289
            ],
            [
              12.4871149,
              41.8918294
            ],
            [
              12.487131,
              41.8918282
            ],
            [
              12.4871473,
              41.8918254
            ],
            [
              12.4871347,
              41.8918372
            ],
            [
              12.4871233,
              41.8918526
            ],
            [
              12.487117,
              41.8918696
            ]
          ],
          [
            [
              12.4872163,
              41.8918019
            ],
            [
              12.4872295,
              41.8917953
            ],
            [
              12.4872397,
              41.8917875
            ],
            [
              12.4872477,
              41.8917785
            ],
            [
              12.487252,
              41.8917709
            ],
            [
              12.4872757,
              41.8918135
            ],
            [
              12.4872543,
              41.8918057
            ],
            [
              12.4872376,
              41.8918024
            ],
            [
              12.4872163,
              41.8918019
            ]
          ]
        ]
      },
      "properties": {
        "id": "rome-relation-1841089",
        "siteKey": "rome",
        "siteName": "古罗马核心区",
        "siteEnName": "Ancient Rome core",
        "name": "罗慕路斯神庙",
        "enName": "Temple of Romulus",
        "originalName": "Tempio di Romolo",
        "role": "temple",
        "period": "魏晋南北朝",
        "periodLabel": "罗马共和国／罗马帝国／晚期古代",
        "heritageId": "whc-91",
        "tentative": false,
        "sourceUrl": "https://www.openstreetmap.org/relation/1841089",
        "referenceUrl": "https://colosseo.it/en/",
        "note": "公开遗迹矢量；部分对象包含现存或修复展示部分，不作考古实测界址。",
        "label": true
      }
    },
    {
      "type": "Feature",
      "geometry": {
        "type": "Polygon",
        "coordinates": [
          [
            [
              12.4866821,
              41.8920538
            ],
            [
              12.486637,
              41.8920005
            ],
            [
              12.4865553,
              41.8920137
            ],
            [
              12.4865232,
              41.8920539
            ],
            [
              12.4865684,
              41.8921072
            ],
            [
              12.4865253,
              41.8921275
            ],
            [
              12.4865839,
              41.892191
            ],
            [
              12.4865877,
              41.8921863
            ],
            [
              12.4867683,
              41.8921015
            ],
            [
              12.4867916,
              41.8920899
            ],
            [
              12.4867396,
              41.8920269
            ],
            [
              12.4866821,
              41.8920538
            ]
          ]
        ]
      },
      "properties": {
        "id": "rome-relation-1841090",
        "siteKey": "rome",
        "siteName": "古罗马核心区",
        "siteEnName": "Ancient Rome core",
        "name": "安东尼努斯与法乌斯蒂娜神庙",
        "enName": "Temple of Antoninus and Faustina",
        "originalName": "Tempio di Antonino e Faustina",
        "role": "temple",
        "period": "秦汉",
        "periodLabel": "罗马共和国／罗马帝国／晚期古代",
        "heritageId": "whc-91",
        "tentative": false,
        "sourceUrl": "https://www.openstreetmap.org/relation/1841090",
        "referenceUrl": "https://colosseo.it/en/",
        "note": "公开遗迹矢量；部分对象包含现存或修复展示部分，不作考古实测界址。",
        "label": true
      }
    },
    {
      "type": "Feature",
      "geometry": {
        "type": "Polygon",
        "coordinates": [
          [
            [
              12.4904092,
              41.8911717
            ],
            [
              12.4895106,
              41.8914179
            ],
            [
              12.4894556,
              41.891433
            ],
            [
              12.4894333,
              41.8913949
            ],
            [
              12.4895235,
              41.8913671
            ],
            [
              12.4895069,
              41.8913339
            ],
            [
              12.4895009,
              41.8912703
            ],
            [
              12.4894987,
              41.8912266
            ],
            [
              12.4897069,
              41.89115
            ],
            [
              12.4896794,
              41.8910986
            ],
            [
              12.4896539,
              41.8911058
            ],
            [
              12.4896271,
              41.891056
            ],
            [
              12.4896126,
              41.8910338
            ],
            [
              12.4896021,
              41.8910155
            ],
            [
              12.4895287,
              41.8910407
            ],
            [
              12.4895151,
              41.8910151
            ],
            [
              12.4894471,
              41.8910356
            ],
            [
              12.4893572,
              41.8908888
            ],
            [
              12.4893922,
              41.8908785
            ],
            [
              12.4893819,
              41.8908509
            ],
            [
              12.4893712,
              41.8908337
            ],
            [
              12.4893611,
              41.890814
            ],
            [
              12.4890183,
              41.8909112
            ],
            [
              12.4889814,
              41.8909222
            ],
            [
              12.4889868,
              41.8909303
            ],
            [
              12.4889618,
              41.8909385
            ],
            [
              12.488905,
              41.8909574
            ],
            [
              12.4889341,
              41.8910205
            ],
            [
              12.4887512,
              41.8910813
            ],
            [
              12.488733,
              41.8910433
            ],
            [
              12.4886408,
              41.8908562
            ],
            [
              12.4886295,
              41.8908317
            ],
            [
              12.4886689,
              41.8908196
            ],
            [
              12.4886609,
              41.8907996
            ],
            [
              12.4886817,
              41.8907936
            ],
            [
              12.4886703,
              41.8907712
            ],
            [
              12.4886877,
              41.8907647
            ],
            [
              12.488674,
              41.8907413
            ],
            [
              12.4886893,
              41.8907383
            ],
            [
              12.4887178,
              41.8907301
            ],
            [
              12.489059,
              41.8906352
            ],
            [
              12.48905,
              41.8906131
            ],
            [
              12.4890369,
              41.890581
            ],
            [
              12.4894224,
              41.8904733
            ],
            [
              12.4902737,
              41.8902353
            ],
            [
              12.4903077,
              41.8902258
            ],
            [
              12.4903222,
              41.8902529
            ],
            [
              12.4903304,
              41.8903016
            ],
            [
              12.4903956,
              41.8904437
            ],
            [
              12.490405,
              41.8904415
            ],
            [
              12.4904167,
              41.8904624
            ],
            [
              12.4905068,
              41.8906373
            ],
            [
              12.4905181,
              41.8906341
            ],
            [
              12.4905381,
              41.890673
            ],
            [
              12.4905246,
              41.8906768
            ],
            [
              12.4906167,
              41.8908567
            ],
            [
              12.490634,
              41.8908513
            ],
            [
              12.4906559,
              41.8908982
            ],
            [
              12.4905985,
              41.8909128
            ],
            [
              12.4906401,
              41.8909938
            ],
            [
              12.4905868,
              41.8910081
            ],
            [
              12.4906036,
              41.8910445
            ],
            [
              12.4903764,
              41.8911064
            ],
            [
              12.4904092,
              41.8911717
            ]
          ]
        ]
      },
      "properties": {
        "id": "rome-relation-1841091",
        "siteKey": "rome",
        "siteName": "古罗马核心区",
        "siteEnName": "Ancient Rome core",
        "name": "维纳斯与罗马神庙",
        "enName": "Temple of Venus and Roma",
        "originalName": "Tempio di Venere e Roma",
        "role": "temple",
        "period": "秦汉",
        "periodLabel": "罗马共和国／罗马帝国／晚期古代",
        "heritageId": "whc-91",
        "tentative": false,
        "sourceUrl": "https://www.openstreetmap.org/relation/1841091",
        "referenceUrl": "https://colosseo.it/en/",
        "note": "公开遗迹矢量；部分对象包含现存或修复展示部分，不作考古实测界址。",
        "label": true
      }
    },
    {
      "type": "Feature",
      "geometry": {
        "type": "Polygon",
        "coordinates": [
          [
            [
              12.4858242,
              41.8916009
            ],
            [
              12.4858121,
              41.8915805
            ],
            [
              12.4857926,
              41.8915522
            ],
            [
              12.4857657,
              41.8915093
            ],
            [
              12.4857874,
              41.8915018
            ],
            [
              12.4857846,
              41.8914973
            ],
            [
              12.4857767,
              41.891485
            ],
            [
              12.4857667,
              41.8914693
            ],
            [
              12.4857552,
              41.89145
            ],
            [
              12.4857531,
              41.891456
            ],
            [
              12.4857474,
              41.8914607
            ],
            [
              12.4857394,
              41.8914629
            ],
            [
              12.4857309,
              41.891462
            ],
            [
              12.4857241,
              41.8914583
            ],
            [
              12.4857152,
              41.8914607
            ],
            [
              12.4856917,
              41.8914125
            ],
            [
              12.485701,
              41.89141
            ],
            [
              12.4856942,
              41.891396
            ],
            [
              12.4852879,
              41.8915219
            ],
            [
              12.4855385,
              41.8919303
            ],
            [
              12.4855501,
              41.8919264
            ],
            [
              12.4855689,
              41.8919562
            ],
            [
              12.4856315,
              41.8919385
            ],
            [
              12.4856374,
              41.8919494
            ],
            [
              12.4858094,
              41.8918899
            ],
            [
              12.4858002,
              41.8918768
            ],
            [
              12.4859176,
              41.8918373
            ],
            [
              12.485975,
              41.8917843
            ],
            [
              12.4859079,
              41.8917089
            ],
            [
              12.4858938,
              41.8917002
            ],
            [
              12.4858242,
              41.8916009
            ]
          ]
        ]
      },
      "properties": {
        "id": "rome-relation-1842061",
        "siteKey": "rome",
        "siteName": "古罗马核心区",
        "siteEnName": "Ancient Rome core",
        "name": "卡斯托尔与波吕克斯神庙",
        "enName": "Temple of Castor and Pollux",
        "originalName": "Templum Castoris",
        "role": "temple",
        "period": "秦汉",
        "periodLabel": "罗马共和国／罗马帝国／晚期古代",
        "heritageId": "whc-91",
        "tentative": false,
        "sourceUrl": "https://www.openstreetmap.org/relation/1842061",
        "referenceUrl": "https://colosseo.it/en/",
        "note": "公开遗迹矢量；部分对象包含现存或修复展示部分，不作考古实测界址。",
        "label": true
      }
    },
    {
      "type": "Feature",
      "geometry": {
        "type": "Polygon",
        "coordinates": [
          [
            [
              12.4862609,
              41.8917334
            ],
            [
              12.4862698,
              41.8917254
            ],
            [
              12.4862746,
              41.8917193
            ],
            [
              12.4862789,
              41.8917108
            ],
            [
              12.4862813,
              41.891698
            ],
            [
              12.4862797,
              41.8916858
            ],
            [
              12.4862757,
              41.8916757
            ],
            [
              12.4862669,
              41.8916669
            ],
            [
              12.4862542,
              41.8916554
            ],
            [
              12.4862388,
              41.8916454
            ],
            [
              12.4862205,
              41.8916386
            ],
            [
              12.4862004,
              41.8916355
            ],
            [
              12.48618,
              41.8916363
            ],
            [
              12.4861605,
              41.8916411
            ],
            [
              12.4861433,
              41.8916493
            ],
            [
              12.4861295,
              41.8916606
            ],
            [
              12.4861201,
              41.8916741
            ],
            [
              12.4861156,
              41.891689
            ],
            [
              12.4861164,
              41.8917042
            ],
            [
              12.4861234,
              41.8917175
            ],
            [
              12.4861338,
              41.8917285
            ],
            [
              12.4861435,
              41.8917365
            ],
            [
              12.4861577,
              41.8917437
            ],
            [
              12.4861725,
              41.8917483
            ],
            [
              12.486183,
              41.8917509
            ],
            [
              12.4861935,
              41.8917516
            ],
            [
              12.4862056,
              41.8917513
            ],
            [
              12.4862176,
              41.8917497
            ],
            [
              12.4862281,
              41.8917473
            ],
            [
              12.4862366,
              41.8917447
            ],
            [
              12.4862486,
              41.8917407
            ],
            [
              12.4862609,
              41.8917334
            ]
          ]
        ]
      },
      "properties": {
        "id": "rome-relation-1842062",
        "siteKey": "rome",
        "siteName": "古罗马核心区",
        "siteEnName": "Ancient Rome core",
        "name": "维斯塔神庙",
        "enName": "Temple of Vesta",
        "originalName": "Tempio di Vesta",
        "role": "temple",
        "period": "秦汉",
        "periodLabel": "罗马共和国／罗马帝国／晚期古代",
        "heritageId": "whc-91",
        "tentative": false,
        "sourceUrl": "https://www.openstreetmap.org/relation/1842062",
        "referenceUrl": "https://colosseo.it/en/",
        "note": "公开遗迹矢量；部分对象包含现存或修复展示部分，不作考古实测界址。",
        "label": true
      }
    },
    {
      "type": "Feature",
      "geometry": {
        "type": "Polygon",
        "coordinates": [
          [
            [
              12.486749,
              41.8910759
            ],
            [
              12.4867561,
              41.8910737
            ],
            [
              12.4867638,
              41.8910712
            ],
            [
              12.4867685,
              41.8910697
            ],
            [
              12.4867999,
              41.8910596
            ],
            [
              12.4868066,
              41.8910575
            ],
            [
              12.4868131,
              41.8910554
            ],
            [
              12.4868193,
              41.8910534
            ],
            [
              12.486862,
              41.8910397
            ],
            [
              12.4868684,
              41.8910377
            ],
            [
              12.4868813,
              41.8910335
            ],
            [
              12.4869284,
              41.8910184
            ],
            [
              12.4869461,
              41.8910128
            ],
            [
              12.4869808,
              41.8910016
            ],
            [
              12.4869988,
              41.8909959
            ],
            [
              12.4870487,
              41.8909799
            ],
            [
              12.4870828,
              41.8910389
            ],
            [
              12.4872011,
              41.8912247
            ],
            [
              12.4871714,
              41.8912329
            ],
            [
              12.4872737,
              41.8914149
            ],
            [
              12.4872795,
              41.8914248
            ],
            [
              12.4870022,
              41.8915175
            ],
            [
              12.4869599,
              41.8915321
            ],
            [
              12.4869663,
              41.8915423
            ],
            [
              12.486955,
              41.8915462
            ],
            [
              12.4869486,
              41.891536
            ],
            [
              12.4869347,
              41.8915408
            ],
            [
              12.4868936,
              41.891555
            ],
            [
              12.4868906,
              41.8915511
            ],
            [
              12.4868664,
              41.8915109
            ],
            [
              12.4868143,
              41.8915282
            ],
            [
              12.4868343,
              41.8915615
            ],
            [
              12.4868222,
              41.8915655
            ],
            [
              12.4868022,
              41.8915323
            ],
            [
              12.4867564,
              41.8915475
            ],
            [
              12.4867748,
              41.891578
            ],
            [
              12.486763,
              41.891582
            ],
            [
              12.4867447,
              41.8915515
            ],
            [
              12.4866955,
              41.8915679
            ],
            [
              12.4867142,
              41.8915989
            ],
            [
              12.486726,
              41.8916129
            ],
            [
              12.4867313,
              41.8916214
            ],
            [
              12.4867131,
              41.8916277
            ],
            [
              12.4867077,
              41.8916192
            ],
            [
              12.4867018,
              41.891603
            ],
            [
              12.4866831,
              41.891572
            ],
            [
              12.486637,
              41.8915874
            ],
            [
              12.4866553,
              41.8916178
            ],
            [
              12.4866661,
              41.8916334
            ],
            [
              12.4866718,
              41.8916426
            ],
            [
              12.4866555,
              41.8916482
            ],
            [
              12.4866498,
              41.8916391
            ],
            [
              12.4866439,
              41.8916216
            ],
            [
              12.4866256,
              41.8915912
            ],
            [
              12.4865761,
              41.8916077
            ],
            [
              12.4865958,
              41.8916405
            ],
            [
              12.4866073,
              41.8916543
            ],
            [
              12.486613,
              41.8916634
            ],
            [
              12.4865967,
              41.8916691
            ],
            [
              12.4865909,
              41.8916599
            ],
            [
              12.4865861,
              41.8916437
            ],
            [
              12.4865662,
              41.891611
            ],
            [
              12.4865195,
              41.8916267
            ],
            [
              12.4865398,
              41.8916601
            ],
            [
              12.4865271,
              41.8916646
            ],
            [
              12.4864963,
              41.8916094
            ],
            [
              12.4864929,
              41.8916037
            ],
            [
              12.4864804,
              41.891583
            ],
            [
              12.4864776,
              41.8915784
            ],
            [
              12.4864646,
              41.8915569
            ],
            [
              12.4864254,
              41.89157
            ],
            [
              12.4863575,
              41.8915929
            ],
            [
              12.4863228,
              41.8916046
            ],
            [
              12.4863052,
              41.8916105
            ],
            [
              12.4862929,
              41.8915902
            ],
            [
              12.4862828,
              41.8915724
            ],
            [
              12.486277,
              41.8915744
            ],
            [
              12.4862458,
              41.8915849
            ],
            [
              12.4862288,
              41.8915907
            ],
            [
              12.4862092,
              41.8915973
            ],
            [
              12.4861943,
              41.8916024
            ],
            [
              12.4861743,
              41.8916091
            ],
            [
              12.4861621,
              41.8916133
            ],
            [
              12.4861485,
              41.8916179
            ],
            [
              12.4861409,
              41.8916204
            ],
            [
              12.4861433,
              41.8916243
            ],
            [
              12.4861388,
              41.8916258
            ],
            [
              12.4861356,
              41.8916205
            ],
            [
              12.4861229,
              41.8916248
            ],
            [
              12.4861153,
              41.8916124
            ],
            [
              12.4860919,
              41.8916196
            ],
            [
              12.486098,
              41.891632
            ],
            [
              12.4860901,
              41.8916347
            ],
            [
              12.4861044,
              41.8916587
            ],
            [
              12.4860891,
              41.8916639
            ],
            [
              12.4860811,
              41.8916432
            ],
            [
              12.4860689,
              41.8916085
            ],
            [
              12.4860628,
              41.8915661
            ],
            [
              12.4860575,
              41.8915674
            ],
            [
              12.4860448,
              41.8915167
            ],
            [
              12.4860387,
              41.8914808
            ],
            [
              12.486037,
              41.8914685
            ],
            [
              12.4860354,
              41.8914214
            ],
            [
              12.4860263,
              41.8914104
            ],
            [
              12.4860232,
              41.8913631
            ],
            [
              12.4860229,
              41.8913572
            ],
            [
              12.4860309,
              41.8913543
            ],
            [
              12.4860382,
              41.8913517
            ],
            [
              12.4861037,
              41.8913297
            ],
            [
              12.4861103,
              41.8913271
            ],
            [
              12.4861283,
              41.8913208
            ],
            [
              12.4861508,
              41.8913129
            ],
            [
              12.486156,
              41.8913115
            ],
            [
              12.4861537,
              41.891307
            ],
            [
              12.4861993,
              41.8912919
            ],
            [
              12.4862073,
              41.8912892
            ],
            [
              12.4862851,
              41.8912621
            ],
            [
              12.4862954,
              41.8912586
            ],
            [
              12.4864716,
              41.8911998
            ],
            [
              12.4864821,
              41.8911962
            ],
            [
              12.4865644,
              41.8911699
            ],
            [
              12.4866313,
              41.8911474
            ],
            [
              12.4866831,
              41.8911303
            ],
            [
              12.4867055,
              41.8911231
            ],
            [
              12.4866985,
              41.891111
            ],
            [
              12.4867152,
              41.8911056
            ],
            [
              12.486706,
              41.8910897
            ],
            [
              12.486749,
              41.8910759
            ]
          ]
        ]
      },
      "properties": {
        "id": "rome-relation-1842058",
        "siteKey": "rome",
        "siteName": "古罗马核心区",
        "siteEnName": "Ancient Rome core",
        "name": "维斯塔贞女之家",
        "enName": "House of the Vestal Virgins",
        "originalName": "Casa delle Vestali",
        "role": "house",
        "period": "秦汉",
        "periodLabel": "罗马共和国／罗马帝国／晚期古代",
        "heritageId": "whc-91",
        "tentative": false,
        "sourceUrl": "https://www.openstreetmap.org/relation/1842058",
        "referenceUrl": "https://colosseo.it/en/",
        "note": "公开遗迹矢量；部分对象包含现存或修复展示部分，不作考古实测界址。",
        "label": true
      }
    },
    {
      "type": "Feature",
      "geometry": {
        "type": "Polygon",
        "coordinates": [
          [
            [
              12.4859132,
              41.8915975
            ],
            [
              12.4858694,
              41.891613
            ],
            [
              12.4858238,
              41.8915381
            ],
            [
              12.4858979,
              41.8915123
            ],
            [
              12.485935,
              41.8915785
            ],
            [
              12.4859257,
              41.8915821
            ],
            [
              12.4859311,
              41.8915913
            ],
            [
              12.4859203,
              41.8915951
            ],
            [
              12.4859132,
              41.8915975
            ]
          ]
        ]
      },
      "properties": {
        "id": "rome-relation-1765428",
        "siteKey": "rome",
        "siteName": "古罗马核心区",
        "siteEnName": "Ancient Rome core",
        "name": "尤图尔娜泉",
        "enName": "Spring of Juturna",
        "originalName": "Lacus Iuturnae",
        "role": "water",
        "period": "秦汉",
        "periodLabel": "罗马共和国／罗马帝国／晚期古代",
        "heritageId": "whc-91",
        "tentative": false,
        "sourceUrl": "https://www.openstreetmap.org/relation/1765428",
        "referenceUrl": "https://colosseo.it/en/",
        "note": "公开遗迹矢量；部分对象包含现存或修复展示部分，不作考古实测界址。",
        "label": true
      }
    },
    {
      "type": "Feature",
      "geometry": {
        "type": "Polygon",
        "coordinates": [
          [
            [
              12.4865739,
              41.8917851
            ],
            [
              12.4863209,
              41.8917769
            ],
            [
              12.4862637,
              41.8917808
            ],
            [
              12.4862411,
              41.8917856
            ],
            [
              12.4862533,
              41.8918631
            ],
            [
              12.4862714,
              41.8919399
            ],
            [
              12.4862912,
              41.8919402
            ],
            [
              12.4863126,
              41.8919635
            ],
            [
              12.4863278,
              41.8919805
            ],
            [
              12.4863274,
              41.8919854
            ],
            [
              12.4863231,
              41.8919995
            ],
            [
              12.4863337,
              41.8920119
            ],
            [
              12.4863621,
              41.8920412
            ],
            [
              12.4863721,
              41.8920358
            ],
            [
              12.4863978,
              41.8920228
            ],
            [
              12.4864985,
              41.8919652
            ],
            [
              12.4865912,
              41.8919104
            ],
            [
              12.48662,
              41.8918921
            ],
            [
              12.4865739,
              41.8917851
            ]
          ]
        ]
      },
      "properties": {
        "id": "rome-relation-1765429",
        "siteKey": "rome",
        "siteName": "古罗马核心区",
        "siteEnName": "Ancient Rome core",
        "name": "雷吉亚祭司建筑",
        "enName": "Regia",
        "originalName": "Regia",
        "role": "public",
        "period": "秦汉",
        "periodLabel": "罗马共和国／罗马帝国／晚期古代",
        "heritageId": "whc-91",
        "tentative": false,
        "sourceUrl": "https://www.openstreetmap.org/relation/1765429",
        "referenceUrl": "https://colosseo.it/en/",
        "note": "公开遗迹矢量；部分对象包含现存或修复展示部分，不作考古实测界址。",
        "label": true
      }
    },
    {
      "type": "Feature",
      "geometry": {
        "type": "Polygon",
        "coordinates": [
          [
            [
              12.4867492,
              41.8882647
            ],
            [
              12.4865855,
              41.8883784
            ],
            [
              12.4866216,
              41.8884082
            ],
            [
              12.4865323,
              41.8884678
            ],
            [
              12.4863796,
              41.8883439
            ],
            [
              12.4865179,
              41.8882459
            ],
            [
              12.4863385,
              41.8881092
            ],
            [
              12.4863284,
              41.8881013
            ],
            [
              12.4863111,
              41.8881135
            ],
            [
              12.4862712,
              41.8881418
            ],
            [
              12.4862377,
              41.8881609
            ],
            [
              12.4862068,
              41.8881832
            ],
            [
              12.4861964,
              41.888175
            ],
            [
              12.4861802,
              41.8881594
            ],
            [
              12.4861297,
              41.8881923
            ],
            [
              12.4861155,
              41.8882064
            ],
            [
              12.4861086,
              41.8882103
            ],
            [
              12.4861166,
              41.8882184
            ],
            [
              12.486108,
              41.8882235
            ],
            [
              12.4860989,
              41.8882154
            ],
            [
              12.4860777,
              41.8882307
            ],
            [
              12.4860783,
              41.888238
            ],
            [
              12.4860604,
              41.8882437
            ],
            [
              12.4860385,
              41.8882534
            ],
            [
              12.485972,
              41.888304
            ],
            [
              12.4858916,
              41.8883539
            ],
            [
              12.4858941,
              41.8883642
            ],
            [
              12.4859048,
              41.8883745
            ],
            [
              12.4858979,
              41.8883806
            ],
            [
              12.4858973,
              41.8883952
            ],
            [
              12.4858699,
              41.8884147
            ],
            [
              12.4858394,
              41.8884382
            ],
            [
              12.4858291,
              41.8884302
            ],
            [
              12.4857096,
              41.8885188
            ],
            [
              12.4856648,
              41.8885592
            ],
            [
              12.4857538,
              41.8886176
            ],
            [
              12.4857223,
              41.8886429
            ],
            [
              12.4859919,
              41.888829
            ],
            [
              12.4858986,
              41.8889038
            ],
            [
              12.4863673,
              41.8892334
            ],
            [
              12.4864004,
              41.8892581
            ],
            [
              12.4864223,
              41.8892418
            ],
            [
              12.4864573,
              41.8892703
            ],
            [
              12.4867341,
              41.8894857
            ],
            [
              12.4868001,
              41.889537
            ],
            [
              12.4869356,
              41.8894437
            ],
            [
              12.4869614,
              41.8894649
            ],
            [
              12.4870156,
              41.8894285
            ],
            [
              12.4869891,
              41.8894066
            ],
            [
              12.487149,
              41.8892991
            ],
            [
              12.4871764,
              41.8893217
            ],
            [
              12.4872481,
              41.8892744
            ],
            [
              12.4873096,
              41.8892322
            ],
            [
              12.4872802,
              41.889208
            ],
            [
              12.4874139,
              41.8891181
            ],
            [
              12.4874403,
              41.8891399
            ],
            [
              12.4874944,
              41.8891039
            ],
            [
              12.4874722,
              41.8890829
            ],
            [
              12.4875118,
              41.8890608
            ],
            [
              12.4875226,
              41.8890544
            ],
            [
              12.4874916,
              41.8890291
            ],
            [
              12.4875185,
              41.8889809
            ],
            [
              12.4873983,
              41.8888932
            ],
            [
              12.4873258,
              41.8887538
            ],
            [
              12.4872115,
              41.888651
            ],
            [
              12.487063,
              41.8885296
            ],
            [
              12.4870538,
              41.8885219
            ],
            [
              12.4870586,
              41.8885187
            ],
            [
              12.4869796,
              41.8884528
            ],
            [
              12.4869891,
              41.8884465
            ],
            [
              12.4868004,
              41.8883051
            ],
            [
              12.4867492,
              41.8882647
            ]
          ]
        ]
      },
      "properties": {
        "id": "rome-relation-1857984",
        "siteKey": "rome",
        "siteName": "古罗马核心区",
        "siteEnName": "Ancient Rome core",
        "name": "弗拉维宫",
        "enName": "Domus Flavia",
        "originalName": "Domus Flavia",
        "role": "house",
        "period": "秦汉",
        "periodLabel": "罗马共和国／罗马帝国／晚期古代",
        "heritageId": "whc-91",
        "tentative": false,
        "sourceUrl": "https://www.openstreetmap.org/relation/1857984",
        "referenceUrl": "https://colosseo.it/en/",
        "note": "公开遗迹矢量；部分对象包含现存或修复展示部分，不作考古实测界址。",
        "label": true
      }
    },
    {
      "type": "Feature",
      "geometry": {
        "type": "Polygon",
        "coordinates": [
          [
            [
              12.4864337,
              41.8871355
            ],
            [
              12.4864282,
              41.8871542
            ],
            [
              12.486414,
              41.8871883
            ],
            [
              12.4863967,
              41.8872293
            ],
            [
              12.4863833,
              41.8872516
            ],
            [
              12.4863691,
              41.8872757
            ],
            [
              12.486351,
              41.8873009
            ],
            [
              12.4863273,
              41.887332
            ],
            [
              12.4863052,
              41.887356
            ],
            [
              12.4862761,
              41.8873865
            ],
            [
              12.4862406,
              41.8874141
            ],
            [
              12.4862067,
              41.8874358
            ],
            [
              12.4862186,
              41.887447
            ],
            [
              12.486223,
              41.8874436
            ],
            [
              12.4862602,
              41.8874713
            ],
            [
              12.4862351,
              41.8874863
            ],
            [
              12.4862182,
              41.8874689
            ],
            [
              12.4862158,
              41.8874725
            ],
            [
              12.4862303,
              41.8874905
            ],
            [
              12.4862239,
              41.8874953
            ],
            [
              12.4861879,
              41.8874695
            ],
            [
              12.4861916,
              41.8874656
            ],
            [
              12.486192,
              41.8874611
            ],
            [
              12.4861783,
              41.8874662
            ],
            [
              12.4861613,
              41.8874743
            ],
            [
              12.4861476,
              41.887483
            ],
            [
              12.4861278,
              41.8874929
            ],
            [
              12.4861081,
              41.8875031
            ],
            [
              12.4860911,
              41.8875094
            ],
            [
              12.4860705,
              41.8875193
            ],
            [
              12.4860447,
              41.8875325
            ],
            [
              12.4860245,
              41.8875416
            ],
            [
              12.4860056,
              41.8875512
            ],
            [
              12.4859902,
              41.8875551
            ],
            [
              12.4859935,
              41.8875602
            ],
            [
              12.4860084,
              41.8875707
            ],
            [
              12.4860221,
              41.8875824
            ],
            [
              12.4860314,
              41.887592
            ],
            [
              12.4860221,
              41.8875971
            ],
            [
              12.4860253,
              41.887601
            ],
            [
              12.4860338,
              41.8876064
            ],
            [
              12.4860407,
              41.8876091
            ],
            [
              12.4860495,
              41.8876157
            ],
            [
              12.4860584,
              41.887623
            ],
            [
              12.4860584,
              41.8876284
            ],
            [
              12.4860282,
              41.887647
            ],
            [
              12.4860134,
              41.8876386
            ],
            [
              12.4860031,
              41.8876287
            ],
            [
              12.4859931,
              41.8876206
            ],
            [
              12.4859866,
              41.8876076
            ],
            [
              12.485966,
              41.8876129
            ],
            [
              12.4859647,
              41.8876155
            ],
            [
              12.4859702,
              41.8876189
            ],
            [
              12.485974,
              41.8876244
            ],
            [
              12.4859776,
              41.8876314
            ],
            [
              12.4859837,
              41.8876388
            ],
            [
              12.485984,
              41.8876451
            ],
            [
              12.4859869,
              41.8876525
            ],
            [
              12.4859892,
              41.8876581
            ],
            [
              12.4859866,
              41.8876631
            ],
            [
              12.4859531,
              41.8876689
            ],
            [
              12.4859505,
              41.8876571
            ],
            [
              12.485946,
              41.8876444
            ],
            [
              12.4859408,
              41.8876333
            ],
            [
              12.4859485,
              41.8876316
            ],
            [
              12.4859453,
              41.8876215
            ],
            [
              12.4859337,
              41.8876235
            ],
            [
              12.4859153,
              41.8876295
            ],
            [
              12.4859182,
              41.8876362
            ],
            [
              12.4859282,
              41.8876333
            ],
            [
              12.4859311,
              41.8876403
            ],
            [
              12.4859356,
              41.8876506
            ],
            [
              12.4859398,
              41.8876624
            ],
            [
              12.4859424,
              41.8876754
            ],
            [
              12.4859456,
              41.8876816
            ],
            [
              12.4858969,
              41.8876929
            ],
            [
              12.4858933,
              41.8876826
            ],
            [
              12.4858888,
              41.8876694
            ],
            [
              12.4858817,
              41.8876492
            ],
            [
              12.4858911,
              41.887647
            ],
            [
              12.4858872,
              41.8876372
            ],
            [
              12.4858633,
              41.8876432
            ],
            [
              12.4858656,
              41.8876458
            ],
            [
              12.4858688,
              41.887653
            ],
            [
              12.485872,
              41.8876662
            ],
            [
              12.4858762,
              41.8876677
            ],
            [
              12.4858778,
              41.8876828
            ],
            [
              12.4858401,
              41.8876833
            ],
            [
              12.4858388,
              41.8876638
            ],
            [
              12.4858317,
              41.8876638
            ],
            [
              12.4858317,
              41.8876595
            ],
            [
              12.4858401,
              41.8876593
            ],
            [
              12.4858388,
              41.8876477
            ],
            [
              12.4858336,
              41.8876477
            ],
            [
              12.4858304,
              41.8876501
            ],
            [
              12.4857926,
              41.8876597
            ],
            [
              12.4857901,
              41.8876653
            ],
            [
              12.4857946,
              41.8876665
            ],
            [
              12.4857991,
              41.8876718
            ],
            [
              12.4858049,
              41.8876725
            ],
            [
              12.4858143,
              41.8876797
            ],
            [
              12.4858255,
              41.8876863
            ],
            [
              12.4858356,
              41.8876929
            ],
            [
              12.4858443,
              41.8876981
            ],
            [
              12.4858578,
              41.8877061
            ],
            [
              12.4858736,
              41.887713
            ],
            [
              12.485901,
              41.8877124
            ],
            [
              12.4859083,
              41.8877367
            ],
            [
              12.4859333,
              41.8877536
            ],
            [
              12.4859292,
              41.8877572
            ],
            [
              12.4859555,
              41.8877758
            ],
            [
              12.4859551,
              41.8877791
            ],
            [
              12.4859615,
              41.8877839
            ],
            [
              12.4859962,
              41.8878103
            ],
            [
              12.486023,
              41.8878289
            ],
            [
              12.48603,
              41.8878327
            ],
            [
              12.486052,
              41.8878195
            ],
            [
              12.4860596,
              41.8878247
            ],
            [
              12.4860683,
              41.8878186
            ],
            [
              12.4861086,
              41.8878504
            ],
            [
              12.4861036,
              41.8878538
            ],
            [
              12.4861209,
              41.8878679
            ],
            [
              12.4861419,
              41.8878858
            ],
            [
              12.486156,
              41.8878967
            ],
            [
              12.4861642,
              41.8878909
            ],
            [
              12.4862004,
              41.887862
            ],
            [
              12.4862444,
              41.8878968
            ],
            [
              12.4862391,
              41.8879005
            ],
            [
              12.4862483,
              41.8879077
            ],
            [
              12.486254,
              41.8879037
            ],
            [
              12.4862717,
              41.8879178
            ],
            [
              12.4862669,
              41.8879211
            ],
            [
              12.4862766,
              41.8879287
            ],
            [
              12.4862798,
              41.8879265
            ],
            [
              12.4863206,
              41.8879588
            ],
            [
              12.4863736,
              41.8879217
            ],
            [
              12.4863842,
              41.8879301
            ],
            [
              12.4863934,
              41.8879237
            ],
            [
              12.4863823,
              41.887915
            ],
            [
              12.4864309,
              41.887881
            ],
            [
              12.4864812,
              41.8879208
            ],
            [
              12.486478,
              41.887924
            ],
            [
              12.4865095,
              41.8879482
            ],
            [
              12.4864471,
              41.8879895
            ],
            [
              12.4865855,
              41.888099
            ],
            [
              12.4865758,
              41.8881067
            ],
            [
              12.4865844,
              41.8881139
            ],
            [
              12.4866325,
              41.8880811
            ],
            [
              12.4866965,
              41.8881288
            ],
            [
              12.4867055,
              41.8881263
            ],
            [
              12.4867184,
              41.8881178
            ],
            [
              12.4867273,
              41.8881092
            ],
            [
              12.4867479,
              41.8881249
            ],
            [
              12.4867353,
              41.8881339
            ],
            [
              12.4867461,
              41.8881415
            ],
            [
              12.48676,
              41.8881505
            ],
            [
              12.4867978,
              41.8881799
            ],
            [
              12.4867869,
              41.8881872
            ],
            [
              12.4868121,
              41.8882067
            ],
            [
              12.4868298,
              41.888194
            ],
            [
              12.4868401,
              41.8882016
            ],
            [
              12.4867492,
              41.8882647
            ],
            [
              12.4868004,
              41.8883051
            ],
            [
              12.4869891,
              41.8884465
            ],
            [
              12.4869796,
              41.8884528
            ],
            [
              12.4870586,
              41.8885187
            ],
            [
              12.4870538,
              41.8885219
            ],
            [
              12.487063,
              41.8885296
            ],
            [
              12.4872115,
              41.888651
            ],
            [
              12.4873258,
              41.8887538
            ],
            [
              12.4873983,
              41.8888932
            ],
            [
              12.4875185,
              41.8889809
            ],
            [
              12.4875546,
              41.8889623
            ],
            [
              12.48756,
              41.8889751
            ],
            [
              12.487587,
              41.8889711
            ],
            [
              12.4876287,
              41.8889509
            ],
            [
              12.4876574,
              41.8889334
            ],
            [
              12.4876916,
              41.8889211
            ],
            [
              12.4877456,
              41.888908
            ],
            [
              12.4877825,
              41.8888997
            ],
            [
              12.4878276,
              41.8888809
            ],
            [
              12.487867,
              41.8888649
            ],
            [
              12.4878966,
              41.8888501
            ],
            [
              12.4879203,
              41.8888332
            ],
            [
              12.4879256,
              41.8888216
            ],
            [
              12.4879242,
              41.888806
            ],
            [
              12.4879302,
              41.8887936
            ],
            [
              12.4879528,
              41.8887815
            ],
            [
              12.4879804,
              41.8887665
            ],
            [
              12.4879941,
              41.8887548
            ],
            [
              12.4880178,
              41.8887136
            ],
            [
              12.4880343,
              41.8886679
            ],
            [
              12.4880619,
              41.8886258
            ],
            [
              12.4880975,
              41.8885738
            ],
            [
              12.4881344,
              41.8885218
            ],
            [
              12.4881539,
              41.8884842
            ],
            [
              12.4881647,
              41.8884769
            ],
            [
              12.4880796,
              41.8884066
            ],
            [
              12.4880697,
              41.8883984
            ],
            [
              12.4880609,
              41.888391
            ],
            [
              12.4879158,
              41.8882696
            ],
            [
              12.4879057,
              41.888276
            ],
            [
              12.4878442,
              41.8882225
            ],
            [
              12.4878383,
              41.8882141
            ],
            [
              12.4878272,
              41.8882057
            ],
            [
              12.4877733,
              41.8881608
            ],
            [
              12.4877624,
              41.8881571
            ],
            [
              12.4877471,
              41.8881438
            ],
            [
              12.4877579,
              41.8881365
            ],
            [
              12.4870381,
              41.8875459
            ],
            [
              12.4866378,
              41.8871992
            ],
            [
              12.4866278,
              41.8872142
            ],
            [
              12.4866026,
              41.8871949
            ],
            [
              12.4864834,
              41.8870934
            ],
            [
              12.4864729,
              41.8870871
            ],
            [
              12.4864576,
              41.8870892
            ],
            [
              12.4864475,
              41.8870799
            ],
            [
              12.4863979,
              41.8871185
            ],
            [
              12.4864337,
              41.8871355
            ]
          ]
        ]
      },
      "properties": {
        "id": "rome-relation-1805347",
        "siteKey": "rome",
        "siteName": "古罗马核心区",
        "siteEnName": "Ancient Rome core",
        "name": "奥古斯塔纳宫",
        "enName": "Domus Augustana",
        "originalName": "Domus Augustana",
        "role": "house",
        "period": "秦汉",
        "periodLabel": "罗马共和国／罗马帝国／晚期古代",
        "heritageId": "whc-91",
        "tentative": false,
        "sourceUrl": "https://www.openstreetmap.org/relation/1805347",
        "referenceUrl": "https://colosseo.it/en/",
        "note": "公开遗迹矢量；部分对象包含现存或修复展示部分，不作考古实测界址。",
        "label": true
      }
    },
    {
      "type": "Feature",
      "geometry": {
        "type": "Polygon",
        "coordinates": [
          [
            [
              12.4857975,
              41.8908078
            ],
            [
              12.4856503,
              41.8906819
            ],
            [
              12.485612,
              41.8906473
            ],
            [
              12.4853498,
              41.8904226
            ],
            [
              12.4853561,
              41.8904183
            ],
            [
              12.4852471,
              41.8903229
            ],
            [
              12.485287,
              41.8902975
            ],
            [
              12.4852985,
              41.8902899
            ],
            [
              12.4853255,
              41.8902681
            ],
            [
              12.4852949,
              41.8902426
            ],
            [
              12.48528,
              41.8902288
            ],
            [
              12.4852962,
              41.8902168
            ],
            [
              12.4852773,
              41.8902007
            ],
            [
              12.4852638,
              41.8902087
            ],
            [
              12.4852192,
              41.8901735
            ],
            [
              12.4852232,
              41.8901604
            ],
            [
              12.4851785,
              41.8901164
            ],
            [
              12.4851354,
              41.8900739
            ],
            [
              12.4851178,
              41.8900829
            ],
            [
              12.4850434,
              41.8900095
            ],
            [
              12.4850245,
              41.8900165
            ],
            [
              12.4848386,
              41.8898744
            ],
            [
              12.4850259,
              41.8897539
            ],
            [
              12.4850513,
              41.8897629
            ],
            [
              12.485083,
              41.8897444
            ],
            [
              12.4851848,
              41.889685
            ],
            [
              12.4851879,
              41.889681
            ],
            [
              12.4852055,
              41.8896884
            ],
            [
              12.4852186,
              41.8896807
            ],
            [
              12.485201,
              41.8896652
            ],
            [
              12.4852096,
              41.8896595
            ],
            [
              12.4852281,
              41.8896736
            ],
            [
              12.485236,
              41.8896681
            ],
            [
              12.4852502,
              41.8896581
            ],
            [
              12.4852448,
              41.8896534
            ],
            [
              12.4852475,
              41.8896497
            ],
            [
              12.4852299,
              41.8896363
            ],
            [
              12.4852389,
              41.8896306
            ],
            [
              12.4852638,
              41.8896508
            ],
            [
              12.4852935,
              41.8896296
            ],
            [
              12.4852845,
              41.8896229
            ],
            [
              12.4853075,
              41.8896064
            ],
            [
              12.4853166,
              41.8896148
            ],
            [
              12.4853269,
              41.8896071
            ],
            [
              12.485317,
              41.8895994
            ],
            [
              12.4853274,
              41.889593
            ],
            [
              12.4853369,
              41.8896007
            ],
            [
              12.485364,
              41.8895822
            ],
            [
              12.485354,
              41.8895738
            ],
            [
              12.485363,
              41.8895681
            ],
            [
              12.4853685,
              41.8895711
            ],
            [
              12.4853779,
              41.8895647
            ],
            [
              12.4853838,
              41.8895688
            ],
            [
              12.4853987,
              41.889557
            ],
            [
              12.4853914,
              41.88955
            ],
            [
              12.4853992,
              41.8895439
            ],
            [
              12.4854095,
              41.889552
            ],
            [
              12.4854335,
              41.8895359
            ],
            [
              12.4854205,
              41.889528
            ],
            [
              12.4854294,
              41.8895197
            ],
            [
              12.4854362,
              41.8895217
            ],
            [
              12.4854578,
              41.8895053
            ],
            [
              12.485448,
              41.8894987
            ],
            [
              12.4854538,
              41.8894942
            ],
            [
              12.4854483,
              41.8894892
            ],
            [
              12.4854574,
              41.8894841
            ],
            [
              12.4854741,
              41.8894976
            ],
            [
              12.4854854,
              41.8894915
            ],
            [
              12.4855048,
              41.8895074
            ],
            [
              12.4855042,
              41.8895154
            ],
            [
              12.4854951,
              41.8895205
            ],
            [
              12.4855188,
              41.8895375
            ],
            [
              12.485665,
              41.8894497
            ],
            [
              12.4857944,
              41.8893654
            ],
            [
              12.48589,
              41.8893041
            ],
            [
              12.4859536,
              41.8893569
            ],
            [
              12.4859757,
              41.8893753
            ],
            [
              12.4860417,
              41.8894261
            ],
            [
              12.4860508,
              41.8894331
            ],
            [
              12.4860751,
              41.8894179
            ],
            [
              12.4862901,
              41.8895861
            ],
            [
              12.4863262,
              41.8896144
            ],
            [
              12.4868711,
              41.8900864
            ],
            [
              12.4868373,
              41.8901235
            ],
            [
              12.4868271,
              41.8901607
            ],
            [
              12.4868443,
              41.8901772
            ],
            [
              12.4870375,
              41.8903456
            ],
            [
              12.4871135,
              41.8904151
            ],
            [
              12.4871988,
              41.8903936
            ],
            [
              12.4872092,
              41.8904138
            ],
            [
              12.4872332,
              41.8904582
            ],
            [
              12.4872466,
              41.8904829
            ],
            [
              12.4872897,
              41.8905482
            ],
            [
              12.4873064,
              41.8905735
            ],
            [
              12.4873117,
              41.8906049
            ],
            [
              12.4873178,
              41.8906146
            ],
            [
              12.4873766,
              41.8905938
            ],
            [
              12.4873861,
              41.8905911
            ],
            [
              12.4875043,
              41.8907678
            ],
            [
              12.4874474,
              41.890789
            ],
            [
              12.4874566,
              41.8908061
            ],
            [
              12.4874464,
              41.8908097
            ],
            [
              12.4874369,
              41.8907926
            ],
            [
              12.4873882,
              41.8908095
            ],
            [
              12.4873974,
              41.8908266
            ],
            [
              12.487291,
              41.8908598
            ],
            [
              12.4872713,
              41.8908653
            ],
            [
              12.4872439,
              41.890873
            ],
            [
              12.4870314,
              41.8909325
            ],
            [
              12.486973,
              41.8909513
            ],
            [
              12.486955,
              41.890957
            ],
            [
              12.4869203,
              41.8909682
            ],
            [
              12.4869026,
              41.8909738
            ],
            [
              12.4868554,
              41.890989
            ],
            [
              12.4868362,
              41.8909951
            ],
            [
              12.4867936,
              41.8910088
            ],
            [
              12.4867741,
              41.891015
            ],
            [
              12.486743,
              41.8910262
            ],
            [
              12.4867244,
              41.8910326
            ],
            [
              12.4866106,
              41.891072
            ],
            [
              12.4865846,
              41.8910322
            ],
            [
              12.4865371,
              41.8910474
            ],
            [
              12.4865347,
              41.8910567
            ],
            [
              12.486539,
              41.8910642
            ],
            [
              12.4865251,
              41.8910686
            ],
            [
              12.4865208,
              41.8910611
            ],
            [
              12.4864697,
              41.8910766
            ],
            [
              12.4864738,
              41.891085
            ],
            [
              12.4864626,
              41.8910881
            ],
            [
              12.4864575,
              41.8910895
            ],
            [
              12.4864513,
              41.8910771
            ],
            [
              12.4863995,
              41.8910923
            ],
            [
              12.4864062,
              41.8911047
            ],
            [
              12.4863918,
              41.8911085
            ],
            [
              12.486385,
              41.8910963
            ],
            [
              12.4863331,
              41.8911131
            ],
            [
              12.4863514,
              41.8911438
            ],
            [
              12.4863662,
              41.8911389
            ],
            [
              12.4863722,
              41.891149
            ],
            [
              12.4863367,
              41.8911614
            ],
            [
              12.4863307,
              41.8911512
            ],
            [
              12.4863381,
              41.8911488
            ],
            [
              12.4863194,
              41.8911173
            ],
            [
              12.4862765,
              41.8911306
            ],
            [
              12.4862995,
              41.8911613
            ],
            [
              12.4863081,
              41.891158
            ],
            [
              12.4863148,
              41.891169
            ],
            [
              12.4862913,
              41.8911772
            ],
            [
              12.4862843,
              41.8911675
            ],
            [
              12.486289,
              41.8911656
            ],
            [
              12.4862641,
              41.8911329
            ],
            [
              12.4862483,
              41.8911123
            ],
            [
              12.4861917,
              41.8911298
            ],
            [
              12.4862109,
              41.8911472
            ],
            [
              12.4862479,
              41.8911795
            ],
            [
              12.4862544,
              41.891177
            ],
            [
              12.4862637,
              41.8911868
            ],
            [
              12.4862363,
              41.8911963
            ],
            [
              12.4862291,
              41.8911888
            ],
            [
              12.4862342,
              41.8911867
            ],
            [
              12.4861939,
              41.8911517
            ],
            [
              12.4861752,
              41.8911353
            ],
            [
              12.4861359,
              41.8911011
            ],
            [
              12.4861225,
              41.8910891
            ],
            [
              12.4860897,
              41.8910612
            ],
            [
              12.4860799,
              41.891052
            ],
            [
              12.4860182,
              41.8909953
            ],
            [
              12.4860036,
              41.8909845
            ],
            [
              12.4859891,
              41.8909721
            ],
            [
              12.4859806,
              41.8909649
            ],
            [
              12.4858861,
              41.8908847
            ],
            [
              12.4857975,
              41.8908078
            ]
          ]
        ]
      },
      "properties": {
        "id": "rome-relation-1860920",
        "siteKey": "rome",
        "siteName": "古罗马核心区",
        "siteEnName": "Ancient Rome core",
        "name": "提比略宫",
        "enName": "Domus Tiberiana",
        "originalName": "Domus Tiberiana",
        "role": "house",
        "period": "秦汉",
        "periodLabel": "罗马共和国／罗马帝国／晚期古代",
        "heritageId": "whc-91",
        "tentative": false,
        "sourceUrl": "https://www.openstreetmap.org/relation/1860920",
        "referenceUrl": "https://colosseo.it/en/",
        "note": "公开遗迹矢量；部分对象包含现存或修复展示部分，不作考古实测界址。",
        "label": true
      }
    },
    {
      "type": "Feature",
      "geometry": {
        "type": "Polygon",
        "coordinates": [
          [
            [
              12.4858836,
              41.889127
            ],
            [
              12.4859114,
              41.8891085
            ],
            [
              12.4859261,
              41.8890988
            ],
            [
              12.4859032,
              41.8890796
            ],
            [
              12.4858241,
              41.8890138
            ],
            [
              12.4856278,
              41.8891443
            ],
            [
              12.4854668,
              41.8892514
            ],
            [
              12.485643,
              41.8893982
            ],
            [
              12.4858515,
              41.8892697
            ],
            [
              12.4859978,
              41.8891783
            ],
            [
              12.4859561,
              41.8891437
            ],
            [
              12.4858485,
              41.8892089
            ],
            [
              12.4858094,
              41.8891764
            ],
            [
              12.4858836,
              41.889127
            ]
          ]
        ]
      },
      "properties": {
        "id": "rome-relation-1860919",
        "siteKey": "rome",
        "siteName": "古罗马核心区",
        "siteEnName": "Ancient Rome core",
        "name": "莉维娅之家",
        "enName": "Casa di Livia",
        "originalName": "Casa di Livia",
        "role": "house",
        "period": "秦汉",
        "periodLabel": "罗马共和国／罗马帝国／晚期古代",
        "heritageId": "whc-91",
        "tentative": false,
        "sourceUrl": "https://www.openstreetmap.org/relation/1860919",
        "referenceUrl": "https://colosseo.it/en/",
        "note": "公开遗迹矢量；部分对象包含现存或修复展示部分，不作考古实测界址。",
        "label": true
      }
    },
    {
      "type": "Feature",
      "geometry": {
        "type": "Polygon",
        "coordinates": [
          [
            [
              12.4856071,
              41.8885355
            ],
            [
              12.4855794,
              41.8885174
            ],
            [
              12.4855138,
              41.8884749
            ],
            [
              12.4855343,
              41.8884574
            ],
            [
              12.4854075,
              41.8883754
            ],
            [
              12.4853889,
              41.8883914
            ],
            [
              12.4853588,
              41.8883719
            ],
            [
              12.4853451,
              41.8883581
            ],
            [
              12.4853345,
              41.8883671
            ],
            [
              12.4852273,
              41.8884584
            ],
            [
              12.485178,
              41.8885003
            ],
            [
              12.4850574,
              41.888603
            ],
            [
              12.4853187,
              41.8887768
            ],
            [
              12.4853264,
              41.8887819
            ],
            [
              12.4853431,
              41.8887687
            ],
            [
              12.4853549,
              41.8887753
            ],
            [
              12.4854613,
              41.8886837
            ],
            [
              12.4853855,
              41.8886323
            ],
            [
              12.4854721,
              41.8885531
            ],
            [
              12.4855943,
              41.8885458
            ],
            [
              12.4856071,
              41.8885355
            ]
          ]
        ]
      },
      "properties": {
        "id": "rome-way-132581385",
        "siteKey": "rome",
        "siteName": "古罗马核心区",
        "siteEnName": "Ancient Rome core",
        "name": "奥古斯都之家",
        "enName": "Casa di Augusto",
        "originalName": "Casa di Augusto",
        "role": "house",
        "period": "秦汉",
        "periodLabel": "罗马共和国／罗马帝国／晚期古代",
        "heritageId": "whc-91",
        "tentative": false,
        "sourceUrl": "https://www.openstreetmap.org/way/132581385",
        "referenceUrl": "https://colosseo.it/en/",
        "note": "公开遗迹矢量；部分对象包含现存或修复展示部分，不作考古实测界址。",
        "label": true
      }
    },
    {
      "type": "Feature",
      "geometry": {
        "type": "Polygon",
        "coordinates": [
          [
            [
              12.4854719,
              41.8887584
            ],
            [
              12.4854867,
              41.8887435
            ],
            [
              12.4854612,
              41.8887239
            ],
            [
              12.4854779,
              41.8887114
            ],
            [
              12.4855026,
              41.8887265
            ],
            [
              12.4855246,
              41.8887094
            ],
            [
              12.4855008,
              41.8886956
            ],
            [
              12.4855176,
              41.8886838
            ],
            [
              12.485537,
              41.8886976
            ],
            [
              12.4855599,
              41.8886812
            ],
            [
              12.4855423,
              41.8886687
            ],
            [
              12.4855625,
              41.8886576
            ],
            [
              12.4855775,
              41.88867
            ],
            [
              12.4855872,
              41.8886641
            ],
            [
              12.4856022,
              41.8886786
            ],
            [
              12.4855793,
              41.888695
            ],
            [
              12.4855899,
              41.8887035
            ],
            [
              12.4856163,
              41.8886851
            ],
            [
              12.4856577,
              41.8887212
            ],
            [
              12.485648,
              41.8887389
            ],
            [
              12.4856339,
              41.8887508
            ],
            [
              12.4856613,
              41.8887704
            ],
            [
              12.4856983,
              41.8887449
            ],
            [
              12.4856903,
              41.888737
            ],
            [
              12.4857265,
              41.8887147
            ],
            [
              12.4857353,
              41.888721
            ],
            [
              12.4859142,
              41.8888479
            ],
            [
              12.4859169,
              41.8888623
            ],
            [
              12.4859019,
              41.8888643
            ],
            [
              12.4858781,
              41.8888741
            ],
            [
              12.4858631,
              41.8888853
            ],
            [
              12.4858428,
              41.8888899
            ],
            [
              12.485827,
              41.8889017
            ],
            [
              12.4858164,
              41.8889168
            ],
            [
              12.4857917,
              41.8889299
            ],
            [
              12.4857776,
              41.8889384
            ],
            [
              12.4857586,
              41.8889506
            ],
            [
              12.4857509,
              41.8889454
            ],
            [
              12.4855855,
              41.8888336
            ],
            [
              12.4856481,
              41.8887824
            ],
            [
              12.4855397,
              41.8887102
            ],
            [
              12.4854851,
              41.8887588
            ],
            [
              12.4854746,
              41.8887597
            ],
            [
              12.4854719,
              41.8887584
            ]
          ]
        ]
      },
      "properties": {
        "id": "rome-way-132881964",
        "siteKey": "rome",
        "siteName": "古罗马核心区",
        "siteEnName": "Ancient Rome core",
        "name": "帕拉蒂尼阿波罗神庙",
        "enName": "Tempio di Apollo",
        "originalName": "Tempio di Apollo",
        "role": "temple",
        "period": "秦汉",
        "periodLabel": "罗马共和国／罗马帝国／晚期古代",
        "heritageId": "whc-91",
        "tentative": false,
        "sourceUrl": "https://www.openstreetmap.org/way/132881964",
        "referenceUrl": "https://colosseo.it/en/",
        "note": "公开遗迹矢量；部分对象包含现存或修复展示部分，不作考古实测界址。",
        "label": true
      }
    },
    {
      "type": "Feature",
      "geometry": {
        "type": "Polygon",
        "coordinates": [
          [
            [
              12.4879041,
              41.8875131
            ],
            [
              12.4878792,
              41.887535
            ],
            [
              12.4878558,
              41.8875521
            ],
            [
              12.4882736,
              41.8879041
            ],
            [
              12.488346,
              41.8879691
            ],
            [
              12.4882802,
              41.8880123
            ],
            [
              12.487978,
              41.8882154
            ],
            [
              12.487955,
              41.8882331
            ],
            [
              12.4879456,
              41.8882397
            ],
            [
              12.4879355,
              41.888256
            ],
            [
              12.4879158,
              41.8882696
            ],
            [
              12.4879057,
              41.888276
            ],
            [
              12.4878442,
              41.8882225
            ],
            [
              12.4878383,
              41.8882141
            ],
            [
              12.4878272,
              41.8882057
            ],
            [
              12.4877733,
              41.8881608
            ],
            [
              12.4877624,
              41.8881571
            ],
            [
              12.4877471,
              41.8881438
            ],
            [
              12.4877579,
              41.8881365
            ],
            [
              12.4870381,
              41.8875459
            ],
            [
              12.4866378,
              41.8871992
            ],
            [
              12.4866512,
              41.8871747
            ],
            [
              12.4866562,
              41.8871593
            ],
            [
              12.486669,
              41.887137
            ],
            [
              12.4866818,
              41.8871171
            ],
            [
              12.4866996,
              41.8870931
            ],
            [
              12.4867158,
              41.8870723
            ],
            [
              12.4867204,
              41.8870639
            ],
            [
              12.4867313,
              41.8870519
            ],
            [
              12.48674,
              41.8870425
            ],
            [
              12.4867497,
              41.8870339
            ],
            [
              12.4867571,
              41.8870274
            ],
            [
              12.4867642,
              41.8870221
            ],
            [
              12.486772,
              41.8870151
            ],
            [
              12.4867817,
              41.8870084
            ],
            [
              12.4867852,
              41.887006
            ],
            [
              12.4867914,
              41.8870009
            ],
            [
              12.4867972,
              41.8869988
            ],
            [
              12.4868101,
              41.8869909
            ],
            [
              12.4868198,
              41.8869846
            ],
            [
              12.4868282,
              41.8869791
            ],
            [
              12.4868291,
              41.8869745
            ],
            [
              12.4868353,
              41.8869733
            ],
            [
              12.4868509,
              41.8869641
            ],
            [
              12.4868528,
              41.8869575
            ],
            [
              12.486861,
              41.8869575
            ],
            [
              12.4868786,
              41.8869496
            ],
            [
              12.48689,
              41.8869463
            ],
            [
              12.4869013,
              41.8869425
            ],
            [
              12.4869026,
              41.8869477
            ],
            [
              12.48694,
              41.8869406
            ],
            [
              12.4869812,
              41.8869299
            ],
            [
              12.4870112,
              41.8869224
            ],
            [
              12.4870231,
              41.8869184
            ],
            [
              12.4870201,
              41.8869111
            ],
            [
              12.4870454,
              41.8869064
            ],
            [
              12.487049,
              41.8869141
            ],
            [
              12.4870709,
              41.8869138
            ],
            [
              12.4871406,
              41.8869771
            ],
            [
              12.4875546,
              41.8873012
            ],
            [
              12.4875668,
              41.887295
            ],
            [
              12.4875893,
              41.8873118
            ],
            [
              12.4875952,
              41.8873085
            ],
            [
              12.4876007,
              41.8873085
            ],
            [
              12.4876812,
              41.8872572
            ],
            [
              12.4876899,
              41.8872657
            ],
            [
              12.4876995,
              41.8872737
            ],
            [
              12.4877248,
              41.8872727
            ],
            [
              12.4877484,
              41.8872722
            ],
            [
              12.4877692,
              41.8872734
            ],
            [
              12.4877913,
              41.8872769
            ],
            [
              12.4878118,
              41.887281
            ],
            [
              12.487828,
              41.887286
            ],
            [
              12.4878432,
              41.8872916
            ],
            [
              12.4878587,
              41.8872989
            ],
            [
              12.487874,
              41.8873071
            ],
            [
              12.487892,
              41.887321
            ],
            [
              12.487908,
              41.8873405
            ],
            [
              12.4879241,
              41.8873637
            ],
            [
              12.4879336,
              41.88739
            ],
            [
              12.48794,
              41.8874162
            ],
            [
              12.4879395,
              41.8874427
            ],
            [
              12.4879342,
              41.8874677
            ],
            [
              12.4879213,
              41.8874902
            ],
            [
              12.4879041,
              41.8875131
            ]
          ]
        ]
      },
      "properties": {
        "id": "rome-relation-1805355",
        "siteKey": "rome",
        "siteName": "古罗马核心区",
        "siteEnName": "Ancient Rome core",
        "name": "帕拉蒂尼体育场庭园",
        "enName": "Stadio Palatino",
        "originalName": "Stadio Palatino",
        "role": "public",
        "period": "秦汉",
        "periodLabel": "罗马共和国／罗马帝国／晚期古代",
        "heritageId": "whc-91",
        "tentative": false,
        "sourceUrl": "https://www.openstreetmap.org/relation/1805355",
        "referenceUrl": "https://colosseo.it/en/",
        "note": "公开遗迹矢量；部分对象包含现存或修复展示部分，不作考古实测界址。",
        "label": true
      }
    },
    {
      "type": "Feature",
      "geometry": {
        "type": "Polygon",
        "coordinates": [
          [
            [
              12.4938259,
              41.8924416
            ],
            [
              12.4938409,
              41.8924349
            ],
            [
              12.4938331,
              41.8924253
            ],
            [
              12.4939079,
              41.8923899
            ],
            [
              12.4939843,
              41.8924805
            ],
            [
              12.4939053,
              41.8925175
            ],
            [
              12.4938993,
              41.8925123
            ],
            [
              12.4938941,
              41.8925148
            ],
            [
              12.4939069,
              41.8925272
            ],
            [
              12.4940088,
              41.8924839
            ],
            [
              12.4939264,
              41.892379
            ],
            [
              12.4940238,
              41.8923306
            ],
            [
              12.4940384,
              41.8923223
            ],
            [
              12.4940567,
              41.8923142
            ],
            [
              12.4940902,
              41.8922961
            ],
            [
              12.4940933,
              41.89226
            ],
            [
              12.4940623,
              41.8922628
            ],
            [
              12.4940619,
              41.8922962
            ],
            [
              12.49405,
              41.8922989
            ],
            [
              12.4940519,
              41.8922849
            ],
            [
              12.4940266,
              41.8922851
            ],
            [
              12.4940234,
              41.8922724
            ],
            [
              12.4940031,
              41.8922716
            ],
            [
              12.494005,
              41.8922872
            ],
            [
              12.4939941,
              41.8922862
            ],
            [
              12.4939936,
              41.8922807
            ],
            [
              12.4939793,
              41.8922819
            ],
            [
              12.4939819,
              41.8922896
            ],
            [
              12.4939884,
              41.8922905
            ],
            [
              12.4939956,
              41.8922999
            ],
            [
              12.4940051,
              41.8923149
            ],
            [
              12.4940062,
              41.8923266
            ],
            [
              12.4939905,
              41.8923294
            ],
            [
              12.4939852,
              41.8923334
            ],
            [
              12.4939652,
              41.8923413
            ],
            [
              12.4939413,
              41.8923036
            ],
            [
              12.4939287,
              41.8923087
            ],
            [
              12.4939551,
              41.8923449
            ],
            [
              12.4937995,
              41.8924205
            ],
            [
              12.4938159,
              41.8924418
            ],
            [
              12.4937969,
              41.8924485
            ],
            [
              12.4938067,
              41.8924599
            ],
            [
              12.4937754,
              41.8924745
            ],
            [
              12.4937887,
              41.8924849
            ],
            [
              12.4938324,
              41.8924619
            ],
            [
              12.4938573,
              41.8924842
            ],
            [
              12.4937915,
              41.89252
            ],
            [
              12.493803,
              41.8925367
            ],
            [
              12.4937785,
              41.8925595
            ],
            [
              12.493775,
              41.892588
            ],
            [
              12.4937624,
              41.8926415
            ],
            [
              12.4937506,
              41.8926527
            ],
            [
              12.4937753,
              41.8926851
            ],
            [
              12.4937632,
              41.8926952
            ],
            [
              12.4938054,
              41.8927474
            ],
            [
              12.4938555,
              41.8927927
            ],
            [
              12.4938794,
              41.8927775
            ],
            [
              12.4939763,
              41.8927886
            ],
            [
              12.4940028,
              41.8928138
            ],
            [
              12.4941202,
              41.8927542
            ],
            [
              12.4940851,
              41.8927175
            ],
            [
              12.4940323,
              41.8927397
            ],
            [
              12.4939653,
              41.8927463
            ],
            [
              12.4939096,
              41.8927383
            ],
            [
              12.493862,
              41.8927152
            ],
            [
              12.4938313,
              41.8926908
            ],
            [
              12.493802,
              41.8926504
            ],
            [
              12.4938028,
              41.892612
            ],
            [
              12.4938102,
              41.8925811
            ],
            [
              12.4938411,
              41.892545
            ],
            [
              12.493867,
              41.8925191
            ],
            [
              12.4938747,
              41.8925255
            ],
            [
              12.4938952,
              41.8925119
            ],
            [
              12.4938259,
              41.8924416
            ]
          ]
        ]
      },
      "properties": {
        "id": "rome-way-201942840",
        "siteKey": "rome",
        "siteName": "古罗马核心区",
        "siteEnName": "Ancient Rome core",
        "name": "图拉真浴场遗迹",
        "enName": "Baths of Trajan",
        "originalName": "Thermae Traianae",
        "role": "bath",
        "period": "秦汉",
        "periodLabel": "罗马共和国／罗马帝国／晚期古代",
        "heritageId": "whc-91",
        "tentative": false,
        "sourceUrl": "https://www.openstreetmap.org/way/201942840",
        "referenceUrl": "https://colosseo.it/en/",
        "note": "公开遗迹矢量；部分对象包含现存或修复展示部分，不作考古实测界址。",
        "label": true
      }
    },
    {
      "type": "Feature",
      "geometry": {
        "type": "Polygon",
        "coordinates": [
          [
            [
              12.4843625,
              41.8940854
            ],
            [
              12.4842987,
              41.8941516
            ],
            [
              12.4843928,
              41.8942153
            ],
            [
              12.484403,
              41.8942217
            ],
            [
              12.4844377,
              41.8942463
            ],
            [
              12.4844479,
              41.8942527
            ],
            [
              12.4844404,
              41.8942593
            ],
            [
              12.4844299,
              41.8942688
            ],
            [
              12.4844866,
              41.8943048
            ],
            [
              12.484644,
              41.8944152
            ],
            [
              12.4846749,
              41.8943904
            ],
            [
              12.484759,
              41.894323
            ],
            [
              12.4847904,
              41.8942949
            ],
            [
              12.4848426,
              41.8943272
            ],
            [
              12.4850603,
              41.894179
            ],
            [
              12.4851122,
              41.8941382
            ],
            [
              12.4854544,
              41.8938415
            ],
            [
              12.4854391,
              41.8938322
            ],
            [
              12.4855356,
              41.8937468
            ],
            [
              12.4856116,
              41.8936876
            ],
            [
              12.4855983,
              41.8936762
            ],
            [
              12.485644,
              41.8936384
            ],
            [
              12.4856306,
              41.8936308
            ],
            [
              12.4856684,
              41.8936052
            ],
            [
              12.4857163,
              41.8935619
            ],
            [
              12.4857453,
              41.8935072
            ],
            [
              12.4857836,
              41.8934736
            ],
            [
              12.4857993,
              41.8934599
            ],
            [
              12.4857866,
              41.89345
            ],
            [
              12.48585,
              41.8933949
            ],
            [
              12.4859819,
              41.8934707
            ],
            [
              12.4860533,
              41.8934041
            ],
            [
              12.4860062,
              41.893377
            ],
            [
              12.4860451,
              41.8933309
            ],
            [
              12.4862228,
              41.8934466
            ],
            [
              12.4862568,
              41.8933986
            ],
            [
              12.486267,
              41.8934047
            ],
            [
              12.4862979,
              41.8933803
            ],
            [
              12.4856318,
              41.8929622
            ],
            [
              12.485438,
              41.8931397
            ],
            [
              12.4857204,
              41.8933105
            ],
            [
              12.4856462,
              41.8933744
            ],
            [
              12.4855797,
              41.893332
            ],
            [
              12.4854944,
              41.8932742
            ],
            [
              12.4853505,
              41.8934059
            ],
            [
              12.4853392,
              41.8933961
            ],
            [
              12.4852572,
              41.8934709
            ],
            [
              12.4852421,
              41.8934846
            ],
            [
              12.4852083,
              41.8935159
            ],
            [
              12.4850836,
              41.8934331
            ],
            [
              12.4850751,
              41.893441
            ],
            [
              12.4849787,
              41.8935226
            ],
            [
              12.4849388,
              41.8935564
            ],
            [
              12.4849353,
              41.8935544
            ],
            [
              12.4849323,
              41.8935529
            ],
            [
              12.4849141,
              41.8935447
            ],
            [
              12.4848947,
              41.8935383
            ],
            [
              12.4848745,
              41.8935338
            ],
            [
              12.4848536,
              41.8935312
            ],
            [
              12.4848325,
              41.8935306
            ],
            [
              12.4848114,
              41.8935319
            ],
            [
              12.4847906,
              41.8935353
            ],
            [
              12.4847705,
              41.8935406
            ],
            [
              12.4847513,
              41.8935478
            ],
            [
              12.4847401,
              41.8935531
            ],
            [
              12.4847286,
              41.8935597
            ],
            [
              12.4847178,
              41.893567
            ],
            [
              12.484708,
              41.893575
            ],
            [
              12.4846991,
              41.8935835
            ],
            [
              12.4846912,
              41.8935926
            ],
            [
              12.4846871,
              41.8935982
            ],
            [
              12.4846815,
              41.893607
            ],
            [
              12.4846758,
              41.8936188
            ],
            [
              12.4846709,
              41.8936338
            ],
            [
              12.4846696,
              41.8936403
            ],
            [
              12.484669,
              41.893667
            ],
            [
              12.484676,
              41.8936932
            ],
            [
              12.4846903,
              41.8937176
            ],
            [
              12.4847053,
              41.893734
            ],
            [
              12.4847234,
              41.8937484
            ],
            [
              12.4846845,
              41.8937852
            ],
            [
              12.4846059,
              41.8938471
            ],
            [
              12.4845892,
              41.8938608
            ],
            [
              12.4845326,
              41.8939075
            ],
            [
              12.484528,
              41.8939045
            ],
            [
              12.4845225,
              41.8939013
            ],
            [
              12.4845178,
              41.8939058
            ],
            [
              12.484481,
              41.8939457
            ],
            [
              12.4844745,
              41.8939533
            ],
            [
              12.4844529,
              41.8939771
            ],
            [
              12.4844493,
              41.8939814
            ],
            [
              12.4844101,
              41.8940283
            ],
            [
              12.4843625,
              41.8940854
            ]
          ]
        ]
      },
      "properties": {
        "id": "rome-relation-1841081",
        "siteKey": "rome",
        "siteName": "古罗马核心区",
        "siteEnName": "Ancient Rome core",
        "name": "凯撒广场遗址区",
        "enName": "Forum of Caesar",
        "originalName": "Foro di Cesare",
        "role": "area",
        "period": "秦汉",
        "periodLabel": "罗马共和国／罗马帝国／晚期古代",
        "heritageId": "whc-91",
        "tentative": false,
        "sourceUrl": "https://www.openstreetmap.org/relation/1841081",
        "referenceUrl": "https://colosseo.it/en/",
        "note": "公开遗址区或卫城范围，未必等于某一期完整古城墙或法定保护界址。",
        "label": true
      }
    },
    {
      "type": "Feature",
      "geometry": {
        "type": "MultiPolygon",
        "coordinates": [
          [
            [
              [
                12.4874057,
                41.8936889
              ],
              [
                12.4874515,
                41.893676
              ],
              [
                12.4875001,
                41.8936719
              ],
              [
                12.4875445,
                41.8936741
              ],
              [
                12.4875155,
                41.8936559
              ],
              [
                12.4874211,
                41.8935966
              ],
              [
                12.4871658,
                41.8934376
              ],
              [
                12.487124,
                41.8934115
              ],
              [
                12.4871137,
                41.8934236
              ],
              [
                12.4868452,
                41.8937661
              ],
              [
                12.4868804,
                41.8937882
              ],
              [
                12.4869563,
                41.8937581
              ],
              [
                12.4870261,
                41.8937482
              ],
              [
                12.4871112,
                41.8937591
              ],
              [
                12.4871759,
                41.8937791
              ],
              [
                12.487193,
                41.8937884
              ],
              [
                12.4872375,
                41.8938127
              ],
              [
                12.4872629,
                41.8938392
              ],
              [
                12.4872996,
                41.8938225
              ],
              [
                12.4873022,
                41.8937957
              ],
              [
                12.4873113,
                41.8937697
              ],
              [
                12.4873334,
                41.8937372
              ],
              [
                12.4873655,
                41.8937097
              ],
              [
                12.4874057,
                41.8936889
              ]
            ],
            [
              [
                12.4870837,
                41.8936459
              ],
              [
                12.4871016,
                41.8936318
              ],
              [
                12.4871287,
                41.8936174
              ],
              [
                12.4871521,
                41.8936349
              ],
              [
                12.4871776,
                41.8936623
              ],
              [
                12.4872413,
                41.8936883
              ],
              [
                12.4872755,
                41.8937082
              ],
              [
                12.4872049,
                41.8937711
              ],
              [
                12.487174,
                41.8937584
              ],
              [
                12.4871466,
                41.8937461
              ],
              [
                12.4871231,
                41.8937278
              ],
              [
                12.4870995,
                41.8937133
              ],
              [
                12.4870555,
                41.8936889
              ],
              [
                12.4870637,
                41.893679
              ],
              [
                12.487055,
                41.8936729
              ],
              [
                12.4870837,
                41.8936459
              ]
            ]
          ],
          [
            [
              [
                12.4856318,
                41.8929622
              ],
              [
                12.4856371,
                41.8929575
              ],
              [
                12.4856906,
                41.8929078
              ],
              [
                12.4857216,
                41.8929288
              ],
              [
                12.4857329,
                41.8929363
              ],
              [
                12.4860973,
                41.8927623
              ],
              [
                12.4867054,
                41.8931661
              ],
              [
                12.4867434,
                41.8931919
              ],
              [
                12.4867738,
                41.8932106
              ],
              [
                12.4867494,
                41.8932409
              ],
              [
                12.4865752,
                41.8933392
              ],
              [
                12.486492,
                41.8932981
              ],
              [
                12.4863592,
                41.8934254
              ],
              [
                12.4862979,
                41.8933803
              ],
              [
                12.4856318,
                41.8929622
              ]
            ]
          ]
        ]
      },
      "properties": {
        "id": "rome-relation-1899639",
        "siteKey": "rome",
        "siteName": "古罗马核心区",
        "siteEnName": "Ancient Rome core",
        "name": "涅尔瓦广场遗址区",
        "enName": "Forum of Nerva",
        "originalName": "Foro di Nerva",
        "role": "area",
        "period": "秦汉",
        "periodLabel": "罗马共和国／罗马帝国／晚期古代",
        "heritageId": "whc-91",
        "tentative": false,
        "sourceUrl": "https://www.openstreetmap.org/relation/1899639",
        "referenceUrl": "https://colosseo.it/en/",
        "note": "公开遗址区或卫城范围，未必等于某一期完整古城墙或法定保护界址。",
        "label": true
      }
    },
    {
      "type": "Feature",
      "geometry": {
        "type": "Polygon",
        "coordinates": [
          [
            [
              12.4846187,
              41.8927692
            ],
            [
              12.4846926,
              41.8927289
            ],
            [
              12.4847737,
              41.892812
            ],
            [
              12.4848592,
              41.8928981
            ],
            [
              12.4847853,
              41.8929384
            ],
            [
              12.4846974,
              41.8928493
            ],
            [
              12.4846187,
              41.8927692
            ]
          ]
        ]
      },
      "properties": {
        "id": "rome-way-49824161",
        "siteKey": "rome",
        "siteName": "古罗马核心区",
        "siteEnName": "Ancient Rome core",
        "name": "塞普蒂米乌斯·塞维鲁凯旋门",
        "enName": "Arch of Septimius Severus",
        "originalName": "Arco di Settimio Severo",
        "role": "gate",
        "period": "秦汉",
        "periodLabel": "罗马共和国／罗马帝国／晚期古代",
        "heritageId": "whc-91",
        "tentative": false,
        "sourceUrl": "https://www.openstreetmap.org/way/49824161",
        "referenceUrl": "https://colosseo.it/en/",
        "note": "公开遗迹矢量；部分对象包含现存或修复展示部分，不作考古实测界址。",
        "label": true
      }
    },
    {
      "type": "Feature",
      "geometry": {
        "type": "Polygon",
        "coordinates": [
          [
            [
              12.4839394,
              41.8924386
            ],
            [
              12.4840797,
              41.8925924
            ],
            [
              12.4841039,
              41.8925784
            ],
            [
              12.4842269,
              41.8925166
            ],
            [
              12.4842576,
              41.892548
            ],
            [
              12.4842901,
              41.8925317
            ],
            [
              12.4842616,
              41.892499
            ],
            [
              12.4843092,
              41.8924735
            ],
            [
              12.4843163,
              41.8924816
            ],
            [
              12.4843281,
              41.8924759
            ],
            [
              12.484321,
              41.8924667
            ],
            [
              12.4843267,
              41.8924642
            ],
            [
              12.4842898,
              41.8924234
            ],
            [
              12.4840915,
              41.8922092
            ],
            [
              12.4838275,
              41.8923495
            ],
            [
              12.4838563,
              41.8923722
            ],
            [
              12.4839394,
              41.8924386
            ]
          ]
        ]
      },
      "properties": {
        "id": "rome-relation-1849835",
        "siteKey": "rome",
        "siteName": "古罗马核心区",
        "siteEnName": "Ancient Rome core",
        "name": "萨图尔努斯神庙",
        "enName": "Temple of Saturn",
        "originalName": "Tempio di Saturno",
        "role": "temple",
        "period": "秦汉",
        "periodLabel": "罗马共和国／罗马帝国／晚期古代",
        "heritageId": "whc-91",
        "tentative": false,
        "sourceUrl": "https://www.openstreetmap.org/relation/1849835",
        "referenceUrl": "https://colosseo.it/en/",
        "note": "公开遗迹矢量；部分对象包含现存或修复展示部分，不作考古实测界址。",
        "label": true
      }
    },
    {
      "type": "Feature",
      "geometry": {
        "type": "Polygon",
        "coordinates": [
          [
            [
              12.4842694,
              41.8957733
            ],
            [
              12.4843209,
              41.8958057
            ],
            [
              12.4842771,
              41.8958443
            ],
            [
              12.4842256,
              41.8958119
            ],
            [
              12.4842694,
              41.8957733
            ]
          ]
        ]
      },
      "properties": {
        "id": "rome-relation-3376015",
        "siteKey": "rome",
        "siteName": "古罗马核心区",
        "siteEnName": "Ancient Rome core",
        "name": "图拉真纪功柱",
        "enName": "Trajan's Column",
        "originalName": "Colonna di Traiano",
        "role": "public",
        "period": "秦汉",
        "periodLabel": "罗马共和国／罗马帝国／晚期古代",
        "heritageId": "whc-91",
        "tentative": false,
        "sourceUrl": "https://www.openstreetmap.org/relation/3376015",
        "referenceUrl": "https://colosseo.it/en/",
        "note": "公开遗迹矢量；部分对象包含现存或修复展示部分，不作考古实测界址。",
        "label": true
      }
    },
    {
      "type": "Feature",
      "geometry": {
        "type": "Polygon",
        "coordinates": [
          [
            [
              12.4862581,
              41.8949281
            ],
            [
              12.486311,
              41.8948826
            ],
            [
              12.486305,
              41.8948203
            ],
            [
              12.4863003,
              41.8947799
            ],
            [
              12.4862769,
              41.894802
            ],
            [
              12.4862712,
              41.8948073
            ],
            [
              12.4862331,
              41.8948432
            ],
            [
              12.4862442,
              41.8948497
            ],
            [
              12.4862341,
              41.8948591
            ],
            [
              12.4862012,
              41.8948398
            ],
            [
              12.4862113,
              41.8948303
            ],
            [
              12.4862217,
              41.8948365
            ],
            [
              12.4862595,
              41.8948009
            ],
            [
              12.4862923,
              41.8947701
            ],
            [
              12.4862596,
              41.8947139
            ],
            [
              12.4862311,
              41.894708
            ],
            [
              12.4862073,
              41.8947155
            ],
            [
              12.486149,
              41.8947764
            ],
            [
              12.4861356,
              41.8947375
            ],
            [
              12.4861101,
              41.894697
            ],
            [
              12.4860834,
              41.8946648
            ],
            [
              12.4859977,
              41.8947585
            ],
            [
              12.4858382,
              41.8949329
            ],
            [
              12.4857248,
              41.8948591
            ],
            [
              12.4857774,
              41.8948002
            ],
            [
              12.4858592,
              41.8947086
            ],
            [
              12.4858073,
              41.8946862
            ],
            [
              12.4858202,
              41.8946709
            ],
            [
              12.4858587,
              41.8946876
            ],
            [
              12.4858863,
              41.8946677
            ],
            [
              12.4859211,
              41.89463
            ],
            [
              12.4859635,
              41.894584
            ],
            [
              12.4859431,
              41.8945746
            ],
            [
              12.4859727,
              41.8945403
            ],
            [
              12.4858678,
              41.8944612
            ],
            [
              12.4857589,
              41.8943952
            ],
            [
              12.48574,
              41.8944124
            ],
            [
              12.4857242,
              41.894402
            ],
            [
              12.4857175,
              41.8943979
            ],
            [
              12.4856981,
              41.8943883
            ],
            [
              12.4856483,
              41.8943632
            ],
            [
              12.4856119,
              41.8943438
            ],
            [
              12.4855881,
              41.89433
            ],
            [
              12.4855483,
              41.894352
            ],
            [
              12.48549,
              41.8944293
            ],
            [
              12.4854617,
              41.8944187
            ],
            [
              12.4854544,
              41.8944279
            ],
            [
              12.4854339,
              41.8944196
            ],
            [
              12.4851093,
              41.8945984
            ],
            [
              12.4850732,
              41.8945968
            ],
            [
              12.4848451,
              41.8948592
            ],
            [
              12.4848596,
              41.8948787
            ],
            [
              12.4848655,
              41.8949131
            ],
            [
              12.4847555,
              41.8949664
            ],
            [
              12.4847415,
              41.8949788
            ],
            [
              12.4847247,
              41.8949919
            ],
            [
              12.4845107,
              41.8951797
            ],
            [
              12.4843857,
              41.8952838
            ],
            [
              12.4844431,
              41.895319
            ],
            [
              12.4842113,
              41.8955271
            ],
            [
              12.4841275,
              41.8955975
            ],
            [
              12.4842267,
              41.8956605
            ],
            [
              12.4841619,
              41.8957146
            ],
            [
              12.4840984,
              41.8957701
            ],
            [
              12.4840352,
              41.8957706
            ],
            [
              12.4840354,
              41.8958133
            ],
            [
              12.4840356,
              41.8958286
            ],
            [
              12.4840492,
              41.8958716
            ],
            [
              12.4840762,
              41.8959057
            ],
            [
              12.4841214,
              41.8959458
            ],
            [
              12.4841759,
              41.8959704
            ],
            [
              12.4842252,
              41.8959834
            ],
            [
              12.4842843,
              41.8959863
            ],
            [
              12.4843338,
              41.8959828
            ],
            [
              12.4843705,
              41.8959714
            ],
            [
              12.4844156,
              41.8959533
            ],
            [
              12.4844572,
              41.8959244
            ],
            [
              12.4845068,
              41.895881
            ],
            [
              12.4845249,
              41.8958929
            ],
            [
              12.4845742,
              41.8958895
            ],
            [
              12.4845948,
              41.8958882
            ],
            [
              12.4848573,
              41.8956591
            ],
            [
              12.4850239,
              41.8955136
            ],
            [
              12.4850559,
              41.8954855
            ],
            [
              12.4852393,
              41.8953247
            ],
            [
              12.4852543,
              41.8953102
            ],
            [
              12.4852653,
              41.8953005
            ],
            [
              12.4852974,
              41.89532
            ],
            [
              12.4852679,
              41.8953519
            ],
            [
              12.4853048,
              41.8953708
            ],
            [
              12.4853889,
              41.895421
            ],
            [
              12.4853241,
              41.8954893
            ],
            [
              12.4852668,
              41.8955539
            ],
            [
              12.4852494,
              41.8955745
            ],
            [
              12.4852592,
              41.8955795
            ],
            [
              12.4853954,
              41.8956497
            ],
            [
              12.4854115,
              41.895658
            ],
            [
              12.4854903,
              41.8955905
            ],
            [
              12.4855495,
              41.8955394
            ],
            [
              12.4855621,
              41.8955286
            ],
            [
              12.4856324,
              41.895468
            ],
            [
              12.4856554,
              41.8954816
            ],
            [
              12.4856966,
              41.8954993
            ],
            [
              12.4857362,
              41.8955101
            ],
            [
              12.485781,
              41.8955164
            ],
            [
              12.4857972,
              41.8955172
            ],
            [
              12.4858383,
              41.8955159
            ],
            [
              12.485872,
              41.8955111
            ],
            [
              12.4858999,
              41.8955046
            ],
            [
              12.4859403,
              41.8954901
            ],
            [
              12.485967,
              41.8954766
            ],
            [
              12.4859758,
              41.8954833
            ],
            [
              12.4859939,
              41.8954951
            ],
            [
              12.4860578,
              41.8954408
            ],
            [
              12.4860397,
              41.895429
            ],
            [
              12.4860319,
              41.8954222
            ],
            [
              12.4860462,
              41.8954018
            ],
            [
              12.486059,
              41.8953755
            ],
            [
              12.4860653,
              41.8953548
            ],
            [
              12.486069,
              41.8953266
            ],
            [
              12.4860676,
              41.8953013
            ],
            [
              12.4860624,
              41.8952781
            ],
            [
              12.4860549,
              41.8952586
            ],
            [
              12.4860382,
              41.89523
            ],
            [
              12.486012,
              41.8952004
            ],
            [
              12.4859751,
              41.8951722
            ],
            [
              12.4859896,
              41.8951598
            ],
            [
              12.4860598,
              41.8950992
            ],
            [
              12.4860771,
              41.895084
            ],
            [
              12.4861972,
              41.8949806
            ],
            [
              12.4862387,
              41.8949449
            ],
            [
              12.4862581,
              41.8949281
            ]
          ]
        ]
      },
      "properties": {
        "id": "rome-relation-1754380",
        "siteKey": "rome",
        "siteName": "古罗马核心区",
        "siteEnName": "Ancient Rome core",
        "name": "图拉真广场遗址区",
        "enName": "Forum of Trajan",
        "originalName": "Foro di Traiano",
        "role": "area",
        "period": "秦汉",
        "periodLabel": "罗马共和国／罗马帝国／晚期古代",
        "heritageId": "whc-91",
        "tentative": false,
        "sourceUrl": "https://www.openstreetmap.org/relation/1754380",
        "referenceUrl": "https://colosseo.it/en/",
        "note": "公开遗址区或卫城范围，未必等于某一期完整古城墙或法定保护界址。",
        "label": true
      }
    },
    {
      "type": "Feature",
      "geometry": {
        "type": "Polygon",
        "coordinates": [
          [
            [
              12.4862625,
              41.8958804
            ],
            [
              12.4862654,
              41.8958499
            ],
            [
              12.4862673,
              41.8957775
            ],
            [
              12.4863204,
              41.8957753
            ],
            [
              12.4863217,
              41.8957567
            ],
            [
              12.4864917,
              41.8957476
            ],
            [
              12.486512,
              41.8957131
            ],
            [
              12.4865742,
              41.8955517
            ],
            [
              12.4865835,
              41.8955365
            ],
            [
              12.4865306,
              41.8953695
            ],
            [
              12.4865141,
              41.8953707
            ],
            [
              12.486488,
              41.8952704
            ],
            [
              12.4864521,
              41.8951458
            ],
            [
              12.48641,
              41.8951451
            ],
            [
              12.4863919,
              41.8951449
            ],
            [
              12.4863653,
              41.8951458
            ],
            [
              12.4863241,
              41.895144
            ],
            [
              12.4863331,
              41.8950684
            ],
            [
              12.4863344,
              41.8950508
            ],
            [
              12.4865954,
              41.8950082
            ],
            [
              12.4865833,
              41.894965
            ],
            [
              12.4863244,
              41.8950111
            ],
            [
              12.4863129,
              41.8950132
            ],
            [
              12.4861464,
              41.8951496
            ],
            [
              12.4861146,
              41.8951757
            ],
            [
              12.4861458,
              41.8951989
            ],
            [
              12.4861684,
              41.8952173
            ],
            [
              12.4861938,
              41.8952536
            ],
            [
              12.4862113,
              41.8952924
            ],
            [
              12.4862206,
              41.8953328
            ],
            [
              12.4862213,
              41.8953737
            ],
            [
              12.4862135,
              41.8954142
            ],
            [
              12.4861974,
              41.8954533
            ],
            [
              12.4861733,
              41.8954901
            ],
            [
              12.4861419,
              41.8955237
            ],
            [
              12.4861039,
              41.8955532
            ],
            [
              12.4860602,
              41.8955781
            ],
            [
              12.4860118,
              41.8955975
            ],
            [
              12.48596,
              41.8956112
            ],
            [
              12.485906,
              41.8956187
            ],
            [
              12.485851,
              41.89562
            ],
            [
              12.4857965,
              41.8956148
            ],
            [
              12.4857615,
              41.8956073
            ],
            [
              12.4857265,
              41.8955983
            ],
            [
              12.4856938,
              41.8955862
            ],
            [
              12.4856447,
              41.8955666
            ],
            [
              12.4856272,
              41.8955829
            ],
            [
              12.4855008,
              41.8956983
            ],
            [
              12.4854879,
              41.8957086
            ],
            [
              12.4855449,
              41.8957413
            ],
            [
              12.4856093,
              41.8957837
            ],
            [
              12.4855925,
              41.8958006
            ],
            [
              12.485568,
              41.8957873
            ],
            [
              12.4855413,
              41.8958162
            ],
            [
              12.4855401,
              41.8958256
            ],
            [
              12.4855575,
              41.8958361
            ],
            [
              12.4855863,
              41.8958407
            ],
            [
              12.4855991,
              41.8958331
            ],
            [
              12.4856119,
              41.8958371
            ],
            [
              12.4856156,
              41.895845
            ],
            [
              12.4856395,
              41.8958497
            ],
            [
              12.4856329,
              41.8958672
            ],
            [
              12.4856754,
              41.895876
            ],
            [
              12.4857434,
              41.8958879
            ],
            [
              12.4857412,
              41.8958941
            ],
            [
              12.4857031,
              41.8958882
            ],
            [
              12.4856912,
              41.8959258
            ],
            [
              12.4857302,
              41.8959326
            ],
            [
              12.485729,
              41.8959387
            ],
            [
              12.485689,
              41.895933
            ],
            [
              12.485676,
              41.8959743
            ],
            [
              12.4857177,
              41.8959818
            ],
            [
              12.4857162,
              41.8959878
            ],
            [
              12.485705,
              41.8959858
            ],
            [
              12.4856742,
              41.8959803
            ],
            [
              12.4856635,
              41.8960143
            ],
            [
              12.4857026,
              41.8960201
            ],
            [
              12.4857541,
              41.8960278
            ],
            [
              12.4858339,
              41.8960392
            ],
            [
              12.485856,
              41.8960722
            ],
            [
              12.4859452,
              41.8960917
            ],
            [
              12.4859857,
              41.8961001
            ],
            [
              12.4860058,
              41.8961043
            ],
            [
              12.4860267,
              41.8961087
            ],
            [
              12.4861192,
              41.8961279
            ],
            [
              12.4862456,
              41.8961525
            ],
            [
              12.4862486,
              41.8961194
            ],
            [
              12.4862505,
              41.8961015
            ],
            [
              12.4862523,
              41.8960823
            ],
            [
              12.4862577,
              41.8959885
            ],
            [
              12.4862625,
              41.8958804
            ]
          ]
        ]
      },
      "properties": {
        "id": "rome-relation-13353039",
        "siteKey": "rome",
        "siteName": "古罗马核心区",
        "siteEnName": "Ancient Rome core",
        "name": "图拉真市场遗址",
        "enName": "Mercati di Traiano",
        "originalName": "Mercati di Traiano",
        "role": "public",
        "period": "秦汉",
        "periodLabel": "罗马共和国／罗马帝国／晚期古代",
        "heritageId": "whc-91",
        "tentative": false,
        "sourceUrl": "https://www.openstreetmap.org/relation/13353039",
        "referenceUrl": "https://colosseo.it/en/",
        "note": "公开遗迹矢量；部分对象包含现存或修复展示部分，不作考古实测界址。",
        "label": true
      }
    },
    {
      "type": "Feature",
      "geometry": {
        "type": "Polygon",
        "coordinates": [
          [
            [
              28.980617,
              41.0086528
            ],
            [
              28.980497,
              41.0087109
            ],
            [
              28.9806119,
              41.0088375
            ],
            [
              28.9804377,
              41.0089492
            ],
            [
              28.9803659,
              41.0088753
            ],
            [
              28.9803196,
              41.0089016
            ],
            [
              28.9802539,
              41.0088311
            ],
            [
              28.9802171,
              41.0088484
            ],
            [
              28.9802996,
              41.008932
            ],
            [
              28.9801574,
              41.0090109
            ],
            [
              28.9800762,
              41.0089173
            ],
            [
              28.9800136,
              41.0089498
            ],
            [
              28.9801198,
              41.0090727
            ],
            [
              28.979972,
              41.0091476
            ],
            [
              28.9799026,
              41.009182
            ],
            [
              28.9798265,
              41.0090987
            ],
            [
              28.9797572,
              41.0091322
            ],
            [
              28.9797094,
              41.0090757
            ],
            [
              28.979637,
              41.009111
            ],
            [
              28.9796725,
              41.009153
            ],
            [
              28.9796122,
              41.009183
            ],
            [
              28.979513,
              41.0090672
            ],
            [
              28.9796459,
              41.0090025
            ],
            [
              28.9795657,
              41.0089084
            ],
            [
              28.979524,
              41.0089287
            ],
            [
              28.9795086,
              41.0089111
            ],
            [
              28.9795495,
              41.0088902
            ],
            [
              28.9795184,
              41.0088542
            ],
            [
              28.9794782,
              41.0088733
            ],
            [
              28.9794627,
              41.0088551
            ],
            [
              28.979503,
              41.0088361
            ],
            [
              28.9794869,
              41.0088171
            ],
            [
              28.9794714,
              41.0087992
            ],
            [
              28.9794305,
              41.0088194
            ],
            [
              28.9794144,
              41.0088017
            ],
            [
              28.9794545,
              41.0087791
            ],
            [
              28.9794279,
              41.0087485
            ],
            [
              28.9793854,
              41.0087704
            ],
            [
              28.9793664,
              41.0087467
            ],
            [
              28.9794088,
              41.008725
            ],
            [
              28.9793396,
              41.0086439
            ],
            [
              28.9791998,
              41.0087171
            ],
            [
              28.9791387,
              41.0086472
            ],
            [
              28.9791632,
              41.0086333
            ],
            [
              28.9790782,
              41.0085376
            ],
            [
              28.9791825,
              41.0084851
            ],
            [
              28.9791094,
              41.0084019
            ],
            [
              28.9791945,
              41.0083585
            ],
            [
              28.9792179,
              41.0083459
            ],
            [
              28.9792339,
              41.0083636
            ],
            [
              28.9792993,
              41.008329
            ],
            [
              28.9791545,
              41.0081727
            ],
            [
              28.9792176,
              41.0081374
            ],
            [
              28.9792998,
              41.0082264
            ],
            [
              28.9794677,
              41.008143
            ],
            [
              28.9795195,
              41.0081988
            ],
            [
              28.9796062,
              41.0081549
            ],
            [
              28.9796429,
              41.0081974
            ],
            [
              28.9797246,
              41.0082939
            ],
            [
              28.9797503,
              41.0082822
            ],
            [
              28.9796738,
              41.0081911
            ],
            [
              28.9797572,
              41.0081516
            ],
            [
              28.9798301,
              41.00824
            ],
            [
              28.9798981,
              41.0081992
            ],
            [
              28.9798325,
              41.0081196
            ],
            [
              28.9799318,
              41.0080734
            ],
            [
              28.9799982,
              41.0081501
            ],
            [
              28.9800663,
              41.0081154
            ],
            [
              28.9800026,
              41.0080399
            ],
            [
              28.980046,
              41.0080168
            ],
            [
              28.9799523,
              41.0079193
            ],
            [
              28.9801026,
              41.0078395
            ],
            [
              28.98026,
              41.0080029
            ],
            [
              28.9802963,
              41.0079848
            ],
            [
              28.9806672,
              41.0083841
            ],
            [
              28.9807645,
              41.0083309
            ],
            [
              28.980847,
              41.0084143
            ],
            [
              28.9809169,
              41.0084851
            ],
            [
              28.98084,
              41.008524
            ],
            [
              28.9808942,
              41.0085756
            ],
            [
              28.9808181,
              41.0086122
            ],
            [
              28.9808086,
              41.0086011
            ],
            [
              28.9806421,
              41.0086839
            ],
            [
              28.980617,
              41.0086528
            ]
          ]
        ]
      },
      "properties": {
        "id": "istanbul-way-109862851",
        "siteKey": "istanbul",
        "siteName": "古伊斯坦布尔／君士坦丁堡",
        "siteEnName": "Historic Istanbul / Constantinople",
        "name": "圣索菲亚大教堂／清真寺",
        "enName": "Hagia Sophia",
        "originalName": "Ayasofya",
        "role": "temple",
        "period": "魏晋南北朝",
        "periodLabel": "东罗马／拜占庭／奥斯曼",
        "heritageId": "whc-356",
        "tentative": false,
        "sourceUrl": "https://www.openstreetmap.org/way/109862851",
        "referenceUrl": "https://whc.unesco.org/en/list/356/",
        "note": "公开现存建筑或遗迹矢量，可能包含后世修复和改建；不等于最初建筑台基实测范围。",
        "label": true
      }
    },
    {
      "type": "Feature",
      "geometry": {
        "type": "Polygon",
        "coordinates": [
          [
            [
              28.9809909,
              41.0099937
            ],
            [
              28.9810694,
              41.0100668
            ],
            [
              28.9811558,
              41.0100115
            ],
            [
              28.981188,
              41.0100408
            ],
            [
              28.9812275,
              41.0100137
            ],
            [
              28.9812682,
              41.0099849
            ],
            [
              28.9812388,
              41.0099597
            ],
            [
              28.9813032,
              41.0099123
            ],
            [
              28.9812215,
              41.009841
            ],
            [
              28.9815112,
              41.0096485
            ],
            [
              28.9814287,
              41.009576
            ],
            [
              28.9814297,
              41.0095408
            ],
            [
              28.9813717,
              41.0094918
            ],
            [
              28.9813308,
              41.0094915
            ],
            [
              28.9812496,
              41.0094227
            ],
            [
              28.9803842,
              41.0099919
            ],
            [
              28.980604,
              41.0102358
            ],
            [
              28.9809909,
              41.0099937
            ]
          ],
          [
            [
              28.9806516,
              41.0100675
            ],
            [
              28.980843,
              41.0099446
            ],
            [
              28.9807697,
              41.0098795
            ],
            [
              28.9805783,
              41.0100024
            ],
            [
              28.9806516,
              41.0100675
            ]
          ]
        ]
      },
      "properties": {
        "id": "istanbul-relation-4742554",
        "siteKey": "istanbul",
        "siteName": "古伊斯坦布尔／君士坦丁堡",
        "siteEnName": "Historic Istanbul / Constantinople",
        "name": "圣伊琳娜教堂",
        "enName": "Hagia Irene",
        "originalName": "Aya İrini Kilisesi",
        "role": "temple",
        "period": "魏晋南北朝",
        "periodLabel": "东罗马／拜占庭／奥斯曼",
        "heritageId": "whc-356",
        "tentative": false,
        "sourceUrl": "https://www.openstreetmap.org/relation/4742554",
        "referenceUrl": "https://whc.unesco.org/en/list/356/",
        "note": "公开现存建筑或遗迹矢量，可能包含后世修复和改建；不等于最初建筑台基实测范围。",
        "label": true
      }
    },
    {
      "type": "Feature",
      "geometry": {
        "type": "Polygon",
        "coordinates": [
          [
            [
              28.97687,
              41.0091581
            ],
            [
              28.9773442,
              41.009476
            ],
            [
              28.9784139,
              41.0085676
            ],
            [
              28.9779395,
              41.0082496
            ],
            [
              28.97687,
              41.0091581
            ]
          ]
        ]
      },
      "properties": {
        "id": "istanbul-way-1184924695",
        "siteKey": "istanbul",
        "siteName": "古伊斯坦布尔／君士坦丁堡",
        "siteEnName": "Historic Istanbul / Constantinople",
        "name": "地下水宫（大教堂蓄水池）",
        "enName": "Basilica Cistern",
        "originalName": "Yerebatan Sarnıcı",
        "role": "water",
        "period": "魏晋南北朝",
        "periodLabel": "东罗马／拜占庭／奥斯曼",
        "heritageId": "whc-356",
        "tentative": false,
        "sourceUrl": "https://www.openstreetmap.org/way/1184924695",
        "referenceUrl": "https://whc.unesco.org/en/list/356/",
        "note": "公开现存建筑或遗迹矢量，可能包含后世修复和改建；不等于最初建筑台基实测范围。",
        "label": true
      }
    },
    {
      "type": "Feature",
      "geometry": {
        "type": "Polygon",
        "coordinates": [
          [
            [
              28.9722875,
              41.0074512
            ],
            [
              28.9723543,
              41.0073312
            ],
            [
              28.9724223,
              41.0073528
            ],
            [
              28.9725033,
              41.0073784
            ],
            [
              28.9724366,
              41.0074984
            ],
            [
              28.9722875,
              41.0074512
            ]
          ]
        ]
      },
      "properties": {
        "id": "istanbul-way-1154702450",
        "siteKey": "istanbul",
        "siteName": "古伊斯坦布尔／君士坦丁堡",
        "siteEnName": "Historic Istanbul / Constantinople",
        "name": "狄奥多西蓄水池",
        "enName": "Theodosius Cistern",
        "originalName": "Şerefiye Sarnıcı",
        "role": "water",
        "period": "魏晋南北朝",
        "periodLabel": "东罗马／拜占庭／奥斯曼",
        "heritageId": "whc-356",
        "tentative": false,
        "sourceUrl": "https://www.openstreetmap.org/way/1154702450",
        "referenceUrl": "https://whc.unesco.org/en/list/356/",
        "note": "公开现存建筑或遗迹矢量，可能包含后世修复和改建；不等于最初建筑台基实测范围。",
        "label": true
      }
    },
    {
      "type": "Feature",
      "geometry": {
        "type": "Point",
        "coordinates": [
          28.9818618,
          41.0136797
        ]
      },
      "properties": {
        "id": "istanbul-node-13820927801",
        "siteKey": "istanbul",
        "siteName": "古伊斯坦布尔／君士坦丁堡",
        "siteEnName": "Historic Istanbul / Constantinople",
        "name": "居尔哈内蓄水池（地点参照）",
        "enName": "Gulhane Cistern (reference)",
        "originalName": "Gülhane Sarnıcı",
        "role": "water",
        "period": "魏晋南北朝",
        "periodLabel": "东罗马／拜占庭／奥斯曼",
        "heritageId": "whc-356",
        "tentative": false,
        "sourceUrl": "https://www.openstreetmap.org/node/13820927801",
        "referenceUrl": "https://whc.unesco.org/en/list/356/",
        "note": "公开现存建筑或遗迹矢量，可能包含后世修复和改建；不等于最初建筑台基实测范围。",
        "label": true
      }
    },
    {
      "type": "Feature",
      "geometry": {
        "type": "Polygon",
        "coordinates": [
          [
            [
              28.9580616,
              41.0146343
            ],
            [
              28.9580214,
              41.0145966
            ],
            [
              28.9572992,
              41.0149874
            ],
            [
              28.95703,
              41.015133
            ],
            [
              28.9569795,
              41.0152045
            ],
            [
              28.9569216,
              41.0152348
            ],
            [
              28.9567117,
              41.0153448
            ],
            [
              28.9564053,
              41.0155054
            ],
            [
              28.9558361,
              41.0158036
            ],
            [
              28.9557965,
              41.0158243
            ],
            [
              28.9557096,
              41.0158698
            ],
            [
              28.9556351,
              41.0159089
            ],
            [
              28.9555682,
              41.0159439
            ],
            [
              28.9554809,
              41.0159896
            ],
            [
              28.9554014,
              41.0160313
            ],
            [
              28.9553841,
              41.0160404
            ],
            [
              28.9544811,
              41.0165242
            ],
            [
              28.9538513,
              41.0168569
            ],
            [
              28.9533435,
              41.0171253
            ],
            [
              28.9522714,
              41.0176678
            ],
            [
              28.9523199,
              41.01772
            ],
            [
              28.953378,
              41.0171603
            ],
            [
              28.9538848,
              41.0168924
            ],
            [
              28.9545167,
              41.0165586
            ],
            [
              28.9551366,
              41.0162347
            ],
            [
              28.9553866,
              41.0160942
            ],
            [
              28.9554198,
              41.0160768
            ],
            [
              28.9554372,
              41.0160676
            ],
            [
              28.9555156,
              41.0160266
            ],
            [
              28.9556006,
              41.015982
            ],
            [
              28.9556703,
              41.0159455
            ],
            [
              28.9557446,
              41.0159065
            ],
            [
              28.9558304,
              41.0158616
            ],
            [
              28.9558704,
              41.0158406
            ],
            [
              28.9564356,
              41.0155443
            ],
            [
              28.9567455,
              41.0153819
            ],
            [
              28.9570135,
              41.0152415
            ],
            [
              28.9570256,
              41.0152325
            ],
            [
              28.957083,
              41.0151673
            ],
            [
              28.9573341,
              41.0150305
            ],
            [
              28.9580616,
              41.0146343
            ]
          ]
        ]
      },
      "properties": {
        "id": "istanbul-way-23276526",
        "siteKey": "istanbul",
        "siteName": "古伊斯坦布尔／君士坦丁堡",
        "siteEnName": "Historic Istanbul / Constantinople",
        "name": "瓦伦斯引水桥",
        "enName": "Valens Aqueduct",
        "originalName": "Bozdoğan Su Kemeri",
        "role": "water",
        "period": "魏晋南北朝",
        "periodLabel": "东罗马／拜占庭／奥斯曼",
        "heritageId": "whc-356",
        "tentative": false,
        "sourceUrl": "https://www.openstreetmap.org/way/23276526",
        "referenceUrl": "https://whc.unesco.org/en/list/356/",
        "note": "公开现存建筑或遗迹矢量，可能包含后世修复和改建；不等于最初建筑台基实测范围。",
        "label": true
      }
    },
    {
      "type": "Feature",
      "geometry": {
        "type": "LineString",
        "coordinates": [
          [
            28.9732572,
            41.0047511
          ],
          [
            28.9732321,
            41.0046964
          ],
          [
            28.9731726,
            41.0044542
          ],
          [
            28.9731761,
            41.0043648
          ],
          [
            28.9731967,
            41.0042939
          ],
          [
            28.9732453,
            41.0042098
          ],
          [
            28.9733047,
            41.0041428
          ],
          [
            28.9735345,
            41.0039929
          ],
          [
            28.9736591,
            41.0039417
          ],
          [
            28.9737664,
            41.0039249
          ],
          [
            28.9738948,
            41.003923
          ],
          [
            28.9740775,
            41.0039735
          ],
          [
            28.9742357,
            41.0040347
          ],
          [
            28.9744079,
            41.0041422
          ],
          [
            28.9747937,
            41.0045006
          ]
        ]
      },
      "properties": {
        "id": "istanbul-way-321386212",
        "siteKey": "istanbul",
        "siteName": "古伊斯坦布尔／君士坦丁堡",
        "siteEnName": "Historic Istanbul / Constantinople",
        "name": "君士坦丁堡竞技场残迹",
        "enName": "Hippodrome remains",
        "originalName": "Bizans Hipodrom Kalıntıları",
        "role": "wall",
        "period": "魏晋南北朝",
        "periodLabel": "东罗马／拜占庭／奥斯曼",
        "heritageId": "whc-356",
        "tentative": false,
        "sourceUrl": "https://www.openstreetmap.org/way/321386212",
        "referenceUrl": "https://whc.unesco.org/en/list/356/",
        "note": "公开现存建筑或遗迹矢量，可能包含后世修复和改建；不等于最初建筑台基实测范围。",
        "label": true
      }
    },
    {
      "type": "Feature",
      "geometry": {
        "type": "Polygon",
        "coordinates": [
          [
            [
              28.9753976,
              41.0059418
            ],
            [
              28.9754189,
              41.0059293
            ],
            [
              28.9754025,
              41.0059134
            ],
            [
              28.9753813,
              41.0059258
            ],
            [
              28.9753976,
              41.0059418
            ]
          ]
        ]
      },
      "properties": {
        "id": "istanbul-way-1120852417",
        "siteKey": "istanbul",
        "siteName": "古伊斯坦布尔／君士坦丁堡",
        "siteEnName": "Historic Istanbul / Constantinople",
        "name": "狄奥多西方尖碑",
        "enName": "Obelisk of Theodosius",
        "originalName": "Theodosius Dikilitaşı",
        "role": "public",
        "period": "魏晋南北朝",
        "periodLabel": "东罗马／拜占庭／奥斯曼",
        "heritageId": "whc-356",
        "tentative": false,
        "sourceUrl": "https://www.openstreetmap.org/way/1120852417",
        "referenceUrl": "https://whc.unesco.org/en/list/356/",
        "note": "古埃及方尖碑于390年在君士坦丁堡竞技场重新竖立；按在此地的东罗马阶段配色，不把原产地和原制作年代混为一谈。",
        "label": true
      }
    },
    {
      "type": "Feature",
      "geometry": {
        "type": "Polygon",
        "coordinates": [
          [
            [
              28.974841,
              41.0054195
            ],
            [
              28.9748612,
              41.005406
            ],
            [
              28.9748434,
              41.0053909
            ],
            [
              28.9748232,
              41.0054044
            ],
            [
              28.974841,
              41.0054195
            ]
          ]
        ]
      },
      "properties": {
        "id": "istanbul-way-1120852418",
        "siteKey": "istanbul",
        "siteName": "古伊斯坦布尔／君士坦丁堡",
        "siteEnName": "Historic Istanbul / Constantinople",
        "name": "砌筑方尖碑",
        "enName": "Walled Obelisk",
        "originalName": "Örme Dikilitaş",
        "role": "public",
        "period": "宋辽金西夏",
        "periodLabel": "东罗马／拜占庭／奥斯曼",
        "heritageId": "whc-356",
        "tentative": false,
        "sourceUrl": "https://www.openstreetmap.org/way/1120852418",
        "referenceUrl": "https://whc.unesco.org/en/list/356/",
        "note": "公开现存建筑或遗迹矢量，可能包含后世修复和改建；不等于最初建筑台基实测范围。",
        "label": true
      }
    },
    {
      "type": "Feature",
      "geometry": {
        "type": "Point",
        "coordinates": [
          28.9751101,
          41.0056649
        ]
      },
      "properties": {
        "id": "istanbul-node-415157636",
        "siteKey": "istanbul",
        "siteName": "古伊斯坦布尔／君士坦丁堡",
        "siteEnName": "Historic Istanbul / Constantinople",
        "name": "蛇柱",
        "enName": "Serpent Column",
        "originalName": "Yılanlı Sütun",
        "role": "public",
        "period": "魏晋南北朝",
        "periodLabel": "东罗马／拜占庭／奥斯曼",
        "heritageId": "whc-356",
        "tentative": false,
        "sourceUrl": "https://www.openstreetmap.org/node/415157636",
        "referenceUrl": "https://whc.unesco.org/en/list/356/",
        "note": "源自德尔斐的古希腊纪念物，后移入君士坦丁堡竞技场；此点表示现存位置。",
        "label": true
      }
    },
    {
      "type": "Feature",
      "geometry": {
        "type": "Point",
        "coordinates": [
          28.9780181,
          41.0080674
        ]
      },
      "properties": {
        "id": "istanbul-node-1908677124",
        "siteKey": "istanbul",
        "siteName": "古伊斯坦布尔／君士坦丁堡",
        "siteEnName": "Historic Istanbul / Constantinople",
        "name": "米利翁里程碑遗迹",
        "enName": "Milion",
        "originalName": "Milyon Taşı",
        "role": "public",
        "period": "魏晋南北朝",
        "periodLabel": "东罗马／拜占庭／奥斯曼",
        "heritageId": "whc-356",
        "tentative": false,
        "sourceUrl": "https://www.openstreetmap.org/node/1908677124",
        "referenceUrl": "https://whc.unesco.org/en/list/356/",
        "note": "公开现存建筑或遗迹矢量，可能包含后世修复和改建；不等于最初建筑台基实测范围。",
        "label": true
      }
    },
    {
      "type": "Feature",
      "geometry": {
        "type": "Polygon",
        "coordinates": [
          [
            [
              28.9713637,
              41.0086048
            ],
            [
              28.9713507,
              41.0084915
            ],
            [
              28.9713505,
              41.0084915
            ],
            [
              28.9712019,
              41.0085012
            ],
            [
              28.9712149,
              41.0086145
            ],
            [
              28.9713637,
              41.0086048
            ]
          ]
        ]
      },
      "properties": {
        "id": "istanbul-way-1153684927",
        "siteKey": "istanbul",
        "siteName": "古伊斯坦布尔／君士坦丁堡",
        "siteEnName": "Historic Istanbul / Constantinople",
        "name": "君士坦丁纪念柱",
        "enName": "Column of Constantine",
        "originalName": "Çemberlitaş Sütunu",
        "role": "public",
        "period": "魏晋南北朝",
        "periodLabel": "东罗马／拜占庭／奥斯曼",
        "heritageId": "whc-356",
        "tentative": false,
        "sourceUrl": "https://www.openstreetmap.org/way/1153684927",
        "referenceUrl": "https://whc.unesco.org/en/list/356/",
        "note": "公开现存建筑或遗迹矢量，可能包含后世修复和改建；不等于最初建筑台基实测范围。",
        "label": true
      }
    },
    {
      "type": "Feature",
      "geometry": {
        "type": "Point",
        "coordinates": [
          28.9856774,
          41.0146409
        ]
      },
      "properties": {
        "id": "istanbul-node-4695996389",
        "siteKey": "istanbul",
        "siteName": "古伊斯坦布尔／君士坦丁堡",
        "siteEnName": "Historic Istanbul / Constantinople",
        "name": "哥特人纪念柱",
        "enName": "Column of the Goths",
        "originalName": "Gotlar Sütunu",
        "role": "public",
        "period": "魏晋南北朝",
        "periodLabel": "东罗马／拜占庭／奥斯曼",
        "heritageId": "whc-356",
        "tentative": false,
        "sourceUrl": "https://www.openstreetmap.org/node/4695996389",
        "referenceUrl": "https://whc.unesco.org/en/list/356/",
        "note": "公开现存建筑或遗迹矢量，可能包含后世修复和改建；不等于最初建筑台基实测范围。",
        "label": true
      }
    },
    {
      "type": "Feature",
      "geometry": {
        "type": "Point",
        "coordinates": [
          28.9755539,
          41.007586
        ]
      },
      "properties": {
        "id": "istanbul-node-13615790287",
        "siteKey": "istanbul",
        "siteName": "古伊斯坦布尔／君士坦丁堡",
        "siteEnName": "Historic Istanbul / Constantinople",
        "name": "劳苏斯宫遗迹（地点参照）",
        "enName": "Palace of Lausus remains (reference)",
        "originalName": "Lausos Sarayı'nın Kalıntıları",
        "role": "house",
        "period": "魏晋南北朝",
        "periodLabel": "东罗马／拜占庭／奥斯曼",
        "heritageId": "whc-356",
        "tentative": false,
        "sourceUrl": "https://www.openstreetmap.org/node/13615790287",
        "referenceUrl": "https://whc.unesco.org/en/list/356/",
        "note": "公开现存建筑或遗迹矢量，可能包含后世修复和改建；不等于最初建筑台基实测范围。",
        "label": true
      }
    },
    {
      "type": "Feature",
      "geometry": {
        "type": "Polygon",
        "coordinates": [
          [
            [
              28.9757056,
              41.0072606
            ],
            [
              28.9751823,
              41.007541
            ],
            [
              28.9751558,
              41.0075552
            ],
            [
              28.975144,
              41.0075516
            ],
            [
              28.9750426,
              41.0075206
            ],
            [
              28.9749526,
              41.0074313
            ],
            [
              28.9750289,
              41.0073635
            ],
            [
              28.9750544,
              41.0073234
            ],
            [
              28.9750317,
              41.007263
            ],
            [
              28.9750426,
              41.0072566
            ],
            [
              28.9750473,
              41.007254
            ],
            [
              28.9754634,
              41.0070232
            ],
            [
              28.9755998,
              41.0071568
            ],
            [
              28.9757056,
              41.0072606
            ]
          ]
        ]
      },
      "properties": {
        "id": "istanbul-way-1075801479",
        "siteKey": "istanbul",
        "siteName": "古伊斯坦布尔／君士坦丁堡",
        "siteEnName": "Historic Istanbul / Constantinople",
        "name": "安提奥库斯宫遗迹",
        "enName": "Palace of Antiochos remains",
        "originalName": "Antiochos Sarayı'nın Kalıntıları",
        "role": "house",
        "period": "魏晋南北朝",
        "periodLabel": "东罗马／拜占庭／奥斯曼",
        "heritageId": "whc-356",
        "tentative": false,
        "sourceUrl": "https://www.openstreetmap.org/way/1075801479",
        "referenceUrl": "https://whc.unesco.org/en/list/356/",
        "note": "公开现存建筑或遗迹矢量，可能包含后世修复和改建；不等于最初建筑台基实测范围。",
        "label": true
      }
    },
    {
      "type": "Feature",
      "geometry": {
        "type": "Polygon",
        "coordinates": [
          [
            [
              28.9757321,
              41.0025824
            ],
            [
              28.9751193,
              41.0024787
            ],
            [
              28.9751005,
              41.0024142
            ],
            [
              28.9753851,
              41.0023357
            ],
            [
              28.9756241,
              41.0022697
            ],
            [
              28.9756344,
              41.0022669
            ],
            [
              28.9757082,
              41.002265
            ],
            [
              28.9761708,
              41.0022531
            ],
            [
              28.9769106,
              41.0022224
            ],
            [
              28.9770463,
              41.002211
            ],
            [
              28.9770746,
              41.0023728
            ],
            [
              28.9769022,
              41.0023915
            ],
            [
              28.9769322,
              41.0025486
            ],
            [
              28.9767929,
              41.0025668
            ],
            [
              28.9767565,
              41.0024202
            ],
            [
              28.9762736,
              41.0024918
            ],
            [
              28.9763441,
              41.0026996
            ],
            [
              28.9757577,
              41.0025873
            ],
            [
              28.9757321,
              41.0025824
            ]
          ]
        ]
      },
      "properties": {
        "id": "istanbul-way-1184851395",
        "siteKey": "istanbul",
        "siteName": "古伊斯坦布尔／君士坦丁堡",
        "siteEnName": "Historic Istanbul / Constantinople",
        "name": "布科莱翁宫遗迹",
        "enName": "Boukoleon Palace remains",
        "originalName": "Bukoleon Sarayı Kalıntıları",
        "role": "house",
        "period": "魏晋南北朝",
        "periodLabel": "东罗马／拜占庭／奥斯曼",
        "heritageId": "whc-356",
        "tentative": false,
        "sourceUrl": "https://www.openstreetmap.org/way/1184851395",
        "referenceUrl": "https://kulturelmiras.ibb.istanbul/boukoleon-bukoleon-sarayi/",
        "note": "大皇宫体系南部的现存遗迹；已受铁路、滨海道路及后世建筑影响，不能以这部分代替整个大皇宫范围。",
        "label": true
      }
    },
    {
      "type": "Feature",
      "geometry": {
        "type": "LineString",
        "coordinates": [
          [
            28.9757577,
            41.0025873
          ],
          [
            28.9767289,
            41.0024097
          ],
          [
            28.9768166,
            41.0023937
          ],
          [
            28.9769741,
            41.0023649
          ]
        ]
      },
      "properties": {
        "id": "istanbul-way-1482368832",
        "siteKey": "istanbul",
        "siteName": "古伊斯坦布尔／君士坦丁堡",
        "siteEnName": "Historic Istanbul / Constantinople",
        "name": "布科莱翁宫墙残迹",
        "enName": "Boukoleon Palace wall remains",
        "originalName": "Bukoleon Sarayı duvarları",
        "role": "wall",
        "period": "魏晋南北朝",
        "periodLabel": "东罗马／拜占庭／奥斯曼",
        "heritageId": "whc-356",
        "tentative": false,
        "sourceUrl": "https://www.openstreetmap.org/way/1482368832",
        "referenceUrl": "https://kulturelmiras.ibb.istanbul/boukoleon-bukoleon-sarayi/",
        "note": "大皇宫体系南部的现存遗迹；已受铁路、滨海道路及后世建筑影响，不能以这部分代替整个大皇宫范围。",
        "label": true
      }
    },
    {
      "type": "Feature",
      "geometry": {
        "type": "Polygon",
        "coordinates": [
          [
            [
              28.9767289,
              41.0024097
            ],
            [
              28.9766958,
              41.0023083
            ],
            [
              28.9767843,
              41.0022916
            ],
            [
              28.9768166,
              41.0023937
            ],
            [
              28.9767289,
              41.0024097
            ]
          ]
        ]
      },
      "properties": {
        "id": "istanbul-way-1482368833",
        "siteKey": "istanbul",
        "siteName": "古伊斯坦布尔／君士坦丁堡",
        "siteEnName": "Historic Istanbul / Constantinople",
        "name": "布科莱翁宫塔楼遗迹",
        "enName": "Boukoleon Palace tower",
        "originalName": "Bukoleon Kulesi",
        "role": "public",
        "period": "魏晋南北朝",
        "periodLabel": "东罗马／拜占庭／奥斯曼",
        "heritageId": "whc-356",
        "tentative": false,
        "sourceUrl": "https://www.openstreetmap.org/way/1482368833",
        "referenceUrl": "https://kulturelmiras.ibb.istanbul/boukoleon-bukoleon-sarayi/",
        "note": "大皇宫体系南部的现存遗迹；已受铁路、滨海道路及后世建筑影响，不能以这部分代替整个大皇宫范围。",
        "label": true
      }
    },
    {
      "type": "Feature",
      "geometry": {
        "type": "Polygon",
        "coordinates": [
          [
            [
              28.9719208,
              41.0027169
            ],
            [
              28.9720123,
              41.0029013
            ],
            [
              28.9721464,
              41.0028648
            ],
            [
              28.9721544,
              41.0028891
            ],
            [
              28.9723312,
              41.0028363
            ],
            [
              28.9723556,
              41.0028466
            ],
            [
              28.9724626,
              41.002812
            ],
            [
              28.9724493,
              41.0027482
            ],
            [
              28.9724807,
              41.0027101
            ],
            [
              28.9724552,
              41.0026628
            ],
            [
              28.9724036,
              41.002648
            ],
            [
              28.972369,
              41.0025855
            ],
            [
              28.9720469,
              41.002646
            ],
            [
              28.9720552,
              41.0026644
            ],
            [
              28.9719718,
              41.0026845
            ],
            [
              28.9719828,
              41.0027029
            ],
            [
              28.9719208,
              41.0027169
            ]
          ]
        ]
      },
      "properties": {
        "id": "istanbul-way-303179753",
        "siteKey": "istanbul",
        "siteName": "古伊斯坦布尔／君士坦丁堡",
        "siteEnName": "Historic Istanbul / Constantinople",
        "name": "圣塞尔吉乌斯与巴克斯教堂（小圣索菲亚）",
        "enName": "Church of Saints Sergius and Bacchus (Little Hagia Sophia)",
        "originalName": "Küçük Ayasofya Camii",
        "role": "temple",
        "period": "魏晋南北朝",
        "periodLabel": "东罗马／拜占庭／奥斯曼",
        "heritageId": "whc-356",
        "tentative": false,
        "sourceUrl": "https://www.openstreetmap.org/way/303179753",
        "referenceUrl": "https://whc.unesco.org/en/list/356/",
        "note": "公开现存建筑或遗迹矢量，可能包含后世修复和改建；不等于最初建筑台基实测范围。",
        "label": true
      }
    },
    {
      "type": "Feature",
      "geometry": {
        "type": "Polygon",
        "coordinates": [
          [
            [
              28.9572161,
              41.0194582
            ],
            [
              28.9570723,
              41.0195068
            ],
            [
              28.9570297,
              41.0194351
            ],
            [
              28.9568821,
              41.019485
            ],
            [
              28.9570586,
              41.0197889
            ],
            [
              28.9571609,
              41.0199685
            ],
            [
              28.9574525,
              41.0198739
            ],
            [
              28.9574393,
              41.0198507
            ],
            [
              28.9574718,
              41.0198118
            ],
            [
              28.957442,
              41.0197598
            ],
            [
              28.9573854,
              41.0197551
            ],
            [
              28.9573688,
              41.0197258
            ],
            [
              28.9574011,
              41.0196877
            ],
            [
              28.9573761,
              41.0196439
            ],
            [
              28.9573184,
              41.0196365
            ],
            [
              28.9573087,
              41.0196192
            ],
            [
              28.9573382,
              41.0195773
            ],
            [
              28.9573091,
              41.0195262
            ],
            [
              28.9572509,
              41.0195168
            ],
            [
              28.9572161,
              41.0194582
            ]
          ]
        ]
      },
      "properties": {
        "id": "istanbul-way-137519649",
        "siteKey": "istanbul",
        "siteName": "古伊斯坦布尔／君士坦丁堡",
        "siteEnName": "Historic Istanbul / Constantinople",
        "name": "全能基督修道院（泽伊雷克清真寺）",
        "enName": "Pantocrator Monastery (Zeyrek Mosque)",
        "originalName": "Zeyrek Molla Camii",
        "role": "temple",
        "period": "宋辽金西夏",
        "periodLabel": "东罗马／拜占庭／奥斯曼",
        "heritageId": "whc-356",
        "tentative": false,
        "sourceUrl": "https://www.openstreetmap.org/way/137519649",
        "referenceUrl": "https://whc.unesco.org/en/list/356/",
        "note": "公开现存建筑或遗迹矢量，可能包含后世修复和改建；不等于最初建筑台基实测范围。",
        "label": true
      }
    },
    {
      "type": "Feature",
      "geometry": {
        "type": "Polygon",
        "coordinates": [
          [
            [
              28.9388964,
              41.0313769
            ],
            [
              28.938921,
              41.031372
            ],
            [
              28.9391491,
              41.0313274
            ],
            [
              28.9391428,
              41.0313091
            ],
            [
              28.9391835,
              41.0313011
            ],
            [
              28.9391757,
              41.0312784
            ],
            [
              28.9392161,
              41.0312704
            ],
            [
              28.9392025,
              41.0312309
            ],
            [
              28.9392221,
              41.0312165
            ],
            [
              28.9392287,
              41.0311965
            ],
            [
              28.9392792,
              41.0311867
            ],
            [
              28.9392718,
              41.0311652
            ],
            [
              28.9392213,
              41.031175
            ],
            [
              28.9392057,
              41.0311569
            ],
            [
              28.9391751,
              41.031151
            ],
            [
              28.9391788,
              41.0311412
            ],
            [
              28.9391748,
              41.0311287
            ],
            [
              28.9391646,
              41.0311207
            ],
            [
              28.9391859,
              41.0311119
            ],
            [
              28.9391997,
              41.0310946
            ],
            [
              28.9391998,
              41.0310759
            ],
            [
              28.939189,
              41.0310608
            ],
            [
              28.939169,
              41.0310506
            ],
            [
              28.9391401,
              41.0310493
            ],
            [
              28.9389411,
              41.0310883
            ],
            [
              28.9389028,
              41.0310957
            ],
            [
              28.9388711,
              41.031102
            ],
            [
              28.9388643,
              41.0310821
            ],
            [
              28.9387993,
              41.0310948
            ],
            [
              28.9388137,
              41.0311366
            ],
            [
              28.9388516,
              41.0312466
            ],
            [
              28.9388964,
              41.0313769
            ]
          ],
          [
            [
              28.9389661,
              41.0311781
            ],
            [
              28.938972,
              41.0311732
            ],
            [
              28.9389801,
              41.0311704
            ],
            [
              28.9389889,
              41.0311701
            ],
            [
              28.9389973,
              41.0311723
            ],
            [
              28.9390038,
              41.0311768
            ],
            [
              28.9390076,
              41.0311829
            ],
            [
              28.939008,
              41.0311896
            ],
            [
              28.939005,
              41.0311958
            ],
            [
              28.938999,
              41.0312008
            ],
            [
              28.938991,
              41.0312036
            ],
            [
              28.9389821,
              41.0312039
            ],
            [
              28.9389738,
              41.0312017
            ],
            [
              28.9389672,
              41.0311972
            ],
            [
              28.9389635,
              41.0311911
            ],
            [
              28.9389631,
              41.0311844
            ],
            [
              28.9389661,
              41.0311781
            ]
          ],
          [
            [
              28.9390764,
              41.0311736
            ],
            [
              28.939091,
              41.0311662
            ],
            [
              28.9391082,
              41.0311636
            ],
            [
              28.9391255,
              41.0311662
            ],
            [
              28.9391401,
              41.0311736
            ],
            [
              28.9391498,
              41.0311846
            ],
            [
              28.9391533,
              41.0311976
            ],
            [
              28.9391498,
              41.0312106
            ],
            [
              28.9391401,
              41.0312216
            ],
            [
              28.9391255,
              41.031229
            ],
            [
              28.9391082,
              41.0312316
            ],
            [
              28.939091,
              41.031229
            ],
            [
              28.9390764,
              41.0312216
            ],
            [
              28.9390666,
              41.0312106
            ],
            [
              28.9390632,
              41.0311976
            ],
            [
              28.9390666,
              41.0311846
            ],
            [
              28.9390764,
              41.0311736
            ]
          ],
          [
            [
              28.9390408,
              41.0311048
            ],
            [
              28.9390443,
              41.0310986
            ],
            [
              28.9390507,
              41.0310939
            ],
            [
              28.939059,
              41.0310913
            ],
            [
              28.939068,
              41.0310914
            ],
            [
              28.9390762,
              41.031094
            ],
            [
              28.9390825,
              41.0310989
            ],
            [
              28.9390859,
              41.0311051
            ],
            [
              28.9390858,
              41.0311119
            ],
            [
              28.9390823,
              41.0311181
            ],
            [
              28.9390759,
              41.0311228
            ],
            [
              28.9390676,
              41.0311253
            ],
            [
              28.9390586,
              41.0311253
            ],
            [
              28.9390504,
              41.0311226
            ],
            [
              28.9390441,
              41.0311178
            ],
            [
              28.9390408,
              41.0311116
            ],
            [
              28.9390408,
              41.0311048
            ]
          ],
          [
            [
              28.9390187,
              41.0312808
            ],
            [
              28.9390274,
              41.0312816
            ],
            [
              28.9390351,
              41.0312849
            ],
            [
              28.9390405,
              41.0312901
            ],
            [
              28.9390428,
              41.0312965
            ],
            [
              28.9390418,
              41.0313031
            ],
            [
              28.9390375,
              41.0313089
            ],
            [
              28.9390305,
              41.0313129
            ],
            [
              28.9390221,
              41.0313147
            ],
            [
              28.9390133,
              41.0313139
            ],
            [
              28.9390057,
              41.0313106
            ],
            [
              28.9390003,
              41.0313054
            ],
            [
              28.9389979,
              41.031299
            ],
            [
              28.938999,
              41.0312925
            ],
            [
              28.9390033,
              41.0312867
            ],
            [
              28.9390102,
              41.0312826
            ],
            [
              28.9390187,
              41.0312808
            ]
          ]
        ]
      },
      "properties": {
        "id": "istanbul-relation-7614527",
        "siteKey": "istanbul",
        "siteName": "古伊斯坦布尔／君士坦丁堡",
        "siteEnName": "Historic Istanbul / Constantinople",
        "name": "科拉教堂／卡里耶清真寺",
        "enName": "Chora Church / Kariye Mosque",
        "originalName": "Kariye Camii",
        "role": "temple",
        "period": "元",
        "periodLabel": "东罗马／拜占庭／奥斯曼",
        "heritageId": "whc-356",
        "tentative": false,
        "sourceUrl": "https://www.openstreetmap.org/relation/7614527",
        "referenceUrl": "https://whc.unesco.org/en/list/356/",
        "note": "公开现存建筑或遗迹矢量，可能包含后世修复和改建；不等于最初建筑台基实测范围。",
        "label": true
      }
    },
    {
      "type": "Feature",
      "geometry": {
        "type": "Point",
        "coordinates": [
          28.9407981,
          41.038414
        ]
      },
      "properties": {
        "id": "istanbul-node-6373152085",
        "siteKey": "istanbul",
        "siteName": "古伊斯坦布尔／君士坦丁堡",
        "siteEnName": "Historic Istanbul / Constantinople",
        "name": "阿内马斯监狱遗址（地点参照）",
        "enName": "Anemas Prison (reference)",
        "originalName": "Prison of Anemas",
        "role": "public",
        "period": "宋辽金西夏",
        "periodLabel": "东罗马／拜占庭／奥斯曼",
        "heritageId": "whc-356",
        "tentative": false,
        "sourceUrl": "https://www.openstreetmap.org/node/6373152085",
        "referenceUrl": "https://whc.unesco.org/en/list/356/",
        "note": "公开现存建筑或遗迹矢量，可能包含后世修复和改建；不等于最初建筑台基实测范围。",
        "label": true
      }
    },
    {
      "type": "Feature",
      "geometry": {
        "type": "Polygon",
        "coordinates": [
          [
            [
              28.9223726,
              40.9931117
            ],
            [
              28.9225582,
              40.9931526
            ],
            [
              28.9224885,
              40.9933246
            ],
            [
              28.9223058,
              40.9932844
            ],
            [
              28.9223726,
              40.9931117
            ]
          ]
        ]
      },
      "properties": {
        "id": "istanbul-way-23272338",
        "siteKey": "istanbul",
        "siteName": "古伊斯坦布尔／君士坦丁堡",
        "siteEnName": "Historic Istanbul / Constantinople",
        "name": "君士坦丁堡金门门址",
        "enName": "Golden Gate",
        "originalName": "Porta Aurea",
        "role": "gate",
        "period": "魏晋南北朝",
        "periodLabel": "东罗马／拜占庭／奥斯曼",
        "heritageId": "whc-356",
        "tentative": false,
        "sourceUrl": "https://www.openstreetmap.org/way/23272338",
        "referenceUrl": "https://whc.unesco.org/en/list/356/",
        "note": "公开现存建筑或遗迹矢量，可能包含后世修复和改建；不等于最初建筑台基实测范围。",
        "label": true
      }
    },
    {
      "type": "Feature",
      "geometry": {
        "type": "Polygon",
        "coordinates": [
          [
            [
              28.9225149,
              40.9927083
            ],
            [
              28.9226908,
              40.9927457
            ],
            [
              28.9227037,
              40.9927933
            ],
            [
              28.9226542,
              40.9929154
            ],
            [
              28.9224535,
              40.9928727
            ],
            [
              28.9225149,
              40.9927083
            ]
          ]
        ]
      },
      "properties": {
        "id": "istanbul-way-23272340",
        "siteKey": "istanbul",
        "siteName": "古伊斯坦布尔／君士坦丁堡",
        "siteEnName": "Historic Istanbul / Constantinople",
        "name": "君士坦丁堡金门门址",
        "enName": "Golden Gate",
        "originalName": "Porta Aurea",
        "role": "gate",
        "period": "魏晋南北朝",
        "periodLabel": "东罗马／拜占庭／奥斯曼",
        "heritageId": "whc-356",
        "tentative": false,
        "sourceUrl": "https://www.openstreetmap.org/way/23272340",
        "referenceUrl": "https://whc.unesco.org/en/list/356/",
        "note": "公开现存建筑或遗迹矢量，可能包含后世修复和改建；不等于最初建筑台基实测范围。",
        "label": true
      }
    },
    {
      "type": "Feature",
      "geometry": {
        "type": "Polygon",
        "coordinates": [
          [
            [
              28.9204115,
              40.9999638
            ],
            [
              28.9205379,
              40.9999638
            ],
            [
              28.9205377,
              40.9998888
            ],
            [
              28.920477,
              40.9998886
            ],
            [
              28.9204114,
              40.999889
            ],
            [
              28.9204115,
              40.9999638
            ]
          ]
        ]
      },
      "properties": {
        "id": "istanbul-way-23272324",
        "siteKey": "istanbul",
        "siteName": "古伊斯坦布尔／君士坦丁堡",
        "siteEnName": "Historic Istanbul / Constantinople",
        "name": "贝尔格莱德门",
        "enName": "Belgrade Gate",
        "originalName": "Belgrad Kapı",
        "role": "gate",
        "period": "魏晋南北朝",
        "periodLabel": "东罗马／拜占庭／奥斯曼",
        "heritageId": "whc-356",
        "tentative": false,
        "sourceUrl": "https://www.openstreetmap.org/way/23272324",
        "referenceUrl": "https://whc.unesco.org/en/list/356/",
        "note": "公开现存建筑或遗迹矢量，可能包含后世修复和改建；不等于最初建筑台基实测范围。",
        "label": true
      }
    },
    {
      "type": "Feature",
      "geometry": {
        "type": "Polygon",
        "coordinates": [
          [
            [
              28.9204131,
              40.9997815
            ],
            [
              28.9204776,
              40.9997822
            ],
            [
              28.9205382,
              40.9997823
            ],
            [
              28.9205391,
              40.9997009
            ],
            [
              28.9204145,
              40.9996996
            ],
            [
              28.9204131,
              40.9997815
            ]
          ]
        ]
      },
      "properties": {
        "id": "istanbul-way-23272326",
        "siteKey": "istanbul",
        "siteName": "古伊斯坦布尔／君士坦丁堡",
        "siteEnName": "Historic Istanbul / Constantinople",
        "name": "贝尔格莱德门",
        "enName": "Belgrade Gate",
        "originalName": "Belgrad Kapı",
        "role": "gate",
        "period": "魏晋南北朝",
        "periodLabel": "东罗马／拜占庭／奥斯曼",
        "heritageId": "whc-356",
        "tentative": false,
        "sourceUrl": "https://www.openstreetmap.org/way/23272326",
        "referenceUrl": "https://whc.unesco.org/en/list/356/",
        "note": "公开现存建筑或遗迹矢量，可能包含后世修复和改建；不等于最初建筑台基实测范围。",
        "label": true
      }
    },
    {
      "type": "Feature",
      "geometry": {
        "type": "Polygon",
        "coordinates": [
          [
            [
              28.9220746,
              41.0141459
            ],
            [
              28.9220875,
              41.0142337
            ],
            [
              28.9219411,
              41.014246
            ],
            [
              28.9219282,
              41.0141582
            ],
            [
              28.9220746,
              41.0141459
            ]
          ]
        ]
      },
      "properties": {
        "id": "istanbul-way-23261412",
        "siteKey": "istanbul",
        "siteName": "古伊斯坦布尔／君士坦丁堡",
        "siteEnName": "Historic Istanbul / Constantinople",
        "name": "雷吉翁门",
        "enName": "Rhegion Gate",
        "originalName": "Rhegion Gate",
        "role": "gate",
        "period": "魏晋南北朝",
        "periodLabel": "东罗马／拜占庭／奥斯曼",
        "heritageId": "whc-356",
        "tentative": false,
        "sourceUrl": "https://www.openstreetmap.org/way/23261412",
        "referenceUrl": "https://whc.unesco.org/en/list/356/",
        "note": "公开现存建筑或遗迹矢量，可能包含后世修复和改建；不等于最初建筑台基实测范围。",
        "label": true
      }
    },
    {
      "type": "Feature",
      "geometry": {
        "type": "Polygon",
        "coordinates": [
          [
            [
              28.9219073,
              41.0140158
            ],
            [
              28.9219003,
              41.0139284
            ],
            [
              28.9220532,
              41.0139214
            ],
            [
              28.9220602,
              41.0140088
            ],
            [
              28.9219073,
              41.0140158
            ]
          ]
        ]
      },
      "properties": {
        "id": "istanbul-way-23261419",
        "siteKey": "istanbul",
        "siteName": "古伊斯坦布尔／君士坦丁堡",
        "siteEnName": "Historic Istanbul / Constantinople",
        "name": "雷吉翁门",
        "enName": "Rhegion Gate",
        "originalName": "Rhegion Gate",
        "role": "gate",
        "period": "魏晋南北朝",
        "periodLabel": "东罗马／拜占庭／奥斯曼",
        "heritageId": "whc-356",
        "tentative": false,
        "sourceUrl": "https://www.openstreetmap.org/way/23261419",
        "referenceUrl": "https://whc.unesco.org/en/list/356/",
        "note": "公开现存建筑或遗迹矢量，可能包含后世修复和改建；不等于最初建筑台基实测范围。",
        "label": true
      }
    },
    {
      "type": "Feature",
      "geometry": {
        "type": "Point",
        "coordinates": [
          28.9353869,
          41.0302491
        ]
      },
      "properties": {
        "id": "istanbul-node-13064870222",
        "siteKey": "istanbul",
        "siteName": "古伊斯坦布尔／君士坦丁堡",
        "siteEnName": "Historic Istanbul / Constantinople",
        "name": "阿德里安堡门（埃迪尔内门）",
        "enName": "Adrianople Gate (Edirne Gate)",
        "originalName": "Edirne Kapı",
        "role": "gate",
        "period": "魏晋南北朝",
        "periodLabel": "东罗马／拜占庭／奥斯曼",
        "heritageId": "whc-356",
        "tentative": false,
        "sourceUrl": "https://www.openstreetmap.org/node/13064870222",
        "referenceUrl": "https://whc.unesco.org/en/list/356/",
        "note": "公开现存建筑或遗迹矢量，可能包含后世修复和改建；不等于最初建筑台基实测范围。",
        "label": true
      }
    },
    {
      "type": "Feature",
      "geometry": {
        "type": "Point",
        "coordinates": [
          28.9393976,
          41.0364729
        ]
      },
      "properties": {
        "id": "istanbul-node-5787843345",
        "siteKey": "istanbul",
        "siteName": "古伊斯坦布尔／君士坦丁堡",
        "siteEnName": "Historic Istanbul / Constantinople",
        "name": "卡利加里亚门",
        "enName": "Kaligaria Gate",
        "originalName": "Eğrikapı",
        "role": "gate",
        "period": "宋辽金西夏",
        "periodLabel": "东罗马／拜占庭／奥斯曼",
        "heritageId": "whc-356",
        "tentative": false,
        "sourceUrl": "https://www.openstreetmap.org/node/5787843345",
        "referenceUrl": "https://whc.unesco.org/en/list/356/",
        "note": "公开现存建筑或遗迹矢量，可能包含后世修复和改建；不等于最初建筑台基实测范围。",
        "label": true
      }
    },
    {
      "type": "Feature",
      "geometry": {
        "type": "Polygon",
        "coordinates": [
          [
            [
              28.9233246,
              40.9939438
            ],
            [
              28.923379,
              40.9939439
            ],
            [
              28.9233908,
              40.9939314
            ],
            [
              28.9236736,
              40.9936321
            ],
            [
              28.923915,
              40.9934924
            ],
            [
              28.9241074,
              40.993381
            ],
            [
              28.9241089,
              40.9933758
            ],
            [
              28.9241167,
              40.9933621
            ],
            [
              28.9241279,
              40.9933498
            ],
            [
              28.9241419,
              40.9933393
            ],
            [
              28.9241487,
              40.9933358
            ],
            [
              28.9239604,
              40.9930051
            ],
            [
              28.9239112,
              40.9925365
            ],
            [
              28.9238989,
              40.992525
            ],
            [
              28.923354,
              40.9924483
            ],
            [
              28.9228927,
              40.9922707
            ],
            [
              28.9228957,
              40.9922676
            ],
            [
              28.9228994,
              40.9922626
            ],
            [
              28.922902,
              40.9922573
            ],
            [
              28.9229036,
              40.9922517
            ],
            [
              28.9229041,
              40.9922461
            ],
            [
              28.9229036,
              40.9922404
            ],
            [
              28.922902,
              40.9922348
            ],
            [
              28.9228994,
              40.9922295
            ],
            [
              28.9228958,
              40.9922245
            ],
            [
              28.9228912,
              40.9922199
            ],
            [
              28.9228859,
              40.9922159
            ],
            [
              28.9228799,
              40.9922125
            ],
            [
              28.9228732,
              40.9922098
            ],
            [
              28.9228662,
              40.9922078
            ],
            [
              28.9228588,
              40.9922066
            ],
            [
              28.9228513,
              40.9922062
            ],
            [
              28.9228438,
              40.9922066
            ],
            [
              28.9228364,
              40.9922078
            ],
            [
              28.9228293,
              40.9922098
            ],
            [
              28.9228227,
              40.9922125
            ],
            [
              28.9228167,
              40.9922159
            ],
            [
              28.9228113,
              40.9922199
            ],
            [
              28.9228068,
              40.9922245
            ],
            [
              28.9228032,
              40.9922295
            ],
            [
              28.9228004,
              40.9922352
            ],
            [
              28.922524,
              40.9921288
            ],
            [
              28.922567,
              40.9922878
            ],
            [
              28.9226908,
              40.9927457
            ],
            [
              28.9227037,
              40.9927933
            ],
            [
              28.9226542,
              40.9929154
            ],
            [
              28.9226363,
              40.9929574
            ],
            [
              28.9225582,
              40.9931526
            ],
            [
              28.9224885,
              40.9933246
            ],
            [
              28.9223275,
              40.9937219
            ],
            [
              28.9223158,
              40.9937213
            ],
            [
              28.9223119,
              40.9937362
            ],
            [
              28.9223029,
              40.9937499
            ],
            [
              28.9222896,
              40.9937613
            ],
            [
              28.9222728,
              40.9937698
            ],
            [
              28.9222698,
              40.9937706
            ],
            [
              28.9223069,
              40.9937729
            ],
            [
              28.9223739,
              40.9937771
            ],
            [
              28.9229497,
              40.9938134
            ],
            [
              28.9233009,
              40.9939507
            ],
            [
              28.9233246,
              40.9939438
            ]
          ]
        ]
      },
      "properties": {
        "id": "istanbul-way-1035943038",
        "siteKey": "istanbul",
        "siteName": "古伊斯坦布尔／君士坦丁堡",
        "siteEnName": "Historic Istanbul / Constantinople",
        "name": "七塔堡",
        "enName": "Yedikule Fortress",
        "originalName": "Yedikule Zindanları",
        "role": "area",
        "period": "明",
        "periodLabel": "东罗马／拜占庭／奥斯曼",
        "heritageId": "whc-356",
        "tentative": false,
        "sourceUrl": "https://www.openstreetmap.org/way/1035943038",
        "referenceUrl": "https://whc.unesco.org/en/list/356/",
        "note": "公开现存建筑或遗迹矢量，可能包含后世修复和改建；不等于最初建筑台基实测范围。",
        "label": true
      }
    },
    {
      "type": "Feature",
      "geometry": {
        "type": "Polygon",
        "coordinates": [
          [
            [
              28.9819864,
              41.0118332
            ],
            [
              28.9821188,
              41.0117655
            ],
            [
              28.9821588,
              41.0117404
            ],
            [
              28.982251,
              41.0117252
            ],
            [
              28.9823631,
              41.0116772
            ],
            [
              28.9823695,
              41.0116502
            ],
            [
              28.9824792,
              41.0116037
            ],
            [
              28.9829636,
              41.0114136
            ],
            [
              28.9829477,
              41.0113907
            ],
            [
              28.9830074,
              41.0113664
            ],
            [
              28.9829975,
              41.0113516
            ],
            [
              28.9830043,
              41.0113358
            ],
            [
              28.9830239,
              41.0113283
            ],
            [
              28.9830448,
              41.0113334
            ],
            [
              28.9830548,
              41.0113482
            ],
            [
              28.9831179,
              41.0113238
            ],
            [
              28.9832017,
              41.0112902
            ],
            [
              28.9831918,
              41.0112754
            ],
            [
              28.9831986,
              41.0112596
            ],
            [
              28.9832182,
              41.0112521
            ],
            [
              28.9832391,
              41.0112573
            ],
            [
              28.9832491,
              41.0112721
            ],
            [
              28.9833917,
              41.011216
            ],
            [
              28.9833485,
              41.0111508
            ],
            [
              28.9836998,
              41.0110182
            ],
            [
              28.9837492,
              41.0110928
            ],
            [
              28.9838803,
              41.0110433
            ],
            [
              28.9840547,
              41.0109658
            ],
            [
              28.9841968,
              41.0109111
            ],
            [
              28.9852608,
              41.0124838
            ],
            [
              28.985426,
              41.0127155
            ],
            [
              28.9857468,
              41.0131908
            ],
            [
              28.9858659,
              41.0133754
            ],
            [
              28.9860192,
              41.0134618
            ],
            [
              28.9859686,
              41.0137288
            ],
            [
              28.9860444,
              41.0138796
            ],
            [
              28.9856611,
              41.014055
            ],
            [
              28.9856213,
              41.0140722
            ],
            [
              28.985557,
              41.0141011
            ],
            [
              28.9855405,
              41.0141085
            ],
            [
              28.9855318,
              41.0141124
            ],
            [
              28.9854777,
              41.0141368
            ],
            [
              28.9848152,
              41.0144376
            ],
            [
              28.9845586,
              41.0145449
            ],
            [
              28.9842111,
              41.014709
            ],
            [
              28.9834627,
              41.0139413
            ],
            [
              28.9831503,
              41.0136536
            ],
            [
              28.9830804,
              41.0135745
            ],
            [
              28.9830263,
              41.0136017
            ],
            [
              28.9829557,
              41.0135219
            ],
            [
              28.9830057,
              41.0134968
            ],
            [
              28.9829406,
              41.0134231
            ],
            [
              28.982722,
              41.0131762
            ],
            [
              28.9823334,
              41.0127828
            ],
            [
              28.9826077,
              41.0126488
            ],
            [
              28.9826934,
              41.0126172
            ],
            [
              28.9823525,
              41.0122359
            ],
            [
              28.9819864,
              41.0118332
            ]
          ]
        ]
      },
      "properties": {
        "id": "istanbul-way-335415778",
        "siteKey": "istanbul",
        "siteName": "古伊斯坦布尔／君士坦丁堡",
        "siteEnName": "Historic Istanbul / Constantinople",
        "name": "托普卡帕宫（现存宫区）",
        "enName": "Topkapi Palace (existing complex)",
        "originalName": "Topkapı Sarayı",
        "role": "area",
        "period": "明",
        "periodLabel": "东罗马／拜占庭／奥斯曼",
        "heritageId": "whc-356",
        "tentative": false,
        "sourceUrl": "https://www.openstreetmap.org/way/335415778",
        "referenceUrl": "https://www.millisaraylar.gov.tr/Lokasyon/2/Topkapi-Sarayi?culture=en",
        "note": "奥斯曼宫区现存矢量，始建于15世纪并经历多期扩建；各建筑颜色按对应营建时期分组，不表示中国政权归属。",
        "label": true
      }
    },
    {
      "type": "Feature",
      "geometry": {
        "type": "Polygon",
        "coordinates": [
          [
            [
              28.9812502,
              41.0086752
            ],
            [
              28.9813049,
              41.0087191
            ],
            [
              28.9813489,
              41.0087545
            ],
            [
              28.9813695,
              41.0087717
            ],
            [
              28.9814403,
              41.0087205
            ],
            [
              28.9815223,
              41.0086612
            ],
            [
              28.9817238,
              41.0085181
            ],
            [
              28.9816045,
              41.0084216
            ],
            [
              28.9815681,
              41.0084496
            ],
            [
              28.9814053,
              41.0085651
            ],
            [
              28.9812502,
              41.0086752
            ]
          ]
        ]
      },
      "properties": {
        "id": "istanbul-way-335364925",
        "siteKey": "istanbul",
        "siteName": "古伊斯坦布尔／君士坦丁堡",
        "siteEnName": "Historic Istanbul / Constantinople",
        "name": "托普卡帕宫 · 帝国门",
        "enName": "Topkapi Palace · Imperial Gate",
        "originalName": "Bâb-ı Hümâyûn",
        "role": "gate",
        "period": "明",
        "periodLabel": "东罗马／拜占庭／奥斯曼",
        "heritageId": "whc-356",
        "tentative": false,
        "sourceUrl": "https://www.openstreetmap.org/way/335364925",
        "referenceUrl": "https://www.millisaraylar.gov.tr/Lokasyon/2/Topkapi-Sarayi?culture=en",
        "note": "奥斯曼宫区现存矢量，始建于15世纪并经历多期扩建；各建筑颜色按对应营建时期分组，不表示中国政权归属。",
        "label": true
      }
    },
    {
      "type": "Feature",
      "geometry": {
        "type": "Polygon",
        "coordinates": [
          [
            [
              28.9830043,
              41.0113358
            ],
            [
              28.9829975,
              41.0113516
            ],
            [
              28.9830074,
              41.0113664
            ],
            [
              28.9829477,
              41.0113907
            ],
            [
              28.9829636,
              41.0114136
            ],
            [
              28.9829978,
              41.0114632
            ],
            [
              28.9829719,
              41.0114717
            ],
            [
              28.9830534,
              41.0115895
            ],
            [
              28.9832547,
              41.01151
            ],
            [
              28.9835232,
              41.0114046
            ],
            [
              28.9834359,
              41.0112826
            ],
            [
              28.9833917,
              41.011216
            ],
            [
              28.9832491,
              41.0112721
            ],
            [
              28.9832391,
              41.0112573
            ],
            [
              28.9832182,
              41.0112521
            ],
            [
              28.9831986,
              41.0112596
            ],
            [
              28.9831918,
              41.0112754
            ],
            [
              28.9832017,
              41.0112902
            ],
            [
              28.9831179,
              41.0113238
            ],
            [
              28.9830548,
              41.0113482
            ],
            [
              28.9830448,
              41.0113334
            ],
            [
              28.9830239,
              41.0113283
            ],
            [
              28.9830043,
              41.0113358
            ]
          ]
        ]
      },
      "properties": {
        "id": "istanbul-way-335402649",
        "siteKey": "istanbul",
        "siteName": "古伊斯坦布尔／君士坦丁堡",
        "siteEnName": "Historic Istanbul / Constantinople",
        "name": "托普卡帕宫 · 礼敬门",
        "enName": "Topkapi Palace · Gate of Salutation",
        "originalName": "Bâbüsselâm",
        "role": "gate",
        "period": "明",
        "periodLabel": "东罗马／拜占庭／奥斯曼",
        "heritageId": "whc-356",
        "tentative": false,
        "sourceUrl": "https://www.openstreetmap.org/way/335402649",
        "referenceUrl": "https://www.millisaraylar.gov.tr/Lokasyon/2/Topkapi-Sarayi?culture=en",
        "note": "奥斯曼宫区现存矢量，始建于15世纪并经历多期扩建；各建筑颜色按对应营建时期分组，不表示中国政权归属。",
        "label": true
      }
    },
    {
      "type": "Feature",
      "geometry": {
        "type": "Polygon",
        "coordinates": [
          [
            [
              28.9847072,
              41.0124066
            ],
            [
              28.9844527,
              41.0125068
            ],
            [
              28.9844158,
              41.0124533
            ],
            [
              28.9843308,
              41.0124868
            ],
            [
              28.9842425,
              41.0125215
            ],
            [
              28.9842795,
              41.012575
            ],
            [
              28.984077,
              41.0126546
            ],
            [
              28.9840896,
              41.0126728
            ],
            [
              28.9838338,
              41.0127734
            ],
            [
              28.9838597,
              41.0128109
            ],
            [
              28.9839024,
              41.0128727
            ],
            [
              28.9842865,
              41.0127216
            ],
            [
              28.9844489,
              41.0126577
            ],
            [
              28.9846178,
              41.0125912
            ],
            [
              28.9849231,
              41.012471
            ],
            [
              28.9848723,
              41.0123975
            ],
            [
              28.9848087,
              41.0124225
            ],
            [
              28.9847877,
              41.0123923
            ],
            [
              28.9847166,
              41.0124203
            ],
            [
              28.9847072,
              41.0124066
            ]
          ]
        ]
      },
      "properties": {
        "id": "istanbul-way-32396111",
        "siteKey": "istanbul",
        "siteName": "古伊斯坦布尔／君士坦丁堡",
        "siteEnName": "Historic Istanbul / Constantinople",
        "name": "托普卡帕宫 · 幸福门",
        "enName": "Topkapi Palace · Gate of Felicity",
        "originalName": "Bâbüssaâde",
        "role": "gate",
        "period": "明",
        "periodLabel": "东罗马／拜占庭／奥斯曼",
        "heritageId": "whc-356",
        "tentative": false,
        "sourceUrl": "https://www.openstreetmap.org/way/32396111",
        "referenceUrl": "https://www.millisaraylar.gov.tr/Lokasyon/2/Topkapi-Sarayi?culture=en",
        "note": "奥斯曼宫区现存矢量，始建于15世纪并经历多期扩建；各建筑颜色按对应营建时期分组，不表示中国政权归属。",
        "label": true
      }
    },
    {
      "type": "Feature",
      "geometry": {
        "type": "Polygon",
        "coordinates": [
          [
            [
              28.9834854,
              41.0123594
            ],
            [
              28.9833619,
              41.0124063
            ],
            [
              28.9834087,
              41.0124766
            ],
            [
              28.9834811,
              41.0125849
            ],
            [
              28.9835058,
              41.0126212
            ],
            [
              28.9836231,
              41.012576
            ],
            [
              28.9835145,
              41.0124051
            ],
            [
              28.9834854,
              41.0123594
            ]
          ]
        ]
      },
      "properties": {
        "id": "istanbul-way-103907772",
        "siteKey": "istanbul",
        "siteName": "古伊斯坦布尔／君士坦丁堡",
        "siteEnName": "Historic Istanbul / Constantinople",
        "name": "托普卡帕宫 · 帝国议事厅",
        "enName": "Topkapi Palace · Imperial Council Hall",
        "originalName": "Dîvân-ı Hümâyûn",
        "role": "public",
        "period": "明",
        "periodLabel": "东罗马／拜占庭／奥斯曼",
        "heritageId": "whc-356",
        "tentative": false,
        "sourceUrl": "https://www.openstreetmap.org/way/103907772",
        "referenceUrl": "https://www.millisaraylar.gov.tr/Lokasyon/2/Topkapi-Sarayi?culture=en",
        "note": "奥斯曼宫区现存矢量，始建于15世纪并经历多期扩建；各建筑颜色按对应营建时期分组，不表示中国政权归属。",
        "label": true
      }
    },
    {
      "type": "Feature",
      "geometry": {
        "type": "Polygon",
        "coordinates": [
          [
            [
              28.9844376,
              41.0129378
            ],
            [
              28.9844707,
              41.0129447
            ],
            [
              28.984731,
              41.0128408
            ],
            [
              28.9847517,
              41.0128325
            ],
            [
              28.9847663,
              41.0128062
            ],
            [
              28.9846648,
              41.0126625
            ],
            [
              28.9846178,
              41.0125912
            ],
            [
              28.9844489,
              41.0126577
            ],
            [
              28.9842865,
              41.0127216
            ],
            [
              28.9843001,
              41.0127425
            ],
            [
              28.9844376,
              41.0129378
            ]
          ]
        ]
      },
      "properties": {
        "id": "istanbul-way-103907818",
        "siteKey": "istanbul",
        "siteName": "古伊斯坦布尔／君士坦丁堡",
        "siteEnName": "Historic Istanbul / Constantinople",
        "name": "托普卡帕宫 · 接见厅",
        "enName": "Topkapi Palace · Audience Chamber",
        "originalName": "Arz Odası",
        "role": "public",
        "period": "明",
        "periodLabel": "东罗马／拜占庭／奥斯曼",
        "heritageId": "whc-356",
        "tentative": false,
        "sourceUrl": "https://www.openstreetmap.org/way/103907818",
        "referenceUrl": "https://www.millisaraylar.gov.tr/Lokasyon/2/Topkapi-Sarayi?culture=en",
        "note": "奥斯曼宫区现存矢量，始建于15世纪并经历多期扩建；各建筑颜色按对应营建时期分组，不表示中国政权归属。",
        "label": true
      }
    },
    {
      "type": "Feature",
      "geometry": {
        "type": "Polygon",
        "coordinates": [
          [
            [
              28.9838437,
              41.01113
            ],
            [
              28.9843485,
              41.0118762
            ],
            [
              28.984692,
              41.012384
            ],
            [
              28.9847072,
              41.0124066
            ],
            [
              28.9847166,
              41.0124203
            ],
            [
              28.9847877,
              41.0123923
            ],
            [
              28.9848087,
              41.0124225
            ],
            [
              28.9848723,
              41.0123975
            ],
            [
              28.9851343,
              41.0122968
            ],
            [
              28.9841968,
              41.0109111
            ],
            [
              28.9840547,
              41.0109658
            ],
            [
              28.9843514,
              41.0114044
            ],
            [
              28.9843729,
              41.0114362
            ],
            [
              28.9842907,
              41.0114678
            ],
            [
              28.9848653,
              41.0123173
            ],
            [
              28.9848254,
              41.0123326
            ],
            [
              28.9843336,
              41.0116057
            ],
            [
              28.9843182,
              41.0116117
            ],
            [
              28.9842139,
              41.0114574
            ],
            [
              28.9839616,
              41.0110846
            ],
            [
              28.9839186,
              41.0111011
            ],
            [
              28.9838437,
              41.01113
            ]
          ]
        ]
      },
      "properties": {
        "id": "istanbul-way-32396096",
        "siteKey": "istanbul",
        "siteName": "古伊斯坦布尔／君士坦丁堡",
        "siteEnName": "Historic Istanbul / Constantinople",
        "name": "托普卡帕宫 · 宫廷厨房",
        "enName": "Topkapi Palace · Kitchens",
        "originalName": "Saray Mutfakları",
        "role": "public",
        "period": "明",
        "periodLabel": "东罗马／拜占庭／奥斯曼",
        "heritageId": "whc-356",
        "tentative": false,
        "sourceUrl": "https://www.openstreetmap.org/way/32396096",
        "referenceUrl": "https://www.millisaraylar.gov.tr/Lokasyon/2/Topkapi-Sarayi?culture=en",
        "note": "奥斯曼宫区现存矢量，始建于15世纪并经历多期扩建；各建筑颜色按对应营建时期分组，不表示中国政权归属。",
        "label": true
      }
    },
    {
      "type": "Feature",
      "geometry": {
        "type": "Polygon",
        "coordinates": [
          [
            [
              28.9844814,
              41.0130074
            ],
            [
              28.9844642,
              41.012984
            ],
            [
              28.9845587,
              41.0129446
            ],
            [
              28.9845758,
              41.0129681
            ],
            [
              28.9846242,
              41.0129479
            ],
            [
              28.984683,
              41.0130283
            ],
            [
              28.9846346,
              41.0130484
            ],
            [
              28.9846433,
              41.0130603
            ],
            [
              28.9846518,
              41.013072
            ],
            [
              28.9845574,
              41.0131113
            ],
            [
              28.9845488,
              41.0130996
            ],
            [
              28.9845402,
              41.0130878
            ],
            [
              28.9844842,
              41.0131111
            ],
            [
              28.9844254,
              41.0130307
            ],
            [
              28.9844814,
              41.0130074
            ]
          ]
        ]
      },
      "properties": {
        "id": "istanbul-way-32396231",
        "siteKey": "istanbul",
        "siteName": "古伊斯坦布尔／君士坦丁堡",
        "siteEnName": "Historic Istanbul / Constantinople",
        "name": "托普卡帕宫 · 艾哈迈德三世图书馆",
        "enName": "Topkapi Palace · Library of Ahmed III",
        "originalName": "III. Ahmed Kütüphanesi",
        "role": "public",
        "period": "清",
        "periodLabel": "东罗马／拜占庭／奥斯曼",
        "heritageId": "whc-356",
        "tentative": false,
        "sourceUrl": "https://www.openstreetmap.org/way/32396231",
        "referenceUrl": "https://www.millisaraylar.gov.tr/Lokasyon/2/Topkapi-Sarayi?culture=en",
        "note": "奥斯曼宫区现存矢量，始建于15世纪并经历多期扩建；各建筑颜色按对应营建时期分组，不表示中国政权归属。",
        "label": true
      }
    },
    {
      "type": "Feature",
      "geometry": {
        "type": "Polygon",
        "coordinates": [
          [
            [
              28.9843633,
              41.0141144
            ],
            [
              28.9844845,
              41.014045
            ],
            [
              28.9845535,
              41.0140054
            ],
            [
              28.9847435,
              41.0141941
            ],
            [
              28.9846453,
              41.0142505
            ],
            [
              28.9845537,
              41.014303
            ],
            [
              28.9845209,
              41.0142704
            ],
            [
              28.9844716,
              41.0142987
            ],
            [
              28.9843464,
              41.0141743
            ],
            [
              28.9843953,
              41.0141462
            ],
            [
              28.9843633,
              41.0141144
            ]
          ]
        ]
      },
      "properties": {
        "id": "istanbul-way-32396296",
        "siteKey": "istanbul",
        "siteName": "古伊斯坦布尔／君士坦丁堡",
        "siteEnName": "Historic Istanbul / Constantinople",
        "name": "托普卡帕宫 · 巴格达亭",
        "enName": "Topkapi Palace · Baghdad Kiosk",
        "originalName": "Bağdad Köşkü",
        "role": "house",
        "period": "明",
        "periodLabel": "东罗马／拜占庭／奥斯曼",
        "heritageId": "whc-356",
        "tentative": false,
        "sourceUrl": "https://www.openstreetmap.org/way/32396296",
        "referenceUrl": "https://www.millisaraylar.gov.tr/Lokasyon/2/Topkapi-Sarayi?culture=en",
        "note": "奥斯曼宫区现存矢量，始建于15世纪并经历多期扩建；各建筑颜色按对应营建时期分组，不表示中国政权归属。",
        "label": true
      }
    },
    {
      "type": "Feature",
      "geometry": {
        "type": "Polygon",
        "coordinates": [
          [
            [
              28.9855316,
              41.0136187
            ],
            [
              28.985689,
              41.0135583
            ],
            [
              28.9857213,
              41.0136062
            ],
            [
              28.9857377,
              41.0135999
            ],
            [
              28.9857706,
              41.0136487
            ],
            [
              28.9857542,
              41.013655
            ],
            [
              28.9858445,
              41.0137889
            ],
            [
              28.9858608,
              41.0137826
            ],
            [
              28.985895,
              41.0138333
            ],
            [
              28.9858786,
              41.0138396
            ],
            [
              28.9859035,
              41.0138765
            ],
            [
              28.9857461,
              41.0139369
            ],
            [
              28.9855704,
              41.0136762
            ],
            [
              28.9855316,
              41.0136187
            ]
          ]
        ]
      },
      "properties": {
        "id": "istanbul-way-32396254",
        "siteKey": "istanbul",
        "siteName": "古伊斯坦布尔／君士坦丁堡",
        "siteEnName": "Historic Istanbul / Constantinople",
        "name": "托普卡帕宫 · 大亭（梅吉迪耶亭）",
        "enName": "Topkapi Palace · Grand Kiosk (Mecidiye Kiosk)",
        "originalName": "Mecidiye Köşkü",
        "role": "house",
        "period": "清",
        "periodLabel": "东罗马／拜占庭／奥斯曼",
        "heritageId": "whc-356",
        "tentative": false,
        "sourceUrl": "https://www.openstreetmap.org/way/32396254",
        "referenceUrl": "https://www.millisaraylar.gov.tr/Lokasyon/2/Topkapi-Sarayi?culture=en",
        "note": "奥斯曼宫区现存矢量，始建于15世纪并经历多期扩建；各建筑颜色按对应营建时期分组，不表示中国政权归属。",
        "label": true
      }
    },
    {
      "type": "Feature",
      "geometry": {
        "type": "Polygon",
        "coordinates": [
          [
            [
              28.975896,
              41.0055513
            ],
            [
              28.9763716,
              41.0052092
            ],
            [
              28.9768576,
              41.0048517
            ],
            [
              28.9768752,
              41.0048401
            ],
            [
              28.9768912,
              41.0048525
            ],
            [
              28.9773888,
              41.0052603
            ],
            [
              28.9774031,
              41.0052727
            ],
            [
              28.9769069,
              41.0056319
            ],
            [
              28.9768362,
              41.0056827
            ],
            [
              28.9764323,
              41.0059731
            ],
            [
              28.9761898,
              41.0057825
            ],
            [
              28.975896,
              41.0055513
            ]
          ],
          [
            [
              28.976428,
              41.0058598
            ],
            [
              28.9762645,
              41.0057288
            ],
            [
              28.9762099,
              41.0056854
            ],
            [
              28.9760457,
              41.0055539
            ],
            [
              28.9763742,
              41.0053176
            ],
            [
              28.9765414,
              41.005451
            ],
            [
              28.9765632,
              41.0054684
            ],
            [
              28.9765992,
              41.0054972
            ],
            [
              28.9767569,
              41.0056233
            ],
            [
              28.976428,
              41.0058598
            ]
          ]
        ]
      },
      "properties": {
        "id": "istanbul-relation-18055570",
        "siteKey": "istanbul",
        "siteName": "古伊斯坦布尔／君士坦丁堡",
        "siteEnName": "Historic Istanbul / Constantinople",
        "name": "苏丹艾哈迈德清真寺（蓝色清真寺）",
        "enName": "Sultan Ahmed Mosque (Blue Mosque)",
        "originalName": "Sultanahmet Camii",
        "role": "temple",
        "period": "明",
        "periodLabel": "东罗马／拜占庭／奥斯曼",
        "heritageId": "whc-356",
        "tentative": false,
        "sourceUrl": "https://www.openstreetmap.org/relation/18055570",
        "referenceUrl": "https://whc.unesco.org/en/list/356/",
        "note": "公开现存建筑或遗迹矢量，可能包含后世修复和改建；不等于最初建筑台基实测范围。",
        "label": true
      }
    },
    {
      "type": "Feature",
      "geometry": {
        "type": "Polygon",
        "coordinates": [
          [
            [
              28.9630819,
              41.0164251
            ],
            [
              28.9631093,
              41.0164023
            ],
            [
              28.9631472,
              41.0163708
            ],
            [
              28.9633848,
              41.016173
            ],
            [
              28.9634797,
              41.0160941
            ],
            [
              28.9635174,
              41.0160627
            ],
            [
              28.9639957,
              41.0156646
            ],
            [
              28.9645671,
              41.0160555
            ],
            [
              28.9640887,
              41.0164536
            ],
            [
              28.9640511,
              41.0164849
            ],
            [
              28.9640378,
              41.016496
            ],
            [
              28.9639562,
              41.0165639
            ],
            [
              28.9637186,
              41.0167616
            ],
            [
              28.963685,
              41.0167896
            ],
            [
              28.9636533,
              41.016816
            ],
            [
              28.9633676,
              41.0166205
            ],
            [
              28.9630819,
              41.0164251
            ]
          ],
          [
            [
              28.9636745,
              41.0166741
            ],
            [
              28.9638737,
              41.0165074
            ],
            [
              28.9639125,
              41.016475
            ],
            [
              28.9637089,
              41.0163365
            ],
            [
              28.9635272,
              41.0162128
            ],
            [
              28.9634893,
              41.0162445
            ],
            [
              28.9632893,
              41.0164119
            ],
            [
              28.9634702,
              41.0165351
            ],
            [
              28.9636745,
              41.0166741
            ]
          ]
        ]
      },
      "properties": {
        "id": "istanbul-relation-1564032",
        "siteKey": "istanbul",
        "siteName": "古伊斯坦布尔／君士坦丁堡",
        "siteEnName": "Historic Istanbul / Constantinople",
        "name": "苏莱曼尼耶清真寺",
        "enName": "Suleymaniye Mosque",
        "originalName": "Süleymaniye Camii",
        "role": "temple",
        "period": "明",
        "periodLabel": "东罗马／拜占庭／奥斯曼",
        "heritageId": "whc-356",
        "tentative": false,
        "sourceUrl": "https://www.openstreetmap.org/relation/1564032",
        "referenceUrl": "https://whc.unesco.org/en/list/356/",
        "note": "公开现存建筑或遗迹矢量，可能包含后世修复和改建；不等于最初建筑台基实测范围。",
        "label": true
      }
    },
    {
      "type": "Feature",
      "geometry": {
        "type": "Polygon",
        "coordinates": [
          [
            [
              28.9746221,
              41.0058445
            ],
            [
              28.9741251,
              41.0061029
            ],
            [
              28.9746371,
              41.0066636
            ],
            [
              28.9745838,
              41.0066913
            ],
            [
              28.9746432,
              41.0067563
            ],
            [
              28.9748666,
              41.0066402
            ],
            [
              28.9749274,
              41.0067068
            ],
            [
              28.9749679,
              41.0066857
            ],
            [
              28.9752096,
              41.0069504
            ],
            [
              28.9754913,
              41.0068039
            ],
            [
              28.9752319,
              41.0065198
            ],
            [
              28.9750158,
              41.0066322
            ],
            [
              28.9749663,
              41.0065779
            ],
            [
              28.9750287,
              41.0065455
            ],
            [
              28.975064,
              41.0065841
            ],
            [
              28.9752222,
              41.0065018
            ],
            [
              28.9749901,
              41.0062476
            ],
            [
              28.9746221,
              41.0058445
            ]
          ],
          [
            [
              28.9743613,
              41.0061756
            ],
            [
              28.9745455,
              41.0060822
            ],
            [
              28.9746311,
              41.0060388
            ],
            [
              28.9747054,
              41.0060011
            ],
            [
              28.974914,
              41.0062353
            ],
            [
              28.974823,
              41.0062815
            ],
            [
              28.9748717,
              41.0063361
            ],
            [
              28.9748556,
              41.0063442
            ],
            [
              28.9748395,
              41.0063524
            ],
            [
              28.9748204,
              41.0063621
            ],
            [
              28.9746186,
              41.0064645
            ],
            [
              28.9746065,
              41.0064509
            ],
            [
              28.9743738,
              41.0061895
            ],
            [
              28.9743613,
              41.0061756
            ]
          ],
          [
            [
              28.9751597,
              41.0068257
            ],
            [
              28.975077,
              41.0067388
            ],
            [
              28.9751945,
              41.0066751
            ],
            [
              28.9752772,
              41.006762
            ],
            [
              28.9751597,
              41.0068257
            ]
          ]
        ]
      },
      "properties": {
        "id": "istanbul-relation-8120955",
        "siteKey": "istanbul",
        "siteName": "古伊斯坦布尔／君士坦丁堡",
        "siteEnName": "Historic Istanbul / Constantinople",
        "name": "易卜拉欣帕夏宫（现博物馆）",
        "enName": "Ibrahim Pasha Palace",
        "originalName": "İbrahim Paşa Sarayı",
        "role": "house",
        "period": "明",
        "periodLabel": "东罗马／拜占庭／奥斯曼",
        "heritageId": "whc-356",
        "tentative": false,
        "sourceUrl": "https://www.openstreetmap.org/relation/8120955",
        "referenceUrl": "https://whc.unesco.org/en/list/356/",
        "note": "公开现存建筑或遗迹矢量，可能包含后世修复和改建；不等于最初建筑台基实测范围。",
        "label": true
      }
    },
    {
      "type": "Feature",
      "geometry": {
        "type": "Polygon",
        "coordinates": [
          [
            [
              28.9403482,
              41.0337442
            ],
            [
              28.9403424,
              41.0337491
            ],
            [
              28.9403072,
              41.0337748
            ],
            [
              28.9403325,
              41.0340422
            ],
            [
              28.9403549,
              41.0342788
            ],
            [
              28.9403779,
              41.0345217
            ],
            [
              28.9401762,
              41.0345469
            ],
            [
              28.9397886,
              41.0345952
            ],
            [
              28.9394109,
              41.0347764
            ],
            [
              28.9391191,
              41.0349577
            ],
            [
              28.9392135,
              41.0353138
            ],
            [
              28.9393337,
              41.0358058
            ],
            [
              28.9394281,
              41.0361749
            ],
            [
              28.9394073,
              41.0364648
            ],
            [
              28.9393937,
              41.0366475
            ],
            [
              28.9392392,
              41.037133
            ],
            [
              28.9392049,
              41.0373791
            ],
            [
              28.93941,
              41.0378841
            ],
            [
              28.9397971,
              41.03802
            ],
            [
              28.9401576,
              41.0381559
            ],
            [
              28.9404861,
              41.0382291
            ],
            [
              28.9407499,
              41.0384537
            ],
            [
              28.9411594,
              41.0388291
            ],
            [
              28.941242,
              41.0388121
            ],
            [
              28.9413594,
              41.0390474
            ],
            [
              28.9414453,
              41.0390215
            ],
            [
              28.9417215,
              41.0397118
            ],
            [
              28.9421663,
              41.0398081
            ],
            [
              28.9424052,
              41.0398272
            ],
            [
              28.9424772,
              41.0398144
            ],
            [
              28.9425504,
              41.0397907
            ],
            [
              28.9425558,
              41.0397995
            ],
            [
              28.9424837,
              41.039824
            ],
            [
              28.9424986,
              41.0398825
            ],
            [
              28.9424051,
              41.0398924
            ],
            [
              28.9423963,
              41.0398335
            ],
            [
              28.9421626,
              41.039816
            ],
            [
              28.9421519,
              41.0398911
            ],
            [
              28.942047,
              41.0398802
            ],
            [
              28.9420627,
              41.0397945
            ],
            [
              28.9417747,
              41.0397305
            ],
            [
              28.9417666,
              41.0397612
            ],
            [
              28.941721,
              41.0397709
            ],
            [
              28.9416837,
              41.0397771
            ],
            [
              28.9416538,
              41.0397781
            ],
            [
              28.9416307,
              41.0397735
            ],
            [
              28.941613,
              41.0397648
            ],
            [
              28.9416028,
              41.0397546
            ],
            [
              28.9415947,
              41.0397407
            ],
            [
              28.9415926,
              41.0397264
            ],
            [
              28.941596,
              41.03971
            ],
            [
              28.9416069,
              41.0396972
            ],
            [
              28.9416219,
              41.0396864
            ],
            [
              28.9416443,
              41.0396777
            ],
            [
              28.9416755,
              41.039671
            ],
            [
              28.9416511,
              41.0396039
            ],
            [
              28.941609,
              41.0396131
            ],
            [
              28.9415804,
              41.0395409
            ],
            [
              28.9416246,
              41.0395322
            ],
            [
              28.9415757,
              41.0394077
            ],
            [
              28.9415444,
              41.0394133
            ],
            [
              28.941524,
              41.0394164
            ],
            [
              28.9415071,
              41.0394174
            ],
            [
              28.9414826,
              41.0394159
            ],
            [
              28.9414615,
              41.0394102
            ],
            [
              28.9414412,
              41.0393984
            ],
            [
              28.9414289,
              41.0393836
            ],
            [
              28.9414255,
              41.0393708
            ],
            [
              28.9414283,
              41.0393544
            ],
            [
              28.9414378,
              41.0393416
            ],
            [
              28.9414435,
              41.0393373
            ],
            [
              28.9414561,
              41.0393277
            ],
            [
              28.9414717,
              41.0393185
            ],
            [
              28.9414914,
              41.0393119
            ],
            [
              28.9415145,
              41.0393067
            ],
            [
              28.9415342,
              41.0393021
            ],
            [
              28.9414683,
              41.0391315
            ],
            [
              28.9414414,
              41.0391388
            ],
            [
              28.941426,
              41.0391402
            ],
            [
              28.9414068,
              41.0391388
            ],
            [
              28.9413818,
              41.0391301
            ],
            [
              28.9413597,
              41.0391221
            ],
            [
              28.9413463,
              41.0391062
            ],
            [
              28.941337,
              41.0390899
            ],
            [
              28.9413342,
              41.0390705
            ],
            [
              28.9413438,
              41.0390571
            ],
            [
              28.9412337,
              41.0388255
            ],
            [
              28.9411508,
              41.038843
            ],
            [
              28.9408383,
              41.0385642
            ],
            [
              28.9407623,
              41.0386114
            ],
            [
              28.9405503,
              41.0384146
            ],
            [
              28.9406196,
              41.0383685
            ],
            [
              28.9404744,
              41.0382453
            ],
            [
              28.9401987,
              41.0381844
            ],
            [
              28.9401737,
              41.0382474
            ],
            [
              28.9401122,
              41.0382301
            ],
            [
              28.9401391,
              41.0381692
            ],
            [
              28.9398932,
              41.0380764
            ],
            [
              28.9398585,
              41.0381368
            ],
            [
              28.9397305,
              41.0380931
            ],
            [
              28.939771,
              41.0380351
            ],
            [
              28.9395108,
              41.0379409
            ],
            [
              28.939481,
              41.037988
            ],
            [
              28.9393821,
              41.0379503
            ],
            [
              28.9394147,
              41.0379032
            ],
            [
              28.9393955,
              41.0378938
            ],
            [
              28.939188,
              41.0373772
            ],
            [
              28.9391947,
              41.0373185
            ],
            [
              28.9392245,
              41.037125
            ],
            [
              28.9392725,
              41.0369714
            ],
            [
              28.9392476,
              41.0369641
            ],
            [
              28.9392283,
              41.0369561
            ],
            [
              28.9392149,
              41.036946
            ],
            [
              28.9392005,
              41.0369308
            ],
            [
              28.9391976,
              41.0369119
            ],
            [
              28.9392034,
              41.0368924
            ],
            [
              28.9392149,
              41.0368779
            ],
            [
              28.9392293,
              41.0368641
            ],
            [
              28.9392572,
              41.0368554
            ],
            [
              28.939286,
              41.036854
            ],
            [
              28.9393119,
              41.0368576
            ],
            [
              28.9393792,
              41.0366445
            ],
            [
              28.9393821,
              41.036575
            ],
            [
              28.9393619,
              41.0365677
            ],
            [
              28.9393494,
              41.0365554
            ],
            [
              28.9393427,
              41.0365438
            ],
            [
              28.9393436,
              41.0365286
            ],
            [
              28.9393494,
              41.0365148
            ],
            [
              28.9393657,
              41.0365061
            ],
            [
              28.9393869,
              41.0365061
            ],
            [
              28.939409,
              41.0361764
            ],
            [
              28.9393888,
              41.0361757
            ],
            [
              28.9393686,
              41.0361721
            ],
            [
              28.9393446,
              41.0361612
            ],
            [
              28.9393321,
              41.0361416
            ],
            [
              28.9393263,
              41.0361192
            ],
            [
              28.9393359,
              41.0360996
            ],
            [
              28.9393619,
              41.0360844
            ],
            [
              28.9393897,
              41.0360815
            ],
            [
              28.9393158,
              41.035801
            ],
            [
              28.9392889,
              41.0358003
            ],
            [
              28.9392687,
              41.0357989
            ],
            [
              28.9392466,
              41.0357923
            ],
            [
              28.9392235,
              41.0357815
            ],
            [
              28.9392091,
              41.0357677
            ],
            [
              28.9392034,
              41.035751
            ],
            [
              28.9392034,
              41.0357322
            ],
            [
              28.939212,
              41.0357134
            ],
            [
              28.9392332,
              41.0356967
            ],
            [
              28.939261,
              41.0356887
            ],
            [
              28.9392879,
              41.0356844
            ],
            [
              28.9392168,
              41.0354032
            ],
            [
              28.939187,
              41.0354061
            ],
            [
              28.9391563,
              41.0354025
            ],
            [
              28.9391323,
              41.0353952
            ],
            [
              28.9391102,
              41.03538
            ],
            [
              28.9390967,
              41.0353619
            ],
            [
              28.9390919,
              41.0353373
            ],
            [
              28.9390977,
              41.0353126
            ],
            [
              28.9391217,
              41.0352959
            ],
            [
              28.9391573,
              41.0352851
            ],
            [
              28.9391832,
              41.0352793
            ],
            [
              28.9391102,
              41.0349952
            ],
            [
              28.9390823,
              41.0349916
            ],
            [
              28.9390573,
              41.0349858
            ],
            [
              28.9390362,
              41.0349785
            ],
            [
              28.9390218,
              41.0349633
            ],
            [
              28.9390218,
              41.0349227
            ],
            [
              28.939042,
              41.0349097
            ],
            [
              28.9390737,
              41.0349032
            ],
            [
              28.9391083,
              41.0349104
            ],
            [
              28.939138,
              41.0349206
            ],
            [
              28.9394032,
              41.0347648
            ],
            [
              28.9397791,
              41.0345817
            ],
            [
              28.9398057,
              41.0345777
            ],
            [
              28.9402355,
              41.0345198
            ],
            [
              28.9402269,
              41.0344415
            ],
            [
              28.9403422,
              41.0344299
            ],
            [
              28.9403109,
              41.0340832
            ],
            [
              28.9403073,
              41.0340431
            ],
            [
              28.9403026,
              41.0339913
            ],
            [
              28.9402749,
              41.0339925
            ],
            [
              28.9402585,
              41.0339875
            ],
            [
              28.9402432,
              41.0339788
            ],
            [
              28.9402364,
              41.0339672
            ],
            [
              28.9402374,
              41.0339541
            ],
            [
              28.940247,
              41.0339425
            ],
            [
              28.9402652,
              41.0339367
            ],
            [
              28.9402976,
              41.0339384
            ],
            [
              28.9402817,
              41.0337707
            ],
            [
              28.940329,
              41.0337392
            ],
            [
              28.9403341,
              41.0337348
            ],
            [
              28.9403482,
              41.0337442
            ]
          ]
        ]
      },
      "properties": {
        "id": "istanbul-way-32394781",
        "siteKey": "istanbul",
        "siteName": "古伊斯坦布尔／君士坦丁堡",
        "siteEnName": "Historic Istanbul / Constantinople",
        "name": "布拉赫奈城墙遗迹",
        "enName": "Blachernae wall remains",
        "originalName": "İstanbul Surları",
        "role": "wall",
        "period": "宋辽金西夏",
        "periodLabel": "东罗马／拜占庭／奥斯曼",
        "heritageId": "whc-356",
        "tentative": false,
        "sourceUrl": "https://www.openstreetmap.org/way/32394781",
        "referenceUrl": "https://whc.unesco.org/en/list/356/",
        "note": "保留公开矢量的分段墙体、塔楼及后世修复形态；开放线不闭合、不填充，断口不补造。多道防线分别保留，不将外墙、内墙当作同一重复对象。",
        "label": false
      }
    },
    {
      "type": "Feature",
      "geometry": {
        "type": "Polygon",
        "coordinates": [
          [
            [
              28.9397046,
              41.0331027
            ],
            [
              28.9361959,
              41.0313645
            ],
            [
              28.936157,
              41.0312947
            ],
            [
              28.9361002,
              41.0313109
            ],
            [
              28.9361059,
              41.0313522
            ],
            [
              28.9360969,
              41.0313508
            ],
            [
              28.9360868,
              41.0313507
            ],
            [
              28.9360768,
              41.0313519
            ],
            [
              28.9360673,
              41.0313546
            ],
            [
              28.9360586,
              41.0313585
            ],
            [
              28.936051,
              41.0313635
            ],
            [
              28.9360447,
              41.0313695
            ],
            [
              28.93604,
              41.0313763
            ],
            [
              28.9360371,
              41.0313836
            ],
            [
              28.936036,
              41.0313912
            ],
            [
              28.9360367,
              41.0313988
            ],
            [
              28.9360393,
              41.0314062
            ],
            [
              28.9360437,
              41.0314131
            ],
            [
              28.9360496,
              41.0314193
            ],
            [
              28.936057,
              41.0314246
            ],
            [
              28.9360655,
              41.0314287
            ],
            [
              28.9360749,
              41.0314316
            ],
            [
              28.9360848,
              41.0314331
            ],
            [
              28.936095,
              41.0314333
            ],
            [
              28.9361049,
              41.031432
            ],
            [
              28.9361145,
              41.0314294
            ],
            [
              28.9361232,
              41.0314255
            ],
            [
              28.9361308,
              41.0314204
            ],
            [
              28.936137,
              41.0314144
            ],
            [
              28.9361417,
              41.0314076
            ],
            [
              28.9361446,
              41.0314006
            ],
            [
              28.9367146,
              41.0316784
            ],
            [
              28.9366448,
              41.0317599
            ],
            [
              28.9367438,
              41.0318082
            ],
            [
              28.9368137,
              41.0317267
            ],
            [
              28.9373682,
              41.0319972
            ],
            [
              28.9373018,
              41.0320747
            ],
            [
              28.9374015,
              41.0321233
            ],
            [
              28.9374679,
              41.0320459
            ],
            [
              28.9380198,
              41.0323152
            ],
            [
              28.9379393,
              41.0324091
            ],
            [
              28.9380372,
              41.0324569
            ],
            [
              28.9381178,
              41.0323629
            ],
            [
              28.9382314,
              41.0324129
            ],
            [
              28.9386604,
              41.0326245
            ],
            [
              28.9385866,
              41.0327097
            ],
            [
              28.9386474,
              41.0327397
            ],
            [
              28.9387213,
              41.0326545
            ],
            [
              28.9392785,
              41.0329293
            ],
            [
              28.939186,
              41.0330345
            ],
            [
              28.9392966,
              41.0330885
            ],
            [
              28.9393888,
              41.032983
            ],
            [
              28.939679,
              41.0331294
            ],
            [
              28.9397046,
              41.0331027
            ]
          ]
        ]
      },
      "properties": {
        "id": "istanbul-way-862488177",
        "siteKey": "istanbul",
        "siteName": "古伊斯坦布尔／君士坦丁堡",
        "siteEnName": "Historic Istanbul / Constantinople",
        "name": "狄奥多西陆墙遗迹",
        "enName": "Theodosian land wall remains",
        "originalName": "İstanbul Surları",
        "role": "wall",
        "period": "魏晋南北朝",
        "periodLabel": "东罗马／拜占庭／奥斯曼",
        "heritageId": "whc-356",
        "tentative": false,
        "sourceUrl": "https://www.openstreetmap.org/way/862488177",
        "referenceUrl": "https://whc.unesco.org/en/list/356/",
        "note": "保留公开矢量的分段墙体、塔楼及后世修复形态；开放线不闭合、不填充，断口不补造。多道防线分别保留，不将外墙、内墙当作同一重复对象。",
        "label": false
      }
    },
    {
      "type": "Feature",
      "geometry": {
        "type": "Polygon",
        "coordinates": [
          [
            [
              28.9828866,
              41.0055609
            ],
            [
              28.9828582,
              41.0055473
            ],
            [
              28.9827873,
              41.005629
            ],
            [
              28.9827531,
              41.0056118
            ],
            [
              28.9827098,
              41.0056609
            ],
            [
              28.9826835,
              41.0056906
            ],
            [
              28.9826608,
              41.0057162
            ],
            [
              28.9826826,
              41.0057272
            ],
            [
              28.9824824,
              41.0059629
            ],
            [
              28.9824767,
              41.0059696
            ],
            [
              28.9824368,
              41.00595
            ],
            [
              28.9823949,
              41.0059983
            ],
            [
              28.9824332,
              41.0060173
            ],
            [
              28.9821974,
              41.0062761
            ],
            [
              28.9821473,
              41.0062524
            ],
            [
              28.9820985,
              41.0063114
            ],
            [
              28.9821451,
              41.0063333
            ],
            [
              28.9819079,
              41.0065793
            ],
            [
              28.9818841,
              41.0065649
            ],
            [
              28.9818538,
              41.0065623
            ],
            [
              28.981826,
              41.0065724
            ],
            [
              28.9818096,
              41.0065926
            ],
            [
              28.9818104,
              41.0066165
            ],
            [
              28.9818209,
              41.0066305
            ],
            [
              28.9818426,
              41.0066422
            ],
            [
              28.9818716,
              41.0066446
            ],
            [
              28.981818,
              41.006946
            ],
            [
              28.9817593,
              41.0069412
            ],
            [
              28.9817497,
              41.0070025
            ],
            [
              28.9818071,
              41.0070073
            ],
            [
              28.9817416,
              41.007314
            ],
            [
              28.9816958,
              41.0073105
            ],
            [
              28.9816874,
              41.0073733
            ],
            [
              28.9817337,
              41.0073768
            ],
            [
              28.9817051,
              41.0075205
            ],
            [
              28.9816987,
              41.0075527
            ],
            [
              28.9816943,
              41.0075746
            ],
            [
              28.9816711,
              41.0076914
            ],
            [
              28.9816283,
              41.007688
            ],
            [
              28.9816198,
              41.0077503
            ],
            [
              28.9816623,
              41.0077536
            ],
            [
              28.9816001,
              41.0080741
            ],
            [
              28.9815482,
              41.0080733
            ],
            [
              28.981547,
              41.0081218
            ],
            [
              28.981596,
              41.0081225
            ],
            [
              28.9815681,
              41.0084496
            ],
            [
              28.9814053,
              41.0085651
            ],
            [
              28.9812502,
              41.0086752
            ],
            [
              28.9813049,
              41.0087191
            ],
            [
              28.9813489,
              41.0087545
            ],
            [
              28.9812302,
              41.008846
            ],
            [
              28.9810945,
              41.0089508
            ],
            [
              28.9810516,
              41.0089174
            ],
            [
              28.9809939,
              41.0089597
            ],
            [
              28.9810381,
              41.0089941
            ],
            [
              28.9806954,
              41.0092468
            ],
            [
              28.9806521,
              41.0092108
            ],
            [
              28.9805866,
              41.0092557
            ],
            [
              28.9806301,
              41.0092919
            ],
            [
              28.9803099,
              41.0095127
            ],
            [
              28.9802619,
              41.009476
            ],
            [
              28.9801976,
              41.0095238
            ],
            [
              28.9802479,
              41.0095623
            ],
            [
              28.9798965,
              41.0098051
            ],
            [
              28.9798648,
              41.0097758
            ],
            [
              28.9797979,
              41.009817
            ],
            [
              28.9798312,
              41.0098477
            ],
            [
              28.9795474,
              41.0100809
            ],
            [
              28.9795139,
              41.0100533
            ],
            [
              28.9794606,
              41.0100911
            ],
            [
              28.9794943,
              41.0101189
            ],
            [
              28.9791264,
              41.0103821
            ],
            [
              28.9790798,
              41.0103484
            ],
            [
              28.9790282,
              41.010389
            ],
            [
              28.9790632,
              41.0104143
            ],
            [
              28.9789256,
              41.01052
            ],
            [
              28.9788794,
              41.0105556
            ],
            [
              28.9788159,
              41.0106046
            ],
            [
              28.9787164,
              41.0106814
            ],
            [
              28.9786741,
              41.0106498
            ],
            [
              28.9786124,
              41.0106969
            ],
            [
              28.978657,
              41.0107302
            ],
            [
              28.9784044,
              41.010922
            ],
            [
              28.9783623,
              41.010955
            ],
            [
              28.9783464,
              41.0109448
            ],
            [
              28.9783269,
              41.0109392
            ],
            [
              28.9783061,
              41.0109386
            ],
            [
              28.9782862,
              41.0109433
            ],
            [
              28.9782694,
              41.0109525
            ],
            [
              28.9782576,
              41.0109654
            ],
            [
              28.978252,
              41.0109805
            ],
            [
              28.9782532,
              41.0109962
            ],
            [
              28.9782612,
              41.0110107
            ],
            [
              28.978275,
              41.0110224
            ],
            [
              28.9782945,
              41.011091
            ],
            [
              28.9783193,
              41.0111724
            ],
            [
              28.9783891,
              41.0113688
            ],
            [
              28.978342,
              41.0113764
            ],
            [
              28.9783582,
              41.0114335
            ],
            [
              28.9784063,
              41.0114258
            ],
            [
              28.9785101,
              41.0117748
            ],
            [
              28.9784514,
              41.0117832
            ],
            [
              28.9784663,
              41.0118427
            ],
            [
              28.9785254,
              41.0118342
            ],
            [
              28.978566,
              41.0120262
            ],
            [
              28.9786015,
              41.0121939
            ],
            [
              28.9785534,
              41.0122019
            ],
            [
              28.9785686,
              41.0122539
            ],
            [
              28.9786167,
              41.0122459
            ],
            [
              28.9786828,
              41.0124853
            ],
            [
              28.9787184,
              41.0126143
            ],
            [
              28.9786717,
              41.0126218
            ],
            [
              28.978685,
              41.0126695
            ],
            [
              28.9787337,
              41.0126618
            ],
            [
              28.9788155,
              41.0130399
            ],
            [
              28.9787599,
              41.0130473
            ],
            [
              28.9787741,
              41.0131081
            ],
            [
              28.9788306,
              41.0131006
            ],
            [
              28.978909,
              41.0134553
            ],
            [
              28.978869,
              41.0134578
            ],
            [
              28.978843,
              41.0134776
            ],
            [
              28.9788377,
              41.0134976
            ],
            [
              28.9788501,
              41.0135222
            ],
            [
              28.978876,
              41.0135356
            ],
            [
              28.9789045,
              41.0135368
            ],
            [
              28.978934,
              41.0135244
            ],
            [
              28.9791458,
              41.0138429
            ],
            [
              28.979096,
              41.0138619
            ],
            [
              28.9791329,
              41.013917
            ],
            [
              28.9791813,
              41.0138986
            ],
            [
              28.9792724,
              41.014043
            ],
            [
              28.9793981,
              41.0142423
            ],
            [
              28.9793585,
              41.0142574
            ],
            [
              28.9793884,
              41.0143022
            ],
            [
              28.9794267,
              41.0142876
            ],
            [
              28.9796562,
              41.0146362
            ],
            [
              28.9796143,
              41.0146531
            ],
            [
              28.9796435,
              41.0146943
            ],
            [
              28.9796838,
              41.0146781
            ],
            [
              28.9797702,
              41.0148198
            ],
            [
              28.9797949,
              41.0148122
            ],
            [
              28.9797101,
              41.0146674
            ],
            [
              28.9796809,
              41.0146262
            ],
            [
              28.9794577,
              41.0142758
            ],
            [
              28.9794277,
              41.014231
            ],
            [
              28.9793024,
              41.0140319
            ],
            [
              28.9792113,
              41.0138871
            ],
            [
              28.9791743,
              41.013832
            ],
            [
              28.9789602,
              41.013491
            ],
            [
              28.9788706,
              41.0130953
            ],
            [
              28.9788564,
              41.0130345
            ],
            [
              28.9787654,
              41.0126567
            ],
            [
              28.978752,
              41.0126089
            ],
            [
              28.9787143,
              41.0124801
            ],
            [
              28.9786444,
              41.0122413
            ],
            [
              28.9786292,
              41.0121893
            ],
            [
              28.9785944,
              41.0120216
            ],
            [
              28.9785546,
              41.01183
            ],
            [
              28.9785397,
              41.0117706
            ],
            [
              28.9784385,
              41.0114206
            ],
            [
              28.9784224,
              41.0113634
            ],
            [
              28.9783552,
              41.0111631
            ],
            [
              28.9783301,
              41.0110864
            ],
            [
              28.9783182,
              41.0110328
            ],
            [
              28.9783274,
              41.0110319
            ],
            [
              28.9783446,
              41.0110271
            ],
            [
              28.9783592,
              41.0110187
            ],
            [
              28.97837,
              41.0110075
            ],
            [
              28.9783761,
              41.0109943
            ],
            [
              28.9783768,
              41.0109804
            ],
            [
              28.9784318,
              41.0109376
            ],
            [
              28.9786766,
              41.0107447
            ],
            [
              28.9787404,
              41.0106993
            ],
            [
              28.9788413,
              41.0106203
            ],
            [
              28.9789036,
              41.0105714
            ],
            [
              28.9789495,
              41.0105353
            ],
            [
              28.9790845,
              41.0104297
            ],
            [
              28.9790906,
              41.0104341
            ],
            [
              28.9791422,
              41.0103935
            ],
            [
              28.9795115,
              41.0101331
            ],
            [
              28.9795649,
              41.0100953
            ],
            [
              28.9798518,
              41.0098668
            ],
            [
              28.9799186,
              41.0098255
            ],
            [
              28.9802713,
              41.0095802
            ],
            [
              28.9803356,
              41.0095324
            ],
            [
              28.98065,
              41.0093085
            ],
            [
              28.9807156,
              41.0092636
            ],
            [
              28.9810605,
              41.0090115
            ],
            [
              28.9811182,
              41.0089692
            ],
            [
              28.9812527,
              41.0088634
            ],
            [
              28.9813695,
              41.0087717
            ],
            [
              28.9814403,
              41.0087205
            ],
            [
              28.9815223,
              41.0086612
            ],
            [
              28.9817238,
              41.0085181
            ],
            [
              28.9816045,
              41.0084216
            ],
            [
              28.9816307,
              41.008123
            ],
            [
              28.9816319,
              41.0080746
            ],
            [
              28.9816943,
              41.0077561
            ],
            [
              28.9817104,
              41.0077574
            ],
            [
              28.9817189,
              41.0076951
            ],
            [
              28.9817033,
              41.0076939
            ],
            [
              28.9817309,
              41.0075565
            ],
            [
              28.9817665,
              41.0073792
            ],
            [
              28.9817776,
              41.0073801
            ],
            [
              28.9817859,
              41.0073174
            ],
            [
              28.9817745,
              41.0073165
            ],
            [
              28.9818406,
              41.0070101
            ],
            [
              28.9818495,
              41.0069486
            ],
            [
              28.9819112,
              41.0066236
            ],
            [
              28.9821721,
              41.006346
            ],
            [
              28.9822209,
              41.0062871
            ],
            [
              28.9824585,
              41.0060298
            ],
            [
              28.9825005,
              41.0059814
            ],
            [
              28.9827085,
              41.0057403
            ],
            [
              28.9827699,
              41.0057711
            ],
            [
              28.9828156,
              41.0057194
            ],
            [
              28.9828622,
              41.0056667
            ],
            [
              28.9828161,
              41.0056435
            ],
            [
              28.9828866,
              41.0055609
            ]
          ]
        ]
      },
      "properties": {
        "id": "istanbul-way-827491210",
        "siteKey": "istanbul",
        "siteName": "古伊斯坦布尔／君士坦丁堡",
        "siteEnName": "Historic Istanbul / Constantinople",
        "name": "托普卡帕宫 · 苏丹围墙",
        "enName": "Topkapi Palace · Sur-i Sultani",
        "originalName": "Sur-u Sultani",
        "role": "wall",
        "period": "明",
        "periodLabel": "东罗马／拜占庭／奥斯曼",
        "heritageId": "whc-356",
        "tentative": false,
        "sourceUrl": "https://www.openstreetmap.org/way/827491210",
        "referenceUrl": "https://whc.unesco.org/en/list/356/",
        "note": "保留公开矢量的分段墙体、塔楼及后世修复形态；开放线不闭合、不填充，断口不补造。多道防线分别保留，不将外墙、内墙当作同一重复对象。",
        "label": false
      }
    },
    {
      "type": "Feature",
      "geometry": {
        "type": "LineString",
        "coordinates": [
          [
            28.9855399,
            41.0063603
          ],
          [
            28.9859864,
            41.0071679
          ],
          [
            28.9862305,
            41.0078338
          ],
          [
            28.9863637,
            41.00827
          ],
          [
            28.9862385,
            41.0083035
          ],
          [
            28.9863914,
            41.0085474
          ],
          [
            28.9864839,
            41.008515
          ],
          [
            28.9865025,
            41.0085472
          ],
          [
            28.9865148,
            41.0085686
          ],
          [
            28.9864397,
            41.0085969
          ],
          [
            28.9866436,
            41.0089197
          ],
          [
            28.9867133,
            41.0088924
          ],
          [
            28.9868072,
            41.0091252
          ],
          [
            28.9868487,
            41.0093802
          ],
          [
            28.986891,
            41.0093838
          ],
          [
            28.9869789,
            41.0093843
          ],
          [
            28.9872062,
            41.0098078
          ],
          [
            28.9872732,
            41.0099495
          ],
          [
            28.9873937,
            41.010237
          ],
          [
            28.9874646,
            41.010568
          ],
          [
            28.9875012,
            41.0115019
          ],
          [
            28.9874556,
            41.0115019
          ],
          [
            28.9875743,
            41.0118231
          ],
          [
            28.9876005,
            41.0120848
          ],
          [
            28.98763,
            41.0123195
          ],
          [
            28.9876229,
            41.0123781
          ],
          [
            28.9876788,
            41.0123785
          ],
          [
            28.9876716,
            41.0124411
          ],
          [
            28.9876037,
            41.0124411
          ],
          [
            28.9875628,
            41.0127155
          ],
          [
            28.9874653,
            41.0128611
          ],
          [
            28.9875452,
            41.0128968
          ],
          [
            28.9874903,
            41.0129631
          ],
          [
            28.9874346,
            41.0129347
          ],
          [
            28.9873054,
            41.013123
          ],
          [
            28.9872668,
            41.0132017
          ],
          [
            28.9872283,
            41.0132839
          ],
          [
            28.9873027,
            41.0133173
          ],
          [
            28.9872571,
            41.013378
          ],
          [
            28.9871713,
            41.0133497
          ],
          [
            28.9871445,
            41.0135359
          ],
          [
            28.9871372,
            41.0135807
          ],
          [
            28.9871257,
            41.0136512
          ],
          [
            28.9872276,
            41.0136674
          ],
          [
            28.9872169,
            41.01372
          ],
          [
            28.9871472,
            41.013723
          ],
          [
            28.9871525,
            41.0138739
          ],
          [
            28.9871886,
            41.0140929
          ],
          [
            28.9872742,
            41.0140744
          ],
          [
            28.987281,
            41.0142236
          ],
          [
            28.9872862,
            41.0143364
          ],
          [
            28.9872613,
            41.0143911
          ],
          [
            28.9871527,
            41.0143873
          ],
          [
            28.9871616,
            41.0144927
          ],
          [
            28.9870372,
            41.0145761
          ],
          [
            28.9870157,
            41.0145782
          ],
          [
            28.9870077,
            41.0146186
          ],
          [
            28.9870131,
            41.0147826
          ],
          [
            28.9869514,
            41.0147988
          ],
          [
            28.986931,
            41.0148365
          ]
        ]
      },
      "properties": {
        "id": "istanbul-way-112174338",
        "siteKey": "istanbul",
        "siteName": "古伊斯坦布尔／君士坦丁堡",
        "siteEnName": "Historic Istanbul / Constantinople",
        "name": "君士坦丁堡海墙遗迹",
        "enName": "Constantinople sea wall remains",
        "originalName": "",
        "role": "wall",
        "period": "魏晋南北朝",
        "periodLabel": "东罗马／拜占庭／奥斯曼",
        "heritageId": "whc-356",
        "tentative": false,
        "sourceUrl": "https://www.openstreetmap.org/way/112174338",
        "referenceUrl": "https://whc.unesco.org/en/list/356/",
        "note": "保留公开矢量的分段墙体、塔楼及后世修复形态；开放线不闭合、不填充，断口不补造。多道防线分别保留，不将外墙、内墙当作同一重复对象。",
        "label": false
      }
    },
    {
      "type": "Feature",
      "geometry": {
        "type": "LineString",
        "coordinates": [
          [
            28.9220687,
            41.0140859
          ],
          [
            28.9220746,
            41.0141459
          ],
          [
            28.9220875,
            41.0142337
          ],
          [
            28.9223283,
            41.0155045
          ],
          [
            28.9223461,
            41.0155566
          ],
          [
            28.9225322,
            41.0160279
          ],
          [
            28.922577,
            41.0161096
          ],
          [
            28.9228577,
            41.0166799
          ],
          [
            28.9228957,
            41.0167604
          ],
          [
            28.9231563,
            41.0173348
          ],
          [
            28.9232019,
            41.0174093
          ],
          [
            28.923241,
            41.0174629
          ],
          [
            28.9235461,
            41.017886
          ],
          [
            28.9236041,
            41.0179829
          ],
          [
            28.9244159,
            41.0191982
          ]
        ]
      },
      "properties": {
        "id": "istanbul-way-963913184",
        "siteKey": "istanbul",
        "siteName": "古伊斯坦布尔／君士坦丁堡",
        "siteEnName": "Historic Istanbul / Constantinople",
        "name": "狄奥多西陆墙遗迹",
        "enName": "Theodosian land wall remains",
        "originalName": "İstanbul Surları",
        "role": "wall",
        "period": "魏晋南北朝",
        "periodLabel": "东罗马／拜占庭／奥斯曼",
        "heritageId": "whc-356",
        "tentative": false,
        "sourceUrl": "https://www.openstreetmap.org/way/963913184",
        "referenceUrl": "https://whc.unesco.org/en/list/356/",
        "note": "保留公开矢量的分段墙体、塔楼及后世修复形态；开放线不闭合、不填充，断口不补造。多道防线分别保留，不将外墙、内墙当作同一重复对象。",
        "label": false
      }
    },
    {
      "type": "Feature",
      "geometry": {
        "type": "LineString",
        "coordinates": [
          [
            28.9218267,
            41.0062177
          ],
          [
            28.9218479,
            41.0062832
          ],
          [
            28.9219524,
            41.0066056
          ],
          [
            28.9218367,
            41.0066301
          ],
          [
            28.9218707,
            41.0067229
          ],
          [
            28.9219865,
            41.0066984
          ],
          [
            28.9221113,
            41.0072202
          ],
          [
            28.9219646,
            41.0072413
          ],
          [
            28.9219897,
            41.0073398
          ],
          [
            28.9221364,
            41.0073186
          ],
          [
            28.9222256,
            41.0076925
          ],
          [
            28.9222695,
            41.0079809
          ],
          [
            28.9221481,
            41.0079857
          ],
          [
            28.9221549,
            41.0080825
          ],
          [
            28.9222763,
            41.0080777
          ],
          [
            28.9225258,
            41.0081901
          ],
          [
            28.9226514,
            41.0082467
          ],
          [
            28.9226829,
            41.0086217
          ],
          [
            28.9227131,
            41.0089815
          ],
          [
            28.9226929,
            41.0090029
          ],
          [
            28.9225036,
            41.0092034
          ],
          [
            28.9223645,
            41.0092154
          ],
          [
            28.92238,
            41.009319
          ],
          [
            28.9225192,
            41.0093071
          ],
          [
            28.922526,
            41.0103804
          ],
          [
            28.9225248,
            41.0104342
          ],
          [
            28.9225305,
            41.0105191
          ],
          [
            28.9225802,
            41.0110006
          ],
          [
            28.9225831,
            41.0110738
          ],
          [
            28.9225088,
            41.0115203
          ],
          [
            28.9224402,
            41.0118376
          ],
          [
            28.9221284,
            41.0127657
          ],
          [
            28.9220956,
            41.0128534
          ],
          [
            28.9219767,
            41.0132948
          ],
          [
            28.9220532,
            41.0139214
          ],
          [
            28.9220602,
            41.0140088
          ],
          [
            28.9220687,
            41.0140859
          ]
        ]
      },
      "properties": {
        "id": "istanbul-way-1478722706",
        "siteKey": "istanbul",
        "siteName": "古伊斯坦布尔／君士坦丁堡",
        "siteEnName": "Historic Istanbul / Constantinople",
        "name": "狄奥多西陆墙遗迹",
        "enName": "Theodosian land wall remains",
        "originalName": "İstanbul Surları",
        "role": "wall",
        "period": "魏晋南北朝",
        "periodLabel": "东罗马／拜占庭／奥斯曼",
        "heritageId": "whc-356",
        "tentative": false,
        "sourceUrl": "https://www.openstreetmap.org/way/1478722706",
        "referenceUrl": "https://whc.unesco.org/en/list/356/",
        "note": "保留公开矢量的分段墙体、塔楼及后世修复形态；开放线不闭合、不填充，断口不补造。多道防线分别保留，不将外墙、内墙当作同一重复对象。",
        "label": false
      }
    },
    {
      "type": "Feature",
      "geometry": {
        "type": "LineString",
        "coordinates": [
          [
            28.9205396,
            40.999995
          ],
          [
            28.9205754,
            41.0003481
          ],
          [
            28.9204519,
            41.0003509
          ],
          [
            28.9204551,
            41.000428
          ],
          [
            28.9205786,
            41.0004252
          ],
          [
            28.9206178,
            41.0008151
          ],
          [
            28.920497,
            41.0008178
          ],
          [
            28.9205,
            41.0008957
          ],
          [
            28.9206207,
            41.0008931
          ],
          [
            28.9206652,
            41.0010043
          ],
          [
            28.9207457,
            41.0012815
          ],
          [
            28.9205951,
            41.0012963
          ],
          [
            28.9206093,
            41.0013789
          ],
          [
            28.9207599,
            41.0013642
          ],
          [
            28.9208628,
            41.0017705
          ],
          [
            28.9207283,
            41.001795
          ],
          [
            28.9207559,
            41.0018813
          ],
          [
            28.9208904,
            41.0018568
          ],
          [
            28.9210069,
            41.0022536
          ],
          [
            28.9208835,
            41.0022756
          ],
          [
            28.9209069,
            41.0023499
          ],
          [
            28.9210304,
            41.0023279
          ],
          [
            28.9211416,
            41.0027195
          ],
          [
            28.9210037,
            41.0027419
          ],
          [
            28.921026,
            41.0028189
          ],
          [
            28.9211639,
            41.0027964
          ],
          [
            28.9212753,
            41.0031845
          ],
          [
            28.9211526,
            41.0032036
          ],
          [
            28.9211745,
            41.0032838
          ],
          [
            28.9212972,
            41.0032647
          ],
          [
            28.9214064,
            41.0037508
          ],
          [
            28.9212834,
            41.0037636
          ],
          [
            28.9212997,
            41.0038438
          ],
          [
            28.9214226,
            41.0038309
          ],
          [
            28.9216205,
            41.004831
          ],
          [
            28.9214791,
            41.0048483
          ],
          [
            28.9214992,
            41.0049423
          ],
          [
            28.9216406,
            41.0049251
          ],
          [
            28.9217275,
            41.0053904
          ],
          [
            28.9216031,
            41.0054062
          ],
          [
            28.9216159,
            41.0054898
          ],
          [
            28.9217404,
            41.0054741
          ],
          [
            28.9218186,
            41.0058997
          ]
        ]
      },
      "properties": {
        "id": "istanbul-way-1478722712",
        "siteKey": "istanbul",
        "siteName": "古伊斯坦布尔／君士坦丁堡",
        "siteEnName": "Historic Istanbul / Constantinople",
        "name": "狄奥多西陆墙遗迹",
        "enName": "Theodosian land wall remains",
        "originalName": "İstanbul Surları",
        "role": "wall",
        "period": "魏晋南北朝",
        "periodLabel": "东罗马／拜占庭／奥斯曼",
        "heritageId": "whc-356",
        "tentative": false,
        "sourceUrl": "https://www.openstreetmap.org/way/1478722712",
        "referenceUrl": "https://whc.unesco.org/en/list/356/",
        "note": "保留公开矢量的分段墙体、塔楼及后世修复形态；开放线不闭合、不填充，断口不补造。多道防线分别保留，不将外墙、内墙当作同一重复对象。",
        "label": false
      }
    },
    {
      "type": "Feature",
      "geometry": {
        "type": "LineString",
        "coordinates": [
          [
            28.9248122,
            41.0198168
          ],
          [
            28.9250474,
            41.0201894
          ],
          [
            28.9250764,
            41.020235
          ],
          [
            28.9251387,
            41.0203123
          ],
          [
            28.9254695,
            41.0207693
          ],
          [
            28.9259027,
            41.021198
          ],
          [
            28.9259683,
            41.0212644
          ],
          [
            28.9262315,
            41.0215246
          ],
          [
            28.9261549,
            41.0215688
          ],
          [
            28.9262213,
            41.0216343
          ],
          [
            28.9262563,
            41.0216675
          ],
          [
            28.9262873,
            41.0216965
          ],
          [
            28.9263474,
            41.0217542
          ],
          [
            28.9264206,
            41.0217107
          ],
          [
            28.9272998,
            41.0225138
          ],
          [
            28.9272058,
            41.0225855
          ],
          [
            28.9272876,
            41.0226502
          ],
          [
            28.9273895,
            41.0225804
          ],
          [
            28.9279333,
            41.0230476
          ],
          [
            28.9282777,
            41.0234113
          ],
          [
            28.9283381,
            41.023464
          ],
          [
            28.9291178,
            41.0241761
          ]
        ]
      },
      "properties": {
        "id": "istanbul-way-23276324",
        "siteKey": "istanbul",
        "siteName": "古伊斯坦布尔／君士坦丁堡",
        "siteEnName": "Historic Istanbul / Constantinople",
        "name": "狄奥多西陆墙遗迹",
        "enName": "Theodosian land wall remains",
        "originalName": "İstanbul Surları",
        "role": "wall",
        "period": "魏晋南北朝",
        "periodLabel": "东罗马／拜占庭／奥斯曼",
        "heritageId": "whc-356",
        "tentative": false,
        "sourceUrl": "https://www.openstreetmap.org/way/23276324",
        "referenceUrl": "https://whc.unesco.org/en/list/356/",
        "note": "保留公开矢量的分段墙体、塔楼及后世修复形态；开放线不闭合、不填充，断口不补造。多道防线分别保留，不将外墙、内墙当作同一重复对象。",
        "label": false
      }
    },
    {
      "type": "Feature",
      "geometry": {
        "type": "LineString",
        "coordinates": [
          [
            28.9297873,
            41.0247895
          ],
          [
            28.9306713,
            41.025696
          ],
          [
            28.9307486,
            41.0257608
          ],
          [
            28.9318815,
            41.0268818
          ],
          [
            28.9320704,
            41.0270687
          ],
          [
            28.9325682,
            41.027399
          ],
          [
            28.9334008,
            41.0281501
          ],
          [
            28.9340385,
            41.0286753
          ]
        ]
      },
      "properties": {
        "id": "istanbul-way-23276385",
        "siteKey": "istanbul",
        "siteName": "古伊斯坦布尔／君士坦丁堡",
        "siteEnName": "Historic Istanbul / Constantinople",
        "name": "狄奥多西陆墙遗迹",
        "enName": "Theodosian land wall remains",
        "originalName": "İstanbul Surları",
        "role": "wall",
        "period": "魏晋南北朝",
        "periodLabel": "东罗马／拜占庭／奥斯曼",
        "heritageId": "whc-356",
        "tentative": false,
        "sourceUrl": "https://www.openstreetmap.org/way/23276385",
        "referenceUrl": "https://whc.unesco.org/en/list/356/",
        "note": "保留公开矢量的分段墙体、塔楼及后世修复形态；开放线不闭合、不填充，断口不补造。多道防线分别保留，不将外墙、内墙当作同一重复对象。",
        "label": false
      }
    },
    {
      "type": "Feature",
      "geometry": {
        "type": "LineString",
        "coordinates": [
          [
            28.9344136,
            41.0290112
          ],
          [
            28.9341732,
            41.0287976
          ]
        ]
      },
      "properties": {
        "id": "istanbul-way-23276390",
        "siteKey": "istanbul",
        "siteName": "古伊斯坦布尔／君士坦丁堡",
        "siteEnName": "Historic Istanbul / Constantinople",
        "name": "狄奥多西陆墙遗迹",
        "enName": "Theodosian land wall remains",
        "originalName": "İstanbul Surları",
        "role": "wall",
        "period": "魏晋南北朝",
        "periodLabel": "东罗马／拜占庭／奥斯曼",
        "heritageId": "whc-356",
        "tentative": false,
        "sourceUrl": "https://www.openstreetmap.org/way/23276390",
        "referenceUrl": "https://whc.unesco.org/en/list/356/",
        "note": "保留公开矢量的分段墙体、塔楼及后世修复形态；开放线不闭合、不填充，断口不补造。多道防线分别保留，不将外墙、内墙当作同一重复对象。",
        "label": false
      }
    },
    {
      "type": "Feature",
      "geometry": {
        "type": "LineString",
        "coordinates": [
          [
            28.9344736,
            41.0291213
          ],
          [
            28.9346195,
            41.0292573
          ],
          [
            28.9345938,
            41.0292897
          ],
          [
            28.9346539,
            41.0293479
          ],
          [
            28.9347054,
            41.029322
          ],
          [
            28.9349028,
            41.0294968
          ],
          [
            28.9352383,
            41.0300142
          ],
          [
            28.9352608,
            41.0300489
          ],
          [
            28.9352684,
            41.0300607
          ],
          [
            28.9353869,
            41.0302491
          ],
          [
            28.9356013,
            41.0305708
          ]
        ]
      },
      "properties": {
        "id": "istanbul-way-23276399",
        "siteKey": "istanbul",
        "siteName": "古伊斯坦布尔／君士坦丁堡",
        "siteEnName": "Historic Istanbul / Constantinople",
        "name": "狄奥多西陆墙遗迹",
        "enName": "Theodosian land wall remains",
        "originalName": "İstanbul Surları",
        "role": "wall",
        "period": "魏晋南北朝",
        "periodLabel": "东罗马／拜占庭／奥斯曼",
        "heritageId": "whc-356",
        "tentative": false,
        "sourceUrl": "https://www.openstreetmap.org/way/23276399",
        "referenceUrl": "https://whc.unesco.org/en/list/356/",
        "note": "保留公开矢量的分段墙体、塔楼及后世修复形态；开放线不闭合、不填充，断口不补造。多道防线分别保留，不将外墙、内墙当作同一重复对象。",
        "label": false
      }
    },
    {
      "type": "Feature",
      "geometry": {
        "type": "LineString",
        "coordinates": [
          [
            28.9220518,
            40.9942308
          ],
          [
            28.9217602,
            40.994698
          ],
          [
            28.9216265,
            40.9952685
          ],
          [
            28.9216158,
            40.9953354
          ],
          [
            28.9215257,
            40.9959155
          ],
          [
            28.9213997,
            40.9964739
          ],
          [
            28.9212809,
            40.9964624
          ],
          [
            28.92127,
            40.9965263
          ],
          [
            28.9213888,
            40.9965378
          ],
          [
            28.9212873,
            40.9970806
          ],
          [
            28.9211851,
            40.9975528
          ],
          [
            28.9210297,
            40.9975229
          ],
          [
            28.9210004,
            40.9976095
          ],
          [
            28.9211558,
            40.9976394
          ],
          [
            28.921044,
            40.9980923
          ],
          [
            28.9208924,
            40.9980632
          ],
          [
            28.9208642,
            40.9981469
          ],
          [
            28.9210158,
            40.998176
          ],
          [
            28.9208846,
            40.9986159
          ],
          [
            28.9207372,
            40.9985875
          ],
          [
            28.9207055,
            40.9986784
          ],
          [
            28.9208534,
            40.9987082
          ],
          [
            28.9207155,
            40.9991506
          ],
          [
            28.920569,
            40.9991273
          ],
          [
            28.9205419,
            40.9992199
          ],
          [
            28.9206827,
            40.9992401
          ],
          [
            28.9205391,
            40.9997009
          ],
          [
            28.9204145,
            40.9996996
          ],
          [
            28.9204131,
            40.9997815
          ],
          [
            28.9204776,
            40.9997822
          ],
          [
            28.9205382,
            40.9997823
          ],
          [
            28.920538,
            40.99983
          ],
          [
            28.9205377,
            40.9998888
          ],
          [
            28.920477,
            40.9998886
          ],
          [
            28.9204114,
            40.999889
          ],
          [
            28.9204115,
            40.9999638
          ],
          [
            28.9205379,
            40.9999638
          ],
          [
            28.9205396,
            40.999995
          ]
        ]
      },
      "properties": {
        "id": "istanbul-way-23261420",
        "siteKey": "istanbul",
        "siteName": "古伊斯坦布尔／君士坦丁堡",
        "siteEnName": "Historic Istanbul / Constantinople",
        "name": "狄奥多西陆墙遗迹",
        "enName": "Theodosian land wall remains",
        "originalName": "İstanbul Surları",
        "role": "wall",
        "period": "魏晋南北朝",
        "periodLabel": "东罗马／拜占庭／奥斯曼",
        "heritageId": "whc-356",
        "tentative": false,
        "sourceUrl": "https://www.openstreetmap.org/way/23261420",
        "referenceUrl": "https://whc.unesco.org/en/list/356/",
        "note": "保留公开矢量的分段墙体、塔楼及后世修复形态；开放线不闭合、不填充，断口不补造。多道防线分别保留，不将外墙、内墙当作同一重复对象。",
        "label": false
      }
    },
    {
      "type": "Feature",
      "geometry": {
        "type": "LineString",
        "coordinates": [
          [
            28.9218708,
            40.9915277
          ],
          [
            28.9216115,
            40.9912951
          ],
          [
            28.9211743,
            40.9909134
          ],
          [
            28.9210883,
            40.9908455
          ],
          [
            28.9206635,
            40.9904939
          ],
          [
            28.9201793,
            40.9894262
          ],
          [
            28.9201516,
            40.9890192
          ]
        ]
      },
      "properties": {
        "id": "istanbul-way-23273457",
        "siteKey": "istanbul",
        "siteName": "古伊斯坦布尔／君士坦丁堡",
        "siteEnName": "Historic Istanbul / Constantinople",
        "name": "狄奥多西陆墙遗迹",
        "enName": "Theodosian land wall remains",
        "originalName": "İstanbul Surları",
        "role": "wall",
        "period": "魏晋南北朝",
        "periodLabel": "东罗马／拜占庭／奥斯曼",
        "heritageId": "whc-356",
        "tentative": false,
        "sourceUrl": "https://www.openstreetmap.org/way/23273457",
        "referenceUrl": "https://whc.unesco.org/en/list/356/",
        "note": "保留公开矢量的分段墙体、塔楼及后世修复形态；开放线不闭合、不填充，断口不补造。多道防线分别保留，不将外墙、内墙当作同一重复对象。",
        "label": false
      }
    },
    {
      "type": "Feature",
      "geometry": {
        "type": "LineString",
        "coordinates": [
          [
            28.922524,
            40.9921288
          ],
          [
            28.922567,
            40.9922878
          ],
          [
            28.9226908,
            40.9927457
          ],
          [
            28.9227037,
            40.9927933
          ],
          [
            28.9226542,
            40.9929154
          ],
          [
            28.9226363,
            40.9929574
          ],
          [
            28.9225582,
            40.9931526
          ],
          [
            28.9224885,
            40.9933246
          ],
          [
            28.9223275,
            40.9937219
          ],
          [
            28.9223069,
            40.9937729
          ],
          [
            28.9220996,
            40.9941543
          ],
          [
            28.9220688,
            40.9942036
          ]
        ]
      },
      "properties": {
        "id": "istanbul-way-1478722718",
        "siteKey": "istanbul",
        "siteName": "古伊斯坦布尔／君士坦丁堡",
        "siteEnName": "Historic Istanbul / Constantinople",
        "name": "狄奥多西陆墙遗迹",
        "enName": "Theodosian land wall remains",
        "originalName": "İstanbul Surları",
        "role": "wall",
        "period": "魏晋南北朝",
        "periodLabel": "东罗马／拜占庭／奥斯曼",
        "heritageId": "whc-356",
        "tentative": false,
        "sourceUrl": "https://www.openstreetmap.org/way/1478722718",
        "referenceUrl": "https://whc.unesco.org/en/list/356/",
        "note": "保留公开矢量的分段墙体、塔楼及后世修复形态；开放线不闭合、不填充，断口不补造。多道防线分别保留，不将外墙、内墙当作同一重复对象。",
        "label": false
      }
    },
    {
      "type": "Feature",
      "geometry": {
        "type": "LineString",
        "coordinates": [
          [
            28.9220688,
            40.9942036
          ],
          [
            28.922061,
            40.9942159
          ],
          [
            28.9220518,
            40.9942308
          ]
        ]
      },
      "properties": {
        "id": "istanbul-way-1478722719",
        "siteKey": "istanbul",
        "siteName": "古伊斯坦布尔／君士坦丁堡",
        "siteEnName": "Historic Istanbul / Constantinople",
        "name": "狄奥多西陆墙遗迹",
        "enName": "Theodosian land wall remains",
        "originalName": "İstanbul Surları",
        "role": "wall",
        "period": "魏晋南北朝",
        "periodLabel": "东罗马／拜占庭／奥斯曼",
        "heritageId": "whc-356",
        "tentative": false,
        "sourceUrl": "https://www.openstreetmap.org/way/1478722719",
        "referenceUrl": "https://whc.unesco.org/en/list/356/",
        "note": "保留公开矢量的分段墙体、塔楼及后世修复形态；开放线不闭合、不填充，断口不补造。多道防线分别保留，不将外墙、内墙当作同一重复对象。",
        "label": false
      }
    },
    {
      "type": "Feature",
      "geometry": {
        "type": "Polygon",
        "coordinates": [
          [
            [
              28.9746324,
              41.0054582
            ],
            [
              28.9745832,
              41.0053938
            ],
            [
              28.974564,
              41.0053382
            ],
            [
              28.9745788,
              41.0052814
            ],
            [
              28.9746245,
              41.0052296
            ],
            [
              28.974655,
              41.0052137
            ],
            [
              28.974707,
              41.0051867
            ],
            [
              28.9747958,
              41.0051832
            ],
            [
              28.9748873,
              41.0052046
            ],
            [
              28.9749612,
              41.0052515
            ],
            [
              28.9750158,
              41.0053052
            ],
            [
              28.9752913,
              41.0055632
            ],
            [
              28.9755586,
              41.0058427
            ],
            [
              28.975802,
              41.0060651
            ],
            [
              28.9760743,
              41.0063465
            ],
            [
              28.9764183,
              41.0066849
            ],
            [
              28.9767872,
              41.0070407
            ],
            [
              28.9771073,
              41.0073626
            ],
            [
              28.9775415,
              41.0077915
            ],
            [
              28.9771898,
              41.0078414
            ],
            [
              28.977074,
              41.0078578
            ],
            [
              28.9770662,
              41.0078501
            ],
            [
              28.9767748,
              41.0075638
            ],
            [
              28.9766055,
              41.0073974
            ],
            [
              28.9765439,
              41.0073369
            ],
            [
              28.975457,
              41.0062687
            ],
            [
              28.9752189,
              41.0060365
            ],
            [
              28.9749265,
              41.0057473
            ],
            [
              28.974672,
              41.0054971
            ],
            [
              28.9746324,
              41.0054582
            ]
          ]
        ]
      },
      "properties": {
        "id": "istanbul-way-25512790",
        "siteKey": "istanbul",
        "siteName": "古伊斯坦布尔／君士坦丁堡",
        "siteEnName": "Historic Istanbul / Constantinople",
        "name": "竞技场地望（今苏丹艾哈迈德广场）",
        "enName": "Hippodrome location (modern Sultan Ahmed Square)",
        "originalName": "Sultanahmet Meydanı",
        "role": "area",
        "period": "魏晋南北朝",
        "periodLabel": "东罗马／拜占庭／奥斯曼",
        "heritageId": "whc-356",
        "tentative": false,
        "sourceUrl": "https://www.openstreetmap.org/way/25512790",
        "referenceUrl": "https://whc.unesco.org/en/list/356/",
        "note": "这是现广场的公开轮廓，作为古竞技场地望参照；不是原始赛道或古竞技场精确边界。",
        "label": true
      }
    },
    {
      "type": "Feature",
      "geometry": {
        "type": "Polygon",
        "coordinates": [
          [
            [
              23.718417021506074,
              37.978237740495985
            ],
            [
              23.719162538024364,
              37.97875712977213
            ],
            [
              23.719721358934375,
              37.97923170329814
            ],
            [
              23.72134683373952,
              37.979324297603036
            ],
            [
              23.722149225412892,
              37.97963675980666
            ],
            [
              23.723044284169937,
              37.98015647754391
            ],
            [
              23.72354735461836,
              37.98055695771106
            ],
            [
              23.724050596657992,
              37.98091306980121
            ],
            [
              23.724629755988236,
              37.980958793309455
            ],
            [
              23.725115255755494,
              37.98106345021876
            ],
            [
              23.72625511065948,
              37.98109568585853
            ],
            [
              23.72717087528878,
              37.98108302461688
            ],
            [
              23.728255049342607,
              37.98101159032869
            ],
            [
              23.72975095216574,
              37.980778416181664
            ],
            [
              23.73042533874244,
              37.980336300404204
            ],
            [
              23.73091321861895,
              37.979790232808185
            ],
            [
              23.731195420944093,
              37.97927327086846
            ],
            [
              23.73194534143214,
              37.97860948714188
            ],
            [
              23.732526258881215,
              37.97816714608297
            ],
            [
              23.732900968022893,
              37.97790179944733
            ],
            [
              23.733203120892338,
              37.97702994702634
            ],
            [
              23.732944236477483,
              37.9762751316581
            ],
            [
              23.73283329528153,
              37.97594952649308
            ],
            [
              23.732254760865054,
              37.975741168173585
            ],
            [
              23.732068969899895,
              37.975444969453534
            ],
            [
              23.73193993893477,
              37.97495664554893
            ],
            [
              23.73195996973438,
              37.97458697150064
            ],
            [
              23.73222259886339,
              37.974306582624514
            ],
            [
              23.732690559386967,
              37.97408581505209
            ],
            [
              23.73274720773035,
              37.973923267071356
            ],
            [
              23.73280444546659,
              37.97359804370037
            ],
            [
              23.732954791164328,
              37.97336176442508
            ],
            [
              23.733104975266887,
              37.97316985095622
            ],
            [
              23.73347976375999,
              37.97287492480432
            ],
            [
              23.733650074004274,
              37.9722837587799
            ],
            [
              23.733689902941435,
              37.97160356436693
            ],
            [
              23.733656485523742,
              37.97050911769942
            ],
            [
              23.73371441090083,
              37.969991640843475
            ],
            [
              23.734126550890835,
              37.96969679698207
            ],
            [
              23.734183619196415,
              37.969415938714064
            ],
            [
              23.7338680026022,
              37.96885325066645
            ],
            [
              23.733607696911033,
              37.96849773024096
            ],
            [
              23.732974074985655,
              37.96803784084729
            ],
            [
              23.732601990877754,
              37.967593331561886
            ],
            [
              23.731950289959563,
              37.96697071863263
            ],
            [
              23.731371074073834,
              37.96696939750649
            ],
            [
              23.73080957076341,
              37.96723431257817
            ],
            [
              23.73026712665053,
              37.96739574701199
            ],
            [
              23.72959524436328,
              37.967187161359966
            ],
            [
              23.728998103422867,
              37.9669787440609
            ],
            [
              23.728774815633205,
              37.96672681978782
            ],
            [
              23.72828820594785,
              37.96694752904375
            ],
            [
              23.727876603967506,
              37.96709446576671
            ],
            [
              23.72727881229589,
              37.967063503911675
            ],
            [
              23.72694139774893,
              37.967358497359314
            ],
            [
              23.72645554655888,
              37.967372157495454
            ],
            [
              23.72619368929213,
              37.96744549237172
            ],
            [
              23.725670578458658,
              37.967429484933554
            ],
            [
              23.725222646710012,
              37.967295340348855
            ],
            [
              23.724755700944115,
              37.96724988240205
            ],
            [
              23.72426968421007,
              37.967307899536976
            ],
            [
              23.72382120184709,
              37.967321636369654
            ],
            [
              23.72299847448721,
              37.96748237895361
            ],
            [
              23.722101451329394,
              37.967524629876934
            ],
            [
              23.721876846735984,
              37.9676276207312
            ],
            [
              23.72109237601808,
              37.96755181956383
            ],
            [
              23.72064450799637,
              37.96740286891046
            ],
            [
              23.719768023866266,
              37.96695712031019
            ],
            [
              23.718817433718563,
              37.96634851121719
            ],
            [
              23.71794086007234,
              37.96593232635776
            ],
            [
              23.717734372588104,
              37.966183240815624
            ],
            [
              23.717564685679545,
              37.96658213129183
            ],
            [
              23.71715227038867,
              37.96693607176485
            ],
            [
              23.71677750404968,
              37.96721615739687
            ],
            [
              23.716235655819002,
              37.96721485170274
            ],
            [
              23.71541422628154,
              37.96703540191844
            ],
            [
              23.714798385583816,
              37.96684165616864
            ],
            [
              23.714032729815283,
              37.9667362759457
            ],
            [
              23.71393718545557,
              37.96728322932773
            ],
            [
              23.713786447039993,
              37.96760821631572
            ],
            [
              23.713541767183887,
              37.96806607357954
            ],
            [
              23.713540273292764,
              37.96845057870079
            ],
            [
              23.713501294785555,
              37.968864570110824
            ],
            [
              23.713518198252626,
              37.96932306395955
            ],
            [
              23.71362801026004,
              37.969914883117255
            ],
            [
              23.713980732271384,
              37.97050729293962
            ],
            [
              23.714446030596775,
              37.970981664630514
            ],
            [
              23.71507933288252,
              37.97150080783727
            ],
            [
              23.715694015481294,
              37.972005113816095
            ],
            [
              23.716457908189522,
              37.97258372022045
            ],
            [
              23.717072552488496,
              37.97310280762681
            ],
            [
              23.717724634164735,
              37.97360719283932
            ],
            [
              23.71785328553279,
              37.97416947531658
            ],
            [
              23.717907985843734,
              37.9745245373229
            ],
            [
              23.7169549857969,
              37.97452224822239
            ],
            [
              23.71583278321762,
              37.974785740893964
            ],
            [
              23.715757182465254,
              37.975007389984455
            ],
            [
              23.715793072743637,
              37.97539198501974
            ],
            [
              23.71603440193688,
              37.97580665366739
            ],
            [
              23.71621950291268,
              37.9762655525044
            ],
            [
              23.716609820173893,
              37.97681367823513
            ],
            [
              23.717243130885624,
              37.9773475981751
            ],
            [
              23.71780215523756,
              37.97776302628328
            ],
            [
              23.718417021506074,
              37.978237740495985
            ]
          ]
        ]
      },
      "properties": {
        "id": "athens-classical-circuit-reconstruction",
        "siteKey": "athens",
        "siteName": "古雅典城与卫城",
        "siteEnName": "Ancient Athens and Acropolis",
        "name": "古雅典城（古典时期 · 复原参照）",
        "enName": "Ancient Athens (classical circuit reconstruction)",
        "role": "area",
        "period": "周",
        "periodLabel": "古典希腊／希腊化／罗马／晚期古代",
        "heritageId": "whc-404",
        "tentative": false,
        "sourceUrl": "https://www.ascsa.edu.gr/uploads/media/hesperia/hesp.80.1.0071.pdf",
        "referenceUrl": "https://www.ascsa.edu.gr/uploads/media/hesperia/hesp.80.1.0071.pdf",
        "note": "依据Theocharaki 2011论文图1的特米斯托克利环城墙路线描摹，以原图希腊国家坐标网转换至WGS84。包含文献复原和缺失墙段，整体用虚线；不是全部现存墙体实测界址，也不是雅典卫城世界遗产边界。",
        "label": true,
        "inferredBoundary": true,
        "derived": true,
        "boundaryLabel": true,
        "labelCoordinates": [
          23.728255049342607,
          37.980661590328694
        ]
      }
    },
    {
      "type": "Feature",
      "geometry": {
        "type": "Polygon",
        "coordinates": [
          [
            [
              23.732526258881215,
              37.97816714608297
            ],
            [
              23.732900968022893,
              37.97790179944733
            ],
            [
              23.733203120892338,
              37.97702994702634
            ],
            [
              23.732944236477483,
              37.9762751316581
            ],
            [
              23.73283329528153,
              37.97594952649308
            ],
            [
              23.732254760865054,
              37.975741168173585
            ],
            [
              23.732068969899895,
              37.975444969453534
            ],
            [
              23.73193993893477,
              37.97495664554893
            ],
            [
              23.73195996973438,
              37.97458697150064
            ],
            [
              23.73222259886339,
              37.974306582624514
            ],
            [
              23.732690559386967,
              37.97408581505209
            ],
            [
              23.73274720773035,
              37.973923267071356
            ],
            [
              23.73280444546659,
              37.97359804370037
            ],
            [
              23.732954791164328,
              37.97336176442508
            ],
            [
              23.733104975266887,
              37.97316985095622
            ],
            [
              23.73347976375999,
              37.97287492480432
            ],
            [
              23.733650074004274,
              37.9722837587799
            ],
            [
              23.733689902941435,
              37.97160356436693
            ],
            [
              23.733656485523742,
              37.97050911769942
            ],
            [
              23.73371441090083,
              37.969991640843475
            ],
            [
              23.734126550890835,
              37.96969679698207
            ],
            [
              23.734183619196415,
              37.969415938714064
            ],
            [
              23.7338680026022,
              37.96885325066645
            ],
            [
              23.733607696911033,
              37.96849773024096
            ],
            [
              23.732601990877754,
              37.967593331561886
            ],
            [
              23.731950289959563,
              37.96697071863263
            ],
            [
              23.731371074073834,
              37.96696939750649
            ],
            [
              23.73080957076341,
              37.96723431257817
            ],
            [
              23.73026712665053,
              37.96739574701199
            ],
            [
              23.72959524436328,
              37.967187161359966
            ],
            [
              23.728998103422867,
              37.9669787440609
            ],
            [
              23.728774815633205,
              37.96672681978782
            ],
            [
              23.72828820594785,
              37.96694752904375
            ],
            [
              23.727876603967506,
              37.96709446576671
            ],
            [
              23.72727881229589,
              37.967063503911675
            ],
            [
              23.72694139774893,
              37.967358497359314
            ],
            [
              23.72645554655888,
              37.967372157495454
            ],
            [
              23.72619368929213,
              37.96744549237172
            ],
            [
              23.725670578458658,
              37.967429484933554
            ],
            [
              23.725222646710012,
              37.967295340348855
            ],
            [
              23.72522430006342,
              37.966851680059385
            ],
            [
              23.726103233336353,
              37.966646686322655
            ],
            [
              23.72716889474302,
              37.96647169680059
            ],
            [
              23.7282714835709,
              37.96641509337121
            ],
            [
              23.729243335498975,
              37.96634338998875
            ],
            [
              23.730214752711372,
              37.96638998804469
            ],
            [
              23.73125880607442,
              37.96701350752709
            ],
            [
              23.731967415326203,
              37.96739963304686
            ],
            [
              23.732658258992572,
              37.96753430421601
            ],
            [
              23.733702509534258,
              37.96811343597737
            ],
            [
              23.735492312579165,
              37.96921184518002
            ],
            [
              23.736312758196622,
              37.96968692865205
            ],
            [
              23.73773050953238,
              37.970340805110155
            ],
            [
              23.73914797212453,
              37.97108339660015
            ],
            [
              23.740415561720276,
              37.97194395072823
            ],
            [
              23.740226724892725,
              37.972505508161404
            ],
            [
              23.73998234896915,
              37.97291905454584
            ],
            [
              23.739626219888237,
              37.973228831543885
            ],
            [
              23.739661868336416,
              37.973716940612746
            ],
            [
              23.739136093020136,
              37.974440426675905
            ],
            [
              23.738723264887984,
              37.97492754057373
            ],
            [
              23.738067558904635,
              37.97539932364788
            ],
            [
              23.737617924087477,
              37.97572367495622
            ],
            [
              23.73761655537705,
              37.976108180349165
            ],
            [
              23.737017789270464,
              37.97632867509656
            ],
            [
              23.736232204333593,
              37.9765339592589
            ],
            [
              23.735426388744642,
              37.977168067373356
            ],
            [
              23.734266623446665,
              37.97749080645609
            ],
            [
              23.733294040476817,
              37.977725225920956
            ],
            [
              23.732526258881215,
              37.97816714608297
            ]
          ]
        ]
      },
      "properties": {
        "id": "athens-roman-east-addition-reconstruction",
        "siteKey": "athens",
        "siteName": "古雅典城与卫城",
        "siteEnName": "Ancient Athens and Acropolis",
        "name": "古雅典城 · 罗马时期东部扩建（复原参照）",
        "enName": "Ancient Athens · eastern Roman/Valerian extension (reconstruction)",
        "role": "area",
        "period": "魏晋南北朝",
        "periodLabel": "古典希腊／希腊化／罗马／晚期古代",
        "heritageId": "whc-404",
        "tentative": false,
        "sourceUrl": "https://www.ascsa.edu.gr/uploads/media/hesperia/hesp.80.1.0071.pdf",
        "referenceUrl": "https://www.ascsa.edu.gr/uploads/media/hesperia/hesp.80.1.0071.pdf",
        "note": "按同一论文图1的瓦勒良时期城墙路线补充东部扩展地区，只画相对古典城界的新增部分，避免整城重复叠加。原图多处为推测线，使用虚线；不表示整条墙均保存或均在同年营建。",
        "label": true,
        "inferredBoundary": true,
        "derived": true,
        "boundaryLabel": true,
        "labelCoordinates": [
          23.740065561720275,
          37.97199395072823
        ]
      }
    },
    {
      "type": "Feature",
      "geometry": {
        "type": "LineString",
        "coordinates": [
          [
            23.717724634164735,
            37.97360719283932
          ],
          [
            23.717690320393256,
            37.97280851598931
          ],
          [
            23.71756206919109,
            37.97214271264131
          ],
          [
            23.7180303988649,
            37.9718332714928
          ],
          [
            23.7185732408596,
            37.97158316189798
          ],
          [
            23.718799046703776,
            37.971169615678996
          ],
          [
            23.7188936580202,
            37.970859277134586
          ],
          [
            23.719659701129522,
            37.970875893885854
          ],
          [
            23.720109160259437,
            37.970610765782865
          ],
          [
            23.72029825739657,
            37.97001966370829
          ],
          [
            23.719777602966264,
            37.96935292882915
          ],
          [
            23.720171839583266,
            37.968865836872965
          ],
          [
            23.720435053619582,
            37.96843758746717
          ],
          [
            23.720941836442897,
            37.96783244981969
          ],
          [
            23.721073803393793,
            37.96752219792649
          ]
        ]
      },
      "properties": {
        "id": "athens-diateichisma-reconstruction",
        "siteKey": "athens",
        "siteName": "古雅典城与卫城",
        "siteEnName": "Ancient Athens and Acropolis",
        "name": "古雅典城 · 西部城内隔墙（复原参照）",
        "enName": "Ancient Athens · western diateichisma (reconstruction)",
        "role": "wall",
        "period": "秦汉",
        "periodLabel": "古典希腊／希腊化／罗马／晚期古代",
        "heritageId": "whc-404",
        "tentative": false,
        "sourceUrl": "https://www.ascsa.edu.gr/uploads/media/hesperia/hesp.80.1.0071.pdf",
        "referenceUrl": "https://www.ascsa.edu.gr/uploads/media/hesperia/hesp.80.1.0071.pdf",
        "note": "论文图1的城内隔墙路线；希腊化时期分期参照。开放线保持开放，不填充，不将隔墙当作最初外城边界。",
        "label": true,
        "inferredBoundary": true,
        "derived": true
      }
    },
    {
      "type": "Feature",
      "geometry": {
        "type": "Polygon",
        "coordinates": [
          [
            [
              23.7213895,
              37.9764236
            ],
            [
              23.7215572,
              37.9763508
            ],
            [
              23.7218572,
              37.976218
            ],
            [
              23.7219222,
              37.9761915
            ],
            [
              23.7219149,
              37.9761634
            ],
            [
              23.7219063,
              37.97613
            ],
            [
              23.7218969,
              37.9760933
            ],
            [
              23.7214237,
              37.9762811
            ],
            [
              23.7213231,
              37.9763225
            ],
            [
              23.7212869,
              37.9762314
            ],
            [
              23.721044,
              37.9761772
            ],
            [
              23.720461,
              37.9747617
            ],
            [
              23.7206063,
              37.9746573
            ],
            [
              23.7204454,
              37.9739977
            ],
            [
              23.7203783,
              37.9738234
            ],
            [
              23.7203413,
              37.973654
            ],
            [
              23.7205508,
              37.9731842
            ],
            [
              23.7205255,
              37.9731786
            ],
            [
              23.7206607,
              37.9728296
            ],
            [
              23.7208039,
              37.9729867
            ],
            [
              23.7209741,
              37.9731998
            ],
            [
              23.7211398,
              37.9734073
            ],
            [
              23.7212422,
              37.973533
            ],
            [
              23.7213316,
              37.9735854
            ],
            [
              23.7213949,
              37.9736143
            ],
            [
              23.7215646,
              37.9736433
            ],
            [
              23.7217736,
              37.9736938
            ],
            [
              23.7219561,
              37.9737329
            ],
            [
              23.7220629,
              37.9737417
            ],
            [
              23.7222203,
              37.973755
            ],
            [
              23.7222934,
              37.9737653
            ],
            [
              23.7224289,
              37.9738215
            ],
            [
              23.7225699,
              37.9738806
            ],
            [
              23.7227957,
              37.9739512
            ],
            [
              23.7228428,
              37.9739614
            ],
            [
              23.7231331,
              37.9739606
            ],
            [
              23.7234154,
              37.9739627
            ],
            [
              23.7235094,
              37.97396
            ],
            [
              23.7238531,
              37.9738877
            ],
            [
              23.7241038,
              37.973835
            ],
            [
              23.7241494,
              37.973843
            ],
            [
              23.7243346,
              37.973866
            ],
            [
              23.7244055,
              37.9739218
            ],
            [
              23.7244733,
              37.9739836
            ],
            [
              23.7244945,
              37.9740089
            ],
            [
              23.7244987,
              37.9740414
            ],
            [
              23.7244289,
              37.974158
            ],
            [
              23.7244722,
              37.9741735
            ],
            [
              23.7246035,
              37.9741972
            ],
            [
              23.7246216,
              37.9742008
            ],
            [
              23.7247768,
              37.9742315
            ],
            [
              23.7249403,
              37.9742337
            ],
            [
              23.725011,
              37.9742338
            ],
            [
              23.7250161,
              37.9743717
            ],
            [
              23.7251377,
              37.9743573
            ],
            [
              23.7251635,
              37.974417
            ],
            [
              23.7251768,
              37.974413
            ],
            [
              23.7251848,
              37.974429
            ],
            [
              23.7252237,
              37.9744377
            ],
            [
              23.7252665,
              37.9745543
            ],
            [
              23.7248651,
              37.9745936
            ],
            [
              23.7244467,
              37.9746288
            ],
            [
              23.7244485,
              37.974651
            ],
            [
              23.7244489,
              37.9746559
            ],
            [
              23.7244658,
              37.9748667
            ],
            [
              23.7244809,
              37.9749954
            ],
            [
              23.7244976,
              37.9751353
            ],
            [
              23.7245418,
              37.9753722
            ],
            [
              23.7245514,
              37.9754174
            ],
            [
              23.724572,
              37.9755145
            ],
            [
              23.724579,
              37.9755365
            ],
            [
              23.7245819,
              37.9755457
            ],
            [
              23.7246097,
              37.9756304
            ],
            [
              23.7245142,
              37.9756505
            ],
            [
              23.7244986,
              37.975709
            ],
            [
              23.7244869,
              37.9757079
            ],
            [
              23.7244442,
              37.9757039
            ],
            [
              23.7242699,
              37.9756931
            ],
            [
              23.7240535,
              37.9756882
            ],
            [
              23.7239653,
              37.9756909
            ],
            [
              23.7238699,
              37.9756953
            ],
            [
              23.7237828,
              37.9757015
            ],
            [
              23.7236908,
              37.9757104
            ],
            [
              23.7235276,
              37.9757319
            ],
            [
              23.723311,
              37.9757669
            ],
            [
              23.7233163,
              37.9757885
            ],
            [
              23.7233208,
              37.9758077
            ],
            [
              23.723328,
              37.9758334
            ],
            [
              23.723626,
              37.9757877
            ],
            [
              23.723814,
              37.9757629
            ],
            [
              23.723929,
              37.9757555
            ],
            [
              23.7240271,
              37.9757539
            ],
            [
              23.7241949,
              37.9757579
            ],
            [
              23.7243551,
              37.9757708
            ],
            [
              23.7244777,
              37.9757827
            ],
            [
              23.7244664,
              37.975821
            ],
            [
              23.7242332,
              37.9758613
            ],
            [
              23.7240619,
              37.9758909
            ],
            [
              23.723841,
              37.9759254
            ],
            [
              23.7235373,
              37.9759415
            ],
            [
              23.7234299,
              37.9759471
            ],
            [
              23.7232865,
              37.9759546
            ],
            [
              23.7232848,
              37.9759051
            ],
            [
              23.7232441,
              37.9759127
            ],
            [
              23.7232299,
              37.9758673
            ],
            [
              23.7231491,
              37.9758787
            ],
            [
              23.7231816,
              37.975983
            ],
            [
              23.7225917,
              37.976158
            ],
            [
              23.7222626,
              37.9762535
            ],
            [
              23.7222169,
              37.9762666
            ],
            [
              23.7220922,
              37.9763027
            ],
            [
              23.7219432,
              37.9763459
            ],
            [
              23.7217994,
              37.9764282
            ],
            [
              23.7216647,
              37.9765055
            ],
            [
              23.7215049,
              37.976599
            ],
            [
              23.7213895,
              37.9764236
            ]
          ],
          [
            [
              23.7220413,
              37.976143
            ],
            [
              23.7222305,
              37.976066
            ],
            [
              23.722473,
              37.9759929
            ],
            [
              23.7229877,
              37.9758898
            ],
            [
              23.7231092,
              37.9758725
            ],
            [
              23.7231015,
              37.9758427
            ],
            [
              23.7230974,
              37.9758202
            ],
            [
              23.723091,
              37.9757956
            ],
            [
              23.7230561,
              37.9758002
            ],
            [
              23.7228647,
              37.975825
            ],
            [
              23.7226954,
              37.9758558
            ],
            [
              23.7225115,
              37.9758984
            ],
            [
              23.7223481,
              37.9759455
            ],
            [
              23.7221164,
              37.9760152
            ],
            [
              23.7220162,
              37.9760504
            ],
            [
              23.7220251,
              37.9760834
            ],
            [
              23.7220335,
              37.9761144
            ],
            [
              23.7220413,
              37.976143
            ]
          ]
        ]
      },
      "properties": {
        "id": "athens-relation-13139942",
        "siteKey": "athens",
        "siteName": "古雅典城与卫城",
        "siteEnName": "Ancient Athens and Acropolis",
        "name": "雅典古集市遗址区",
        "enName": "Ancient Agora of Athens",
        "role": "area",
        "period": "周",
        "periodLabel": "古典希腊／希腊化／罗马／晚期古代",
        "heritageId": "whc-404",
        "tentative": false,
        "sourceUrl": "https://www.openstreetmap.org/relation/13139942",
        "referenceUrl": "https://www.ascsa.edu.gr/uploads/media/hesperia/hesp.80.1.0071.pdf",
        "note": "公开遗迹矢量，关联古雅典城下遗存；不是某一期完整城界或世界遗产卫城法定边界。",
        "label": true
      }
    },
    {
      "type": "Feature",
      "geometry": {
        "type": "Polygon",
        "coordinates": [
          [
            [
              23.721245,
              37.9756978
            ],
            [
              23.7212131,
              37.9755644
            ],
            [
              23.7215784,
              37.9755102
            ],
            [
              23.7216103,
              37.9756436
            ],
            [
              23.721245,
              37.9756978
            ]
          ]
        ]
      },
      "properties": {
        "id": "athens-way-27917370",
        "siteKey": "athens",
        "siteName": "古雅典城与卫城",
        "siteEnName": "Ancient Athens and Acropolis",
        "name": "赫淮斯托斯神庙",
        "enName": "Temple of Hephaestus",
        "role": "temple",
        "period": "周",
        "periodLabel": "古典希腊／希腊化／罗马／晚期古代",
        "heritageId": "whc-404",
        "tentative": false,
        "sourceUrl": "https://www.openstreetmap.org/way/27917370",
        "referenceUrl": "https://www.ascsa.edu.gr/uploads/media/hesperia/hesp.80.1.0071.pdf",
        "note": "公开遗迹矢量，关联古雅典城下遗存；不是某一期完整城界或世界遗产卫城法定边界。",
        "label": true
      }
    },
    {
      "type": "Feature",
      "geometry": {
        "type": "Polygon",
        "coordinates": [
          [
            [
              23.7241593,
              37.9756872
            ],
            [
              23.7240958,
              37.975686
            ],
            [
              23.7240964,
              37.9756676
            ],
            [
              23.7240964,
              37.9756658
            ],
            [
              23.7240936,
              37.9756657
            ],
            [
              23.7240907,
              37.9756657
            ],
            [
              23.7241216,
              37.9746534
            ],
            [
              23.7241245,
              37.9746535
            ],
            [
              23.7241274,
              37.9746535
            ],
            [
              23.7241274,
              37.9746518
            ],
            [
              23.7243451,
              37.9746559
            ],
            [
              23.7243141,
              37.9756717
            ],
            [
              23.7242499,
              37.9756705
            ],
            [
              23.7242493,
              37.9756889
            ],
            [
              23.7241593,
              37.9756872
            ]
          ]
        ]
      },
      "properties": {
        "id": "athens-way-975219800",
        "siteKey": "athens",
        "siteName": "古雅典城与卫城",
        "siteEnName": "Ancient Athens and Acropolis",
        "name": "阿塔罗斯柱廊（原址复建）",
        "enName": "Stoa of Attalos (reconstructed)",
        "role": "public",
        "period": "秦汉",
        "periodLabel": "古典希腊／希腊化／罗马／晚期古代",
        "heritageId": "whc-404",
        "tentative": false,
        "sourceUrl": "https://www.openstreetmap.org/way/975219800",
        "referenceUrl": "https://www.ascsa.edu.gr/uploads/media/hesperia/hesp.80.1.0071.pdf",
        "note": "现存建筑为20世纪原址复建，采用原古代柱廊的希腊化时期分组；不是完整古代原建筑保存至今。",
        "label": true
      }
    },
    {
      "type": "Feature",
      "geometry": {
        "type": "Polygon",
        "coordinates": [
          [
            [
              23.7272463,
              37.9741884
            ],
            [
              23.7272435,
              37.9741815
            ],
            [
              23.7272014,
              37.9740774
            ],
            [
              23.7271981,
              37.9740698
            ],
            [
              23.7271368,
              37.9739187
            ],
            [
              23.7269152,
              37.973975
            ],
            [
              23.7269016,
              37.9739723
            ],
            [
              23.7266065,
              37.9739133
            ],
            [
              23.7265453,
              37.973934
            ],
            [
              23.7265391,
              37.9739209
            ],
            [
              23.7260746,
              37.9739758
            ],
            [
              23.7261021,
              37.974038
            ],
            [
              23.725932,
              37.9740841
            ],
            [
              23.7259248,
              37.9740861
            ],
            [
              23.7254307,
              37.9742201
            ],
            [
              23.7254997,
              37.9743773
            ],
            [
              23.7255096,
              37.9743998
            ],
            [
              23.7254229,
              37.9744331
            ],
            [
              23.7254402,
              37.9744911
            ],
            [
              23.725455,
              37.9745374
            ],
            [
              23.7254591,
              37.9745501
            ],
            [
              23.7254626,
              37.9745611
            ],
            [
              23.7254797,
              37.9746146
            ],
            [
              23.7255139,
              37.9746319
            ],
            [
              23.7257137,
              37.9745824
            ],
            [
              23.72586,
              37.9744829
            ],
            [
              23.7262737,
              37.9743795
            ],
            [
              23.7264158,
              37.9746858
            ],
            [
              23.7267263,
              37.9745894
            ],
            [
              23.7267303,
              37.9745975
            ],
            [
              23.7268448,
              37.974562
            ],
            [
              23.7268329,
              37.9744996
            ],
            [
              23.7269998,
              37.9744516
            ],
            [
              23.7270988,
              37.9743818
            ],
            [
              23.7270771,
              37.9743372
            ],
            [
              23.7270952,
              37.974332
            ],
            [
              23.7271029,
              37.9743298
            ],
            [
              23.7272869,
              37.9742771
            ],
            [
              23.7272463,
              37.9741884
            ]
          ]
        ]
      },
      "properties": {
        "id": "athens-relation-11197557",
        "siteKey": "athens",
        "siteName": "古雅典城与卫城",
        "siteEnName": "Ancient Athens and Acropolis",
        "name": "雅典罗马集市遗址区",
        "enName": "Roman Agora of Athens",
        "role": "area",
        "period": "秦汉",
        "periodLabel": "古典希腊／希腊化／罗马／晚期古代",
        "heritageId": "whc-404",
        "tentative": false,
        "sourceUrl": "https://www.openstreetmap.org/relation/11197557",
        "referenceUrl": "https://www.ascsa.edu.gr/uploads/media/hesperia/hesp.80.1.0071.pdf",
        "note": "公开遗迹矢量，关联古雅典城下遗存；不是某一期完整城界或世界遗产卫城法定边界。",
        "label": true
      }
    },
    {
      "type": "Feature",
      "geometry": {
        "type": "Polygon",
        "coordinates": [
          [
            [
              23.727006,
              37.9741565
            ],
            [
              23.7270061,
              37.9741547
            ],
            [
              23.7270067,
              37.9741522
            ],
            [
              23.7270073,
              37.9741506
            ],
            [
              23.7270082,
              37.9741488
            ],
            [
              23.7270093,
              37.9741473
            ],
            [
              23.7270108,
              37.9741455
            ],
            [
              23.7270128,
              37.9741439
            ],
            [
              23.7270145,
              37.9741426
            ],
            [
              23.7270171,
              37.9741412
            ],
            [
              23.7270191,
              37.9741404
            ],
            [
              23.7270212,
              37.9741398
            ],
            [
              23.727023,
              37.9741393
            ],
            [
              23.7270248,
              37.9741389
            ],
            [
              23.7270271,
              37.9741386
            ],
            [
              23.727029,
              37.9741386
            ],
            [
              23.727031,
              37.9741387
            ],
            [
              23.7270333,
              37.9741388
            ],
            [
              23.7270355,
              37.9741392
            ],
            [
              23.7270373,
              37.9741397
            ],
            [
              23.7270394,
              37.9741403
            ],
            [
              23.7270409,
              37.9741409
            ],
            [
              23.7270427,
              37.9741417
            ],
            [
              23.727044,
              37.9741425
            ],
            [
              23.7270452,
              37.9741432
            ],
            [
              23.7270462,
              37.9741441
            ],
            [
              23.7270476,
              37.9741452
            ],
            [
              23.7270488,
              37.9741464
            ],
            [
              23.72705,
              37.9741479
            ],
            [
              23.7270508,
              37.9741491
            ],
            [
              23.7270515,
              37.9741505
            ],
            [
              23.7270523,
              37.9741527
            ],
            [
              23.7270529,
              37.9741555
            ],
            [
              23.7270529,
              37.9741578
            ],
            [
              23.7270834,
              37.9741824
            ],
            [
              23.7270825,
              37.9742159
            ],
            [
              23.7270983,
              37.9742285
            ],
            [
              23.7270637,
              37.974254
            ],
            [
              23.7270478,
              37.9742408
            ],
            [
              23.7270055,
              37.97424
            ],
            [
              23.72699,
              37.9742518
            ],
            [
              23.7269568,
              37.9742246
            ],
            [
              23.726973,
              37.9742123
            ],
            [
              23.7269741,
              37.9741797
            ],
            [
              23.727006,
              37.9741565
            ]
          ]
        ]
      },
      "properties": {
        "id": "athens-relation-11199493",
        "siteKey": "athens",
        "siteName": "古雅典城与卫城",
        "siteEnName": "Ancient Athens and Acropolis",
        "name": "风塔",
        "enName": "Tower of the Winds",
        "role": "public",
        "period": "秦汉",
        "periodLabel": "古典希腊／希腊化／罗马／晚期古代",
        "heritageId": "whc-404",
        "tentative": false,
        "sourceUrl": "https://www.openstreetmap.org/relation/11199493",
        "referenceUrl": "https://www.ascsa.edu.gr/uploads/media/hesperia/hesp.80.1.0071.pdf",
        "note": "公开遗迹矢量，关联古雅典城下遗存；不是某一期完整城界或世界遗产卫城法定边界。",
        "label": true
      }
    },
    {
      "type": "Feature",
      "geometry": {
        "type": "Polygon",
        "coordinates": [
          [
            [
              23.7271681,
              37.975174
            ],
            [
              23.7270845,
              37.9749152
            ],
            [
              23.7269058,
              37.9749511
            ],
            [
              23.7269146,
              37.9749781
            ],
            [
              23.7268374,
              37.9749936
            ],
            [
              23.7268363,
              37.9749901
            ],
            [
              23.7268342,
              37.9749853
            ],
            [
              23.7268314,
              37.9749808
            ],
            [
              23.726828,
              37.9749764
            ],
            [
              23.7268241,
              37.9749724
            ],
            [
              23.7268196,
              37.9749688
            ],
            [
              23.7268147,
              37.9749655
            ],
            [
              23.7268094,
              37.9749626
            ],
            [
              23.7268038,
              37.9749602
            ],
            [
              23.7267978,
              37.9749583
            ],
            [
              23.7267917,
              37.9749568
            ],
            [
              23.7267853,
              37.9749559
            ],
            [
              23.7267789,
              37.9749555
            ],
            [
              23.7267783,
              37.9749555
            ],
            [
              23.7267725,
              37.9749557
            ],
            [
              23.7267661,
              37.9749564
            ],
            [
              23.7267599,
              37.9749576
            ],
            [
              23.7267538,
              37.9749593
            ],
            [
              23.726748,
              37.9749615
            ],
            [
              23.7267425,
              37.9749641
            ],
            [
              23.7267374,
              37.9749672
            ],
            [
              23.7267328,
              37.9749707
            ],
            [
              23.7267286,
              37.9749746
            ],
            [
              23.726725,
              37.9749788
            ],
            [
              23.7267219,
              37.9749832
            ],
            [
              23.7267195,
              37.9749879
            ],
            [
              23.7267177,
              37.9749928
            ],
            [
              23.7267165,
              37.9749978
            ],
            [
              23.726716,
              37.9750028
            ],
            [
              23.7267162,
              37.9750079
            ],
            [
              23.7267171,
              37.9750129
            ],
            [
              23.7267185,
              37.9750175
            ],
            [
              23.7264478,
              37.9750719
            ],
            [
              23.7264321,
              37.9750235
            ],
            [
              23.7263069,
              37.9750486
            ],
            [
              23.7263225,
              37.9750971
            ],
            [
              23.726034,
              37.975155
            ],
            [
              23.726033,
              37.9751516
            ],
            [
              23.7260308,
              37.9751468
            ],
            [
              23.726028,
              37.9751423
            ],
            [
              23.7260246,
              37.975138
            ],
            [
              23.7260207,
              37.9751339
            ],
            [
              23.7260163,
              37.9751303
            ],
            [
              23.7260114,
              37.975127
            ],
            [
              23.7260061,
              37.9751241
            ],
            [
              23.7260004,
              37.9751217
            ],
            [
              23.7259945,
              37.9751198
            ],
            [
              23.7259883,
              37.9751184
            ],
            [
              23.725982,
              37.9751175
            ],
            [
              23.7259756,
              37.9751171
            ],
            [
              23.7259691,
              37.9751172
            ],
            [
              23.7259627,
              37.9751179
            ],
            [
              23.7259565,
              37.9751191
            ],
            [
              23.7259504,
              37.9751208
            ],
            [
              23.7259446,
              37.975123
            ],
            [
              23.7259392,
              37.9751256
            ],
            [
              23.7259341,
              37.9751287
            ],
            [
              23.7259294,
              37.9751322
            ],
            [
              23.7259253,
              37.9751361
            ],
            [
              23.7259216,
              37.9751403
            ],
            [
              23.7259186,
              37.9751447
            ],
            [
              23.7259161,
              37.9751494
            ],
            [
              23.7259143,
              37.9751543
            ],
            [
              23.7259131,
              37.9751593
            ],
            [
              23.7259127,
              37.9751643
            ],
            [
              23.7259128,
              37.9751694
            ],
            [
              23.7259137,
              37.9751744
            ],
            [
              23.7259151,
              37.9751789
            ],
            [
              23.7258578,
              37.9751904
            ],
            [
              23.7258525,
              37.9751915
            ],
            [
              23.7258508,
              37.9751864
            ],
            [
              23.7257844,
              37.9751997
            ],
            [
              23.7257869,
              37.9752074
            ],
            [
              23.725849,
              37.9751949
            ],
            [
              23.7258564,
              37.9752176
            ],
            [
              23.7258319,
              37.9752225
            ],
            [
              23.7258375,
              37.9752398
            ],
            [
              23.725862,
              37.9752349
            ],
            [
              23.7258684,
              37.9752547
            ],
            [
              23.7258439,
              37.9752596
            ],
            [
              23.7258495,
              37.9752769
            ],
            [
              23.7258739,
              37.975272
            ],
            [
              23.7258795,
              37.9752891
            ],
            [
              23.7258551,
              37.975294
            ],
            [
              23.7258606,
              37.9753113
            ],
            [
              23.7258851,
              37.9753064
            ],
            [
              23.7258912,
              37.9753253
            ],
            [
              23.7258668,
              37.9753302
            ],
            [
              23.7258723,
              37.9753475
            ],
            [
              23.7258968,
              37.9753426
            ],
            [
              23.7259032,
              37.9753625
            ],
            [
              23.7258788,
              37.9753674
            ],
            [
              23.7258844,
              37.9753847
            ],
            [
              23.7259088,
              37.9753798
            ],
            [
              23.7259099,
              37.9753831
            ],
            [
              23.7259143,
              37.9753967
            ],
            [
              23.7258899,
              37.9754016
            ],
            [
              23.7258954,
              37.9754189
            ],
            [
              23.7259199,
              37.975414
            ],
            [
              23.7259223,
              37.9754216
            ],
            [
              23.7259262,
              37.9754337
            ],
            [
              23.7259018,
              37.9754386
            ],
            [
              23.7259074,
              37.9754559
            ],
            [
              23.7259318,
              37.975451
            ],
            [
              23.7259378,
              37.9754696
            ],
            [
              23.7258926,
              37.9754787
            ],
            [
              23.7258528,
              37.9754867
            ],
            [
              23.7258896,
              37.9756003
            ],
            [
              23.7259746,
              37.9755832
            ],
            [
              23.7259811,
              37.9756034
            ],
            [
              23.7259567,
              37.9756083
            ],
            [
              23.7259622,
              37.9756255
            ],
            [
              23.7259867,
              37.9756206
            ],
            [
              23.7259931,
              37.9756405
            ],
            [
              23.7259687,
              37.9756454
            ],
            [
              23.7259742,
              37.9756627
            ],
            [
              23.7259987,
              37.9756577
            ],
            [
              23.7260042,
              37.9756749
            ],
            [
              23.7259798,
              37.9756798
            ],
            [
              23.7259854,
              37.975697
            ],
            [
              23.7260098,
              37.9756921
            ],
            [
              23.7260159,
              37.9757111
            ],
            [
              23.7259915,
              37.975716
            ],
            [
              23.7259971,
              37.9757333
            ],
            [
              23.7260215,
              37.9757284
            ],
            [
              23.7260279,
              37.9757483
            ],
            [
              23.7260035,
              37.9757532
            ],
            [
              23.7260091,
              37.9757705
            ],
            [
              23.7260335,
              37.9757656
            ],
            [
              23.726039,
              37.9757825
            ],
            [
              23.7260146,
              37.9757874
            ],
            [
              23.7260202,
              37.9758047
            ],
            [
              23.7260446,
              37.9757998
            ],
            [
              23.726051,
              37.9758195
            ],
            [
              23.7260265,
              37.9758244
            ],
            [
              23.7260321,
              37.9758417
            ],
            [
              23.7260565,
              37.9758368
            ],
            [
              23.7260632,
              37.9758575
            ],
            [
              23.726001,
              37.9758699
            ],
            [
              23.7260035,
              37.9758776
            ],
            [
              23.7260699,
              37.9758643
            ],
            [
              23.7260683,
              37.9758592
            ],
            [
              23.726074,
              37.975858
            ],
            [
              23.7261306,
              37.9758467
            ],
            [
              23.7261317,
              37.9758502
            ],
            [
              23.7261339,
              37.975855
            ],
            [
              23.7261366,
              37.9758596
            ],
            [
              23.72614,
              37.9758639
            ],
            [
              23.7261439,
              37.9758679
            ],
            [
              23.7261484,
              37.9758716
            ],
            [
              23.7261533,
              37.9758749
            ],
            [
              23.7261586,
              37.9758777
            ],
            [
              23.7261642,
              37.9758801
            ],
            [
              23.7261702,
              37.9758821
            ],
            [
              23.7261764,
              37.9758835
            ],
            [
              23.7261827,
              37.9758844
            ],
            [
              23.7261891,
              37.9758848
            ],
            [
              23.7261955,
              37.9758846
            ],
            [
              23.7262019,
              37.975884
            ],
            [
              23.7262081,
              37.9758828
            ],
            [
              23.7262142,
              37.9758811
            ],
            [
              23.72622,
              37.9758789
            ],
            [
              23.7262255,
              37.9758762
            ],
            [
              23.7262306,
              37.9758731
            ],
            [
              23.7262352,
              37.9758696
            ],
            [
              23.7262394,
              37.9758658
            ],
            [
              23.726243,
              37.9758616
            ],
            [
              23.7262461,
              37.9758571
            ],
            [
              23.7262485,
              37.9758524
            ],
            [
              23.7262503,
              37.9758476
            ],
            [
              23.7262515,
              37.9758426
            ],
            [
              23.726252,
              37.9758375
            ],
            [
              23.7262518,
              37.9758325
            ],
            [
              23.7262509,
              37.9758274
            ],
            [
              23.7262495,
              37.9758228
            ],
            [
              23.7264512,
              37.9757822
            ],
            [
              23.7265384,
              37.9757647
            ],
            [
              23.7265541,
              37.9758133
            ],
            [
              23.726623,
              37.9757995
            ],
            [
              23.7266707,
              37.9757899
            ],
            [
              23.7266793,
              37.9757882
            ],
            [
              23.7266636,
              37.9757396
            ],
            [
              23.7268081,
              37.9757106
            ],
            [
              23.72684,
              37.9757042
            ],
            [
              23.7268842,
              37.9756953
            ],
            [
              23.7269195,
              37.9756882
            ],
            [
              23.7269381,
              37.9756845
            ],
            [
              23.7269392,
              37.9756881
            ],
            [
              23.7269413,
              37.9756929
            ],
            [
              23.7269441,
              37.9756975
            ],
            [
              23.7269475,
              37.9757018
            ],
            [
              23.7269514,
              37.9757058
            ],
            [
              23.7269559,
              37.9757095
            ],
            [
              23.7269608,
              37.9757128
            ],
            [
              23.7269661,
              37.9757156
            ],
            [
              23.7269689,
              37.9757168
            ],
            [
              23.7269717,
              37.975718
            ],
            [
              23.7269777,
              37.97572
            ],
            [
              23.7269838,
              37.9757214
            ],
            [
              23.7269902,
              37.9757223
            ],
            [
              23.7269966,
              37.9757227
            ],
            [
              23.7270007,
              37.9757226
            ],
            [
              23.727003,
              37.9757225
            ],
            [
              23.7270094,
              37.9757219
            ],
            [
              23.7270156,
              37.9757207
            ],
            [
              23.7270217,
              37.975719
            ],
            [
              23.7270275,
              37.9757168
            ],
            [
              23.727033,
              37.9757141
            ],
            [
              23.7270381,
              37.975711
            ],
            [
              23.7270427,
              37.9757075
            ],
            [
              23.7270469,
              37.9757037
            ],
            [
              23.7270505,
              37.9756995
            ],
            [
              23.7270536,
              37.975695
            ],
            [
              23.727056,
              37.9756903
            ],
            [
              23.7270578,
              37.9756855
            ],
            [
              23.727059,
              37.9756805
            ],
            [
              23.7270595,
              37.9756754
            ],
            [
              23.7270593,
              37.9756704
            ],
            [
              23.7270584,
              37.9756653
            ],
            [
              23.7270569,
              37.9756604
            ],
            [
              23.7270978,
              37.9756523
            ],
            [
              23.7271304,
              37.9756458
            ],
            [
              23.727138,
              37.9756692
            ],
            [
              23.7271485,
              37.9756671
            ],
            [
              23.7272383,
              37.9756491
            ],
            [
              23.7273166,
              37.9756333
            ],
            [
              23.7272902,
              37.9755518
            ],
            [
              23.7272384,
              37.9753915
            ],
            [
              23.7272467,
              37.9753898
            ],
            [
              23.7272585,
              37.9753875
            ],
            [
              23.7272574,
              37.975384
            ],
            [
              23.7272679,
              37.9753819
            ],
            [
              23.7272643,
              37.975371
            ],
            [
              23.7272538,
              37.9753731
            ],
            [
              23.7272451,
              37.975346
            ],
            [
              23.7272556,
              37.9753439
            ],
            [
              23.727252,
              37.975333
            ],
            [
              23.7272415,
              37.9753351
            ],
            [
              23.7272321,
              37.9753059
            ],
            [
              23.7272426,
              37.9753037
            ],
            [
              23.727239,
              37.9752928
            ],
            [
              23.7272285,
              37.9752949
            ],
            [
              23.7272188,
              37.9752647
            ],
            [
              23.7272293,
              37.9752626
            ],
            [
              23.7272257,
              37.9752516
            ],
            [
              23.7272152,
              37.9752537
            ],
            [
              23.7272052,
              37.9752226
            ],
            [
              23.7272157,
              37.9752205
            ],
            [
              23.7272121,
              37.9752095
            ],
            [
              23.7272016,
              37.9752116
            ],
            [
              23.7271925,
              37.9751834
            ],
            [
              23.727203,
              37.9751813
            ],
            [
              23.7271994,
              37.9751703
            ],
            [
              23.7271967,
              37.9751709
            ],
            [
              23.7271889,
              37.9751724
            ],
            [
              23.7271882,
              37.97517
            ],
            [
              23.7271764,
              37.9751723
            ],
            [
              23.7271681,
              37.975174
            ]
          ]
        ]
      },
      "properties": {
        "id": "athens-way-729674865",
        "siteKey": "athens",
        "siteName": "古雅典城与卫城",
        "siteEnName": "Ancient Athens and Acropolis",
        "name": "哈德良图书馆",
        "enName": "Hadrian Library",
        "role": "public",
        "period": "秦汉",
        "periodLabel": "古典希腊／希腊化／罗马／晚期古代",
        "heritageId": "whc-404",
        "tentative": false,
        "sourceUrl": "https://www.openstreetmap.org/way/729674865",
        "referenceUrl": "https://www.ascsa.edu.gr/uploads/media/hesperia/hesp.80.1.0071.pdf",
        "note": "公开遗迹矢量，关联古雅典城下遗存；不是某一期完整城界或世界遗产卫城法定边界。",
        "label": true
      }
    },
    {
      "type": "Feature",
      "geometry": {
        "type": "Polygon",
        "coordinates": [
          [
            [
              23.7188375,
              37.9777656
            ],
            [
              23.7188179,
              37.9777592
            ],
            [
              23.7187902,
              37.9777547
            ],
            [
              23.7187635,
              37.9777572
            ],
            [
              23.7180567,
              37.9778555
            ],
            [
              23.7179029,
              37.9778758
            ],
            [
              23.7178243,
              37.9778849
            ],
            [
              23.7177573,
              37.9778913
            ],
            [
              23.7176756,
              37.9778961
            ],
            [
              23.7175043,
              37.9778996
            ],
            [
              23.7172908,
              37.9778907
            ],
            [
              23.7172151,
              37.9778871
            ],
            [
              23.7171872,
              37.9778859
            ],
            [
              23.7171594,
              37.9778847
            ],
            [
              23.7171267,
              37.9778827
            ],
            [
              23.7167448,
              37.9778574
            ],
            [
              23.7166524,
              37.9778507
            ],
            [
              23.7165561,
              37.9778421
            ],
            [
              23.7164414,
              37.9778282
            ],
            [
              23.7163471,
              37.977819
            ],
            [
              23.7163427,
              37.9778473
            ],
            [
              23.7163222,
              37.9779781
            ],
            [
              23.7163181,
              37.978005
            ],
            [
              23.7163387,
              37.9780048
            ],
            [
              23.7164782,
              37.9780032
            ],
            [
              23.7164305,
              37.9781879
            ],
            [
              23.7163417,
              37.9785316
            ],
            [
              23.716195,
              37.9785272
            ],
            [
              23.7167449,
              37.9789387
            ],
            [
              23.7168134,
              37.9789843
            ],
            [
              23.7169125,
              37.9790348
            ],
            [
              23.7172811,
              37.979207
            ],
            [
              23.7175,
              37.9788961
            ],
            [
              23.7175324,
              37.9788937
            ],
            [
              23.7176066,
              37.9788997
            ],
            [
              23.717673,
              37.9789144
            ],
            [
              23.7177224,
              37.9789302
            ],
            [
              23.7177718,
              37.9789497
            ],
            [
              23.717812,
              37.9789716
            ],
            [
              23.7178506,
              37.9789996
            ],
            [
              23.7178799,
              37.9790251
            ],
            [
              23.7179031,
              37.9790568
            ],
            [
              23.7179098,
              37.9790851
            ],
            [
              23.7176973,
              37.9793869
            ],
            [
              23.7179125,
              37.9794874
            ],
            [
              23.7179417,
              37.9794471
            ],
            [
              23.7179561,
              37.9794536
            ],
            [
              23.7179968,
              37.9793976
            ],
            [
              23.7180961,
              37.9792832
            ],
            [
              23.7181298,
              37.9792976
            ],
            [
              23.7181871,
              37.9793217
            ],
            [
              23.7182828,
              37.979362
            ],
            [
              23.7183401,
              37.979386
            ],
            [
              23.7183922,
              37.9794079
            ],
            [
              23.7184193,
              37.9793712
            ],
            [
              23.7187574,
              37.9789197
            ],
            [
              23.7188068,
              37.9789419
            ],
            [
              23.7190201,
              37.9790375
            ],
            [
              23.7190366,
              37.9790449
            ],
            [
              23.7191768,
              37.9788643
            ],
            [
              23.7192769,
              37.9789129
            ],
            [
              23.7192997,
              37.9788831
            ],
            [
              23.719513,
              37.9789803
            ],
            [
              23.7195068,
              37.9789888
            ],
            [
              23.7197118,
              37.9790808
            ],
            [
              23.7197793,
              37.9789872
            ],
            [
              23.7197829,
              37.9789822
            ],
            [
              23.7199583,
              37.978737
            ],
            [
              23.7200822,
              37.9787911
            ],
            [
              23.7201601,
              37.978681
            ],
            [
              23.7201727,
              37.9786628
            ],
            [
              23.7200367,
              37.9786043
            ],
            [
              23.7198824,
              37.9785378
            ],
            [
              23.7196557,
              37.9784402
            ],
            [
              23.7196476,
              37.9784373
            ],
            [
              23.7198133,
              37.9781986
            ],
            [
              23.7196532,
              37.9781281
            ],
            [
              23.7189215,
              37.9778042
            ],
            [
              23.7188375,
              37.9777656
            ]
          ]
        ]
      },
      "properties": {
        "id": "athens-relation-2903266",
        "siteKey": "athens",
        "siteName": "古雅典城与卫城",
        "siteEnName": "Ancient Athens and Acropolis",
        "name": "克拉米科斯城门与墓区",
        "enName": "Kerameikos",
        "role": "area",
        "period": "周",
        "periodLabel": "古典希腊／希腊化／罗马／晚期古代",
        "heritageId": "whc-404",
        "tentative": false,
        "sourceUrl": "https://www.openstreetmap.org/relation/2903266",
        "referenceUrl": "https://www.ascsa.edu.gr/uploads/media/hesperia/hesp.80.1.0071.pdf",
        "note": "城门及城外墓区公开遗址范围，跨越城墙内外；不能当作古雅典全城界。",
        "label": true
      }
    },
    {
      "type": "Feature",
      "geometry": {
        "type": "Point",
        "coordinates": [
          23.7189826,
          37.9785361
        ]
      },
      "properties": {
        "id": "athens-node-6222942407",
        "siteKey": "athens",
        "siteName": "古雅典城与卫城",
        "siteEnName": "Ancient Athens and Acropolis",
        "name": "狄皮隆双门遗址",
        "enName": "Dipylon Gate",
        "role": "gate",
        "period": "周",
        "periodLabel": "古典希腊／希腊化／罗马／晚期古代",
        "heritageId": "whc-404",
        "tentative": false,
        "sourceUrl": "https://www.openstreetmap.org/node/6222942407",
        "referenceUrl": "https://www.ascsa.edu.gr/uploads/media/hesperia/hesp.80.1.0071.pdf",
        "note": "公开遗迹矢量，关联古雅典城下遗存；不是某一期完整城界或世界遗产卫城法定边界。",
        "label": true
      }
    },
    {
      "type": "Feature",
      "geometry": {
        "type": "Point",
        "coordinates": [
          23.7183545,
          37.9781759
        ]
      },
      "properties": {
        "id": "athens-node-7721233555",
        "siteKey": "athens",
        "siteName": "古雅典城与卫城",
        "siteEnName": "Ancient Athens and Acropolis",
        "name": "圣门遗址",
        "enName": "Sacred Gate",
        "role": "gate",
        "period": "周",
        "periodLabel": "古典希腊／希腊化／罗马／晚期古代",
        "heritageId": "whc-404",
        "tentative": false,
        "sourceUrl": "https://www.openstreetmap.org/node/7721233555",
        "referenceUrl": "https://www.ascsa.edu.gr/uploads/media/hesperia/hesp.80.1.0071.pdf",
        "note": "公开遗迹矢量，关联古雅典城下遗存；不是某一期完整城界或世界遗产卫城法定边界。",
        "label": true
      }
    },
    {
      "type": "Feature",
      "geometry": {
        "type": "Polygon",
        "coordinates": [
          [
            [
              23.7324677,
              37.9695643
            ],
            [
              23.7337267,
              37.9695623
            ],
            [
              23.7337237,
              37.9693118
            ],
            [
              23.7337233,
              37.9692833
            ],
            [
              23.733722,
              37.9691728
            ],
            [
              23.7332187,
              37.9691754
            ],
            [
              23.7324617,
              37.9691793
            ],
            [
              23.7324677,
              37.9695643
            ]
          ]
        ]
      },
      "properties": {
        "id": "athens-way-63765671",
        "siteKey": "athens",
        "siteName": "古雅典城与卫城",
        "siteEnName": "Ancient Athens and Acropolis",
        "name": "奥林匹亚宙斯神庙",
        "enName": "Temple of Olympian Zeus",
        "role": "temple",
        "period": "秦汉",
        "periodLabel": "古典希腊／希腊化／罗马／晚期古代",
        "heritageId": "whc-404",
        "tentative": false,
        "sourceUrl": "https://www.openstreetmap.org/way/63765671",
        "referenceUrl": "https://www.ascsa.edu.gr/uploads/media/hesperia/hesp.80.1.0071.pdf",
        "note": "公开遗迹矢量，关联古雅典城下遗存；不是某一期完整城界或世界遗产卫城法定边界。",
        "label": true
      }
    },
    {
      "type": "Feature",
      "geometry": {
        "type": "Polygon",
        "coordinates": [
          [
            [
              23.7319548,
              37.9701369
            ],
            [
              23.7319819,
              37.9701236
            ],
            [
              23.7320712,
              37.9702369
            ],
            [
              23.7320442,
              37.9702501
            ],
            [
              23.7319548,
              37.9701369
            ]
          ]
        ]
      },
      "properties": {
        "id": "athens-way-175107932",
        "siteKey": "athens",
        "siteName": "古雅典城与卫城",
        "siteEnName": "Ancient Athens and Acropolis",
        "name": "哈德良拱门",
        "enName": "Arch of Hadrian",
        "role": "gate",
        "period": "秦汉",
        "periodLabel": "古典希腊／希腊化／罗马／晚期古代",
        "heritageId": "whc-404",
        "tentative": false,
        "sourceUrl": "https://www.openstreetmap.org/way/175107932",
        "referenceUrl": "https://www.ascsa.edu.gr/uploads/media/hesperia/hesp.80.1.0071.pdf",
        "note": "公开遗迹矢量，关联古雅典城下遗存；不是某一期完整城界或世界遗产卫城法定边界。",
        "label": true
      }
    },
    {
      "type": "Feature",
      "geometry": {
        "type": "Polygon",
        "coordinates": [
          [
            [
              23.7429947,
              37.9745001
            ],
            [
              23.7428339,
              37.9734835
            ],
            [
              23.7437812,
              37.9737001
            ],
            [
              23.7438748,
              37.974043
            ],
            [
              23.7439661,
              37.9740756
            ],
            [
              23.7438905,
              37.9745319
            ],
            [
              23.7437656,
              37.9745711
            ],
            [
              23.7434023,
              37.9744769
            ],
            [
              23.7429947,
              37.9745001
            ]
          ]
        ]
      },
      "properties": {
        "id": "athens-way-82150737",
        "siteKey": "athens",
        "siteName": "古雅典城与卫城",
        "siteEnName": "Ancient Athens and Acropolis",
        "name": "吕克昂遗址",
        "enName": "Aristotle’s Lyceum",
        "role": "area",
        "period": "周",
        "periodLabel": "古典希腊／希腊化／罗马／晚期古代",
        "heritageId": "whc-404",
        "tentative": false,
        "sourceUrl": "https://www.openstreetmap.org/way/82150737",
        "referenceUrl": "https://www.ascsa.edu.gr/uploads/media/hesperia/hesp.80.1.0071.pdf",
        "note": "公开遗迹矢量，关联古雅典城下遗存；不是某一期完整城界或世界遗产卫城法定边界。",
        "label": true
      }
    },
    {
      "type": "Feature",
      "geometry": {
        "type": "Polygon",
        "coordinates": [
          [
            [
              23.7213587,
              37.9674599
            ],
            [
              23.7214894,
              37.9673784
            ],
            [
              23.7213778,
              37.967267
            ],
            [
              23.721247,
              37.9673486
            ],
            [
              23.7213587,
              37.9674599
            ]
          ]
        ]
      },
      "properties": {
        "id": "athens-way-442128059",
        "siteKey": "athens",
        "siteName": "古雅典城与卫城",
        "siteEnName": "Ancient Athens and Acropolis",
        "name": "菲洛帕波斯纪念碑",
        "enName": "Philopappos Monument",
        "role": "public",
        "period": "秦汉",
        "periodLabel": "古典希腊／希腊化／罗马／晚期古代",
        "heritageId": "whc-404",
        "tentative": false,
        "sourceUrl": "https://www.openstreetmap.org/way/442128059",
        "referenceUrl": "https://www.ascsa.edu.gr/uploads/media/hesperia/hesp.80.1.0071.pdf",
        "note": "公开遗迹矢量，关联古雅典城下遗存；不是某一期完整城界或世界遗产卫城法定边界。",
        "label": true
      }
    },
    {
      "type": "Feature",
      "geometry": {
        "type": "Polygon",
        "coordinates": [
          [
            [
              34.6211736,
              40.016479
            ],
            [
              34.6210616,
              40.0159081
            ],
            [
              34.6209669,
              40.0155387
            ],
            [
              34.6209052,
              40.0154175
            ],
            [
              34.6207351,
              40.0152254
            ],
            [
              34.6202775,
              40.0149555
            ],
            [
              34.6195015,
              40.0148936
            ],
            [
              34.6187018,
              40.0149295
            ],
            [
              34.6181506,
              40.0150847
            ],
            [
              34.6181738,
              40.0152436
            ],
            [
              34.6182391,
              40.0153395
            ],
            [
              34.6183421,
              40.0155719
            ],
            [
              34.6184442,
              40.0158968
            ],
            [
              34.6185717,
              40.016194
            ],
            [
              34.6187884,
              40.0163455
            ],
            [
              34.6191484,
              40.0165946
            ],
            [
              34.6195292,
              40.0167938
            ],
            [
              34.6199021,
              40.0170034
            ],
            [
              34.6201381,
              40.0170876
            ],
            [
              34.6203437,
              40.0170945
            ],
            [
              34.6206171,
              40.0170231
            ],
            [
              34.6209156,
              40.0166833
            ],
            [
              34.6211736,
              40.016479
            ]
          ]
        ]
      },
      "properties": {
        "id": "hattusa-way-114570703",
        "siteKey": "hattusa",
        "siteName": "哈图莎（赫梯首都）",
        "siteEnName": "Hattusha (Hittite capital)",
        "name": "布于克卡莱王宫区（公开标绘）",
        "enName": "Büyükkale palace area",
        "originalName": "Büyük Kale",
        "role": "area",
        "period": "夏商",
        "periodLabel": "赫梯时期／青铜时代",
        "heritageId": "whc-377",
        "tentative": false,
        "sourceUrl": "https://www.openstreetmap.org/way/114570703",
        "referenceUrl": "https://www.dainst.org/en/research/projects/noslug/2280",
        "note": "公开王宫区片区轮廓，不能据此填补各宫殿房间。此处为布于克卡莱王宫区，不是整座哈图莎城界。",
        "label": true,
        "boundaryLabel": true,
        "labelCoordinates": [
          34.619664877272726,
          40.01596834545455
        ]
      }
    },
    {
      "type": "Feature",
      "geometry": {
        "type": "Polygon",
        "coordinates": [
          [
            [
              34.6228267,
              40.0236698
            ],
            [
              34.6226296,
              40.0231975
            ],
            [
              34.6217901,
              40.0224627
            ],
            [
              34.6215502,
              40.0219707
            ],
            [
              34.6214988,
              40.0212425
            ],
            [
              34.6212761,
              40.0204225
            ],
            [
              34.6206764,
              40.0200485
            ],
            [
              34.620171,
              40.0200485
            ],
            [
              34.61952,
              40.0206258
            ],
            [
              34.6193401,
              40.0211703
            ],
            [
              34.6191516,
              40.0214131
            ],
            [
              34.6189032,
              40.0215968
            ],
            [
              34.6184663,
              40.0216427
            ],
            [
              34.6178066,
              40.0219641
            ],
            [
              34.6177895,
              40.022771
            ],
            [
              34.6177381,
              40.0230663
            ],
            [
              34.6179266,
              40.0233877
            ],
            [
              34.6183549,
              40.0236763
            ],
            [
              34.6188518,
              40.0237288
            ],
            [
              34.6199997,
              40.0241487
            ],
            [
              34.6204109,
              40.0244832
            ],
            [
              34.6221585,
              40.0244636
            ],
            [
              34.6226468,
              40.0243061
            ],
            [
              34.6228866,
              40.0239781
            ],
            [
              34.6228267,
              40.0236698
            ]
          ]
        ]
      },
      "properties": {
        "id": "hattusa-way-114570769",
        "siteKey": "hattusa",
        "siteName": "哈图莎（赫梯首都）",
        "siteEnName": "Hattusha (Hittite capital)",
        "name": "布于克卡亚山城片区（公开标绘）",
        "enName": "Büyükkaya settlement area",
        "originalName": "Büyükkaya",
        "role": "area",
        "period": "夏商",
        "periodLabel": "赫梯时期／青铜时代",
        "heritageId": "whc-377",
        "tentative": false,
        "sourceUrl": "https://www.openstreetmap.org/way/114570769",
        "referenceUrl": "https://www.dainst.org/en/research/projects/noslug/2280",
        "note": "公开遗迹矢量，包含部分修复与展示形态，不等于考古实测台基或法定保护范围。",
        "label": true,
        "boundaryLabel": true,
        "labelCoordinates": [
          34.6201820875,
          40.02247855416666
        ]
      }
    },
    {
      "type": "Feature",
      "geometry": {
        "type": "Polygon",
        "coordinates": [
          [
            [
              34.6154652,
              40.0196476
            ],
            [
              34.6159094,
              40.0200836
            ],
            [
              34.6158513,
              40.0201183
            ],
            [
              34.6158738,
              40.0201404
            ],
            [
              34.6157881,
              40.0201916
            ],
            [
              34.615704,
              40.0202419
            ],
            [
              34.6156223,
              40.0202907
            ],
            [
              34.6155278,
              40.0201979
            ],
            [
              34.6155457,
              40.0201873
            ],
            [
              34.6155069,
              40.0201492
            ],
            [
              34.6154711,
              40.0201706
            ],
            [
              34.6153995,
              40.0202133
            ],
            [
              34.6150661,
              40.019886
            ],
            [
              34.6152226,
              40.0197925
            ],
            [
              34.6152522,
              40.0197748
            ],
            [
              34.6153059,
              40.0197428
            ],
            [
              34.6153675,
              40.0197059
            ],
            [
              34.6154652,
              40.0196476
            ]
          ]
        ]
      },
      "properties": {
        "id": "hattusa-way-1210999807",
        "siteKey": "hattusa",
        "siteName": "哈图莎（赫梯首都）",
        "siteEnName": "Hattusha (Hittite capital)",
        "name": "大神庙（第一神庙）",
        "enName": "Great Temple (Temple I)",
        "originalName": "Temple I",
        "role": "temple",
        "period": "夏商",
        "periodLabel": "赫梯时期／青铜时代",
        "heritageId": "whc-377",
        "tentative": false,
        "sourceUrl": "https://www.openstreetmap.org/way/1210999807",
        "referenceUrl": "https://www.dainst.org/en/research/projects/noslug/2280",
        "note": "公开遗迹矢量，包含部分修复与展示形态，不等于考古实测台基或法定保护范围。",
        "label": true
      }
    },
    {
      "type": "Feature",
      "geometry": {
        "type": "Polygon",
        "coordinates": [
          [
            [
              34.6156148,
              40.019389
            ],
            [
              34.6155443,
              40.0193045
            ],
            [
              34.6156366,
              40.0192624
            ],
            [
              34.6157163,
              40.0193472
            ],
            [
              34.6156148,
              40.019389
            ]
          ]
        ]
      },
      "properties": {
        "id": "hattusa-way-1418922497",
        "siteKey": "hattusa",
        "siteName": "哈图莎（赫梯首都）",
        "siteEnName": "Hattusha (Hittite capital)",
        "name": "大神庙区入口",
        "enName": "Entrance to Great Temple complex",
        "originalName": "Main entrance",
        "role": "gate",
        "period": "夏商",
        "periodLabel": "赫梯时期／青铜时代",
        "heritageId": "whc-377",
        "tentative": false,
        "sourceUrl": "https://www.openstreetmap.org/way/1418922497",
        "referenceUrl": "https://www.dainst.org/en/research/projects/noslug/2280",
        "note": "公开遗迹矢量，包含部分修复与展示形态，不等于考古实测台基或法定保护范围。",
        "label": true
      }
    },
    {
      "type": "Feature",
      "geometry": {
        "type": "Polygon",
        "coordinates": [
          [
            [
              34.6157105,
              40.0189334
            ],
            [
              34.6157177,
              40.0188993
            ],
            [
              34.6157356,
              40.0189015
            ],
            [
              34.6157284,
              40.0189356
            ],
            [
              34.6157105,
              40.0189334
            ]
          ]
        ]
      },
      "properties": {
        "id": "hattusa-way-1418922499",
        "siteKey": "hattusa",
        "siteName": "哈图莎（赫梯首都）",
        "siteEnName": "Hattusha (Hittite capital)",
        "name": "大神庙 · 狮形石盆",
        "enName": "Great Temple · Lion basin",
        "originalName": "Lion basin",
        "role": "public",
        "period": "夏商",
        "periodLabel": "赫梯时期／青铜时代",
        "heritageId": "whc-377",
        "tentative": false,
        "sourceUrl": "https://www.openstreetmap.org/way/1418922499",
        "referenceUrl": "https://www.dainst.org/en/research/projects/noslug/2280",
        "note": "公开遗迹矢量，包含部分修复与展示形态，不等于考古实测台基或法定保护范围。",
        "label": true
      }
    },
    {
      "type": "Feature",
      "geometry": {
        "type": "Polygon",
        "coordinates": [
          [
            [
              34.6156095,
              40.0201492
            ],
            [
              34.6155457,
              40.0201873
            ],
            [
              34.6155069,
              40.0201492
            ],
            [
              34.6152926,
              40.0199388
            ],
            [
              34.6152685,
              40.0199152
            ],
            [
              34.615292,
              40.0199011
            ],
            [
              34.6153177,
              40.0198858
            ],
            [
              34.6153473,
              40.0198681
            ],
            [
              34.6154009,
              40.0198361
            ],
            [
              34.6154626,
              40.0197992
            ],
            [
              34.6156126,
              40.0199465
            ],
            [
              34.6155653,
              40.0199747
            ],
            [
              34.615599,
              40.0200078
            ],
            [
              34.6156463,
              40.0199795
            ],
            [
              34.6157398,
              40.0200713
            ],
            [
              34.6156937,
              40.0200989
            ],
            [
              34.6156095,
              40.0201492
            ]
          ]
        ]
      },
      "properties": {
        "id": "hattusa-way-1418938369",
        "siteKey": "hattusa",
        "siteName": "哈图莎（赫梯首都）",
        "siteEnName": "Hattusha (Hittite capital)",
        "name": "大神庙 · 内庭院",
        "enName": "Great Temple · Inner Court",
        "originalName": "Inner Court",
        "role": "public",
        "period": "夏商",
        "periodLabel": "赫梯时期／青铜时代",
        "heritageId": "whc-377",
        "tentative": false,
        "sourceUrl": "https://www.openstreetmap.org/way/1418938369",
        "referenceUrl": "https://www.dainst.org/en/research/projects/noslug/2280",
        "note": "公开遗迹矢量，包含部分修复与展示形态，不等于考古实测台基或法定保护范围。",
        "label": true
      }
    },
    {
      "type": "Feature",
      "geometry": {
        "type": "Polygon",
        "coordinates": [
          [
            [
              34.6156095,
              40.0201492
            ],
            [
              34.6155457,
              40.0201873
            ],
            [
              34.6155278,
              40.0201979
            ],
            [
              34.6156223,
              40.0202907
            ],
            [
              34.615704,
              40.0202419
            ],
            [
              34.6156095,
              40.0201492
            ]
          ]
        ]
      },
      "properties": {
        "id": "hattusa-way-1418938370",
        "siteKey": "hattusa",
        "siteName": "哈图莎（赫梯首都）",
        "siteEnName": "Hattusha (Hittite capital)",
        "name": "大神庙 · 祭祀室遗迹",
        "enName": "Great Temple · Cult chamber",
        "originalName": "",
        "role": "temple",
        "period": "夏商",
        "periodLabel": "赫梯时期／青铜时代",
        "heritageId": "whc-377",
        "tentative": false,
        "sourceUrl": "https://www.openstreetmap.org/way/1418938370",
        "referenceUrl": "https://www.dainst.org/en/research/projects/noslug/2280",
        "note": "公开遗迹矢量，包含部分修复与展示形态，不等于考古实测台基或法定保护范围。",
        "label": true
      }
    },
    {
      "type": "Feature",
      "geometry": {
        "type": "Polygon",
        "coordinates": [
          [
            [
              34.6157881,
              40.0201916
            ],
            [
              34.6156937,
              40.0200989
            ],
            [
              34.6157398,
              40.0200713
            ],
            [
              34.6157794,
              40.0200477
            ],
            [
              34.6158513,
              40.0201183
            ],
            [
              34.6158738,
              40.0201404
            ],
            [
              34.6157881,
              40.0201916
            ]
          ]
        ]
      },
      "properties": {
        "id": "hattusa-way-1418938371",
        "siteKey": "hattusa",
        "siteName": "哈图莎（赫梯首都）",
        "siteEnName": "Hattusha (Hittite capital)",
        "name": "大神庙 · 祭祀室遗迹",
        "enName": "Great Temple · Cult chamber",
        "originalName": "",
        "role": "temple",
        "period": "夏商",
        "periodLabel": "赫梯时期／青铜时代",
        "heritageId": "whc-377",
        "tentative": false,
        "sourceUrl": "https://www.openstreetmap.org/way/1418938371",
        "referenceUrl": "https://www.dainst.org/en/research/projects/noslug/2280",
        "note": "公开遗迹矢量，包含部分修复与展示形态，不等于考古实测台基或法定保护范围。",
        "label": true
      }
    },
    {
      "type": "Feature",
      "geometry": {
        "type": "Polygon",
        "coordinates": [
          [
            [
              34.6152522,
              40.0197748
            ],
            [
              34.6153473,
              40.0198681
            ],
            [
              34.6154009,
              40.0198361
            ],
            [
              34.6153059,
              40.0197428
            ],
            [
              34.6152522,
              40.0197748
            ]
          ]
        ]
      },
      "properties": {
        "id": "hattusa-way-1418938372",
        "siteKey": "hattusa",
        "siteName": "哈图莎（赫梯首都）",
        "siteEnName": "Hattusha (Hittite capital)",
        "name": "大神庙 · 神庙门",
        "enName": "Great Temple · Temple gate",
        "originalName": "Temple gate",
        "role": "gate",
        "period": "夏商",
        "periodLabel": "赫梯时期／青铜时代",
        "heritageId": "whc-377",
        "tentative": false,
        "sourceUrl": "https://www.openstreetmap.org/way/1418938372",
        "referenceUrl": "https://www.dainst.org/en/research/projects/noslug/2280",
        "note": "公开遗迹矢量，包含部分修复与展示形态，不等于考古实测台基或法定保护范围。",
        "label": true
      }
    },
    {
      "type": "Feature",
      "geometry": {
        "type": "MultiPolygon",
        "coordinates": [
          [
            [
              [
                34.6100402,
                40.0100559
              ],
              [
                34.6100026,
                40.010149
              ],
              [
                34.6100489,
                40.0101595
              ],
              [
                34.610097,
                40.0101704
              ],
              [
                34.6101711,
                40.0101873
              ],
              [
                34.6102028,
                40.0100944
              ],
              [
                34.6100858,
                40.0100667
              ],
              [
                34.6100402,
                40.0100559
              ]
            ]
          ],
          [
            [
              [
                34.610059,
                40.0100052
              ],
              [
                34.6101062,
                40.0100151
              ],
              [
                34.6102214,
                40.0100394
              ],
              [
                34.6102548,
                40.0099559
              ],
              [
                34.6100933,
                40.0099223
              ],
              [
                34.610059,
                40.0100052
              ]
            ]
          ]
        ]
      },
      "properties": {
        "id": "hattusa-relation-16174053",
        "siteKey": "hattusa",
        "siteName": "哈图莎（赫梯首都）",
        "siteEnName": "Hattusha (Hittite capital)",
        "name": "哈图莎狮门",
        "enName": "Lion Gate",
        "originalName": "Aslanlı Kapı",
        "role": "gate",
        "period": "夏商",
        "periodLabel": "赫梯时期／青铜时代",
        "heritageId": "whc-377",
        "tentative": false,
        "sourceUrl": "https://www.openstreetmap.org/relation/16174053",
        "referenceUrl": "https://www.dainst.org/en/research/projects/noslug/2280",
        "note": "公开遗迹矢量，包含部分修复与展示形态，不等于考古实测台基或法定保护范围。",
        "label": true
      }
    },
    {
      "type": "Feature",
      "geometry": {
        "type": "MultiPolygon",
        "coordinates": [
          [
            [
              [
                34.6226444,
                40.0092223
              ],
              [
                34.6226271,
                40.0091877
              ],
              [
                34.6226082,
                40.0091499
              ],
              [
                34.6226752,
                40.0091302
              ],
              [
                34.6227282,
                40.0091146
              ],
              [
                34.6227826,
                40.0090986
              ],
              [
                34.6228005,
                40.0091372
              ],
              [
                34.622817,
                40.0091728
              ],
              [
                34.6227628,
                40.0091882
              ],
              [
                34.622748,
                40.0091926
              ],
              [
                34.6227115,
                40.0092031
              ],
              [
                34.6226444,
                40.0092223
              ]
            ]
          ],
          [
            [
              [
                34.6228696,
                40.0093176
              ],
              [
                34.6228519,
                40.0092803
              ],
              [
                34.6228323,
                40.0092388
              ],
              [
                34.6227294,
                40.0092684
              ],
              [
                34.6227263,
                40.0092606
              ],
              [
                34.6226717,
                40.0092773
              ],
              [
                34.6227077,
                40.0093667
              ],
              [
                34.6227524,
                40.0093531
              ],
              [
                34.6228696,
                40.0093176
              ]
            ]
          ]
        ]
      },
      "properties": {
        "id": "hattusa-relation-16174056",
        "siteKey": "hattusa",
        "siteName": "哈图莎（赫梯首都）",
        "siteEnName": "Hattusha (Hittite capital)",
        "name": "哈图莎王门",
        "enName": "King Gate",
        "originalName": "Kral Kapısı",
        "role": "gate",
        "period": "夏商",
        "periodLabel": "赫梯时期／青铜时代",
        "heritageId": "whc-377",
        "tentative": false,
        "sourceUrl": "https://www.openstreetmap.org/relation/16174056",
        "referenceUrl": "https://www.dainst.org/en/research/projects/noslug/2280",
        "note": "公开遗迹矢量，包含部分修复与展示形态，不等于考古实测台基或法定保护范围。",
        "label": true
      }
    },
    {
      "type": "Feature",
      "geometry": {
        "type": "MultiPolygon",
        "coordinates": [
          [
            [
              [
                34.6122045,
                40.0179638
              ],
              [
                34.6121481,
                40.0179216
              ],
              [
                34.6120346,
                40.0180108
              ],
              [
                34.612091,
                40.0180529
              ],
              [
                34.6122045,
                40.0179638
              ]
            ]
          ],
          [
            [
              [
                34.6121322,
                40.0180837
              ],
              [
                34.6121886,
                40.0181258
              ],
              [
                34.6123021,
                40.0180366
              ],
              [
                34.6122457,
                40.0179945
              ],
              [
                34.6121463,
                40.0180726
              ],
              [
                34.6121322,
                40.0180837
              ]
            ]
          ]
        ]
      },
      "properties": {
        "id": "hattusa-relation-16174054",
        "siteKey": "hattusa",
        "siteName": "哈图莎（赫梯首都）",
        "siteEnName": "Hattusha (Hittite capital)",
        "name": "下城西门",
        "enName": "Lower Western Gate",
        "originalName": "Lower Western Gate",
        "role": "gate",
        "period": "夏商",
        "periodLabel": "赫梯时期／青铜时代",
        "heritageId": "whc-377",
        "tentative": false,
        "sourceUrl": "https://www.openstreetmap.org/relation/16174054",
        "referenceUrl": "https://www.dainst.org/en/research/projects/noslug/2280",
        "note": "公开遗迹矢量，包含部分修复与展示形态，不等于考古实测台基或法定保护范围。",
        "label": true
      }
    },
    {
      "type": "Feature",
      "geometry": {
        "type": "Polygon",
        "coordinates": [
          [
            [
              34.6167837,
              40.0062224
            ],
            [
              34.6167446,
              40.006221
            ],
            [
              34.6167143,
              40.0062199
            ],
            [
              34.6166769,
              40.0062185
            ],
            [
              34.6166793,
              40.0061737
            ],
            [
              34.6166813,
              40.0061346
            ],
            [
              34.616718,
              40.0061373
            ],
            [
              34.6167546,
              40.0061401
            ],
            [
              34.6167913,
              40.0061428
            ],
            [
              34.6167878,
              40.0061799
            ],
            [
              34.6167837,
              40.0062224
            ]
          ]
        ]
      },
      "properties": {
        "id": "hattusa-relation-16174055",
        "siteKey": "hattusa",
        "siteName": "哈图莎（赫梯首都）",
        "siteEnName": "Hattusha (Hittite capital)",
        "name": "狮身人面像门",
        "enName": "Sphinx Gate",
        "originalName": "Sfenksli Kapı",
        "role": "gate",
        "period": "夏商",
        "periodLabel": "赫梯时期／青铜时代",
        "heritageId": "whc-377",
        "tentative": false,
        "sourceUrl": "https://www.openstreetmap.org/relation/16174055",
        "referenceUrl": "https://www.dainst.org/en/research/projects/noslug/2280",
        "note": "公开遗迹矢量，包含部分修复与展示形态，不等于考古实测台基或法定保护范围。",
        "label": true
      }
    },
    {
      "type": "Feature",
      "geometry": {
        "type": "Polygon",
        "coordinates": [
          [
            [
              34.6156689,
              40.0060974
            ],
            [
              34.6153866,
              40.0060974
            ],
            [
              34.615227,
              40.0058349
            ],
            [
              34.6161604,
              40.0058092
            ],
            [
              34.6166355,
              40.0058245
            ],
            [
              34.6167305,
              40.0058262
            ],
            [
              34.6167325,
              40.0058822
            ],
            [
              34.6179105,
              40.0059161
            ],
            [
              34.6178931,
              40.006083
            ],
            [
              34.6177031,
              40.0061328
            ],
            [
              34.6176939,
              40.0061015
            ],
            [
              34.6169396,
              40.0060573
            ],
            [
              34.6165084,
              40.0060496
            ],
            [
              34.6156655,
              40.0060558
            ],
            [
              34.6156689,
              40.0060974
            ]
          ]
        ]
      },
      "properties": {
        "id": "hattusa-way-1418962955",
        "siteKey": "hattusa",
        "siteName": "哈图莎（赫梯首都）",
        "siteEnName": "Hattusha (Hittite capital)",
        "name": "耶尔卡珀防御土台",
        "enName": "Yerkapi defensive rampart",
        "originalName": "Yerkapı",
        "role": "wall",
        "period": "夏商",
        "periodLabel": "赫梯时期／青铜时代",
        "heritageId": "whc-377",
        "tentative": false,
        "sourceUrl": "https://www.openstreetmap.org/way/1418962955",
        "referenceUrl": "https://www.dainst.org/en/research/projects/noslug/2280",
        "note": "公开遗迹矢量，包含部分修复与展示形态，不等于考古实测台基或法定保护范围。",
        "label": true
      }
    },
    {
      "type": "Feature",
      "geometry": {
        "type": "LineString",
        "coordinates": [
          [
            34.616683,
            40.0058253
          ],
          [
            34.6167182,
            40.0064493
          ]
        ]
      },
      "properties": {
        "id": "hattusa-way-369086256",
        "siteKey": "hattusa",
        "siteName": "哈图莎（赫梯首都）",
        "siteEnName": "Hattusha (Hittite capital)",
        "name": "耶尔卡珀地下通道",
        "enName": "Yerkapi postern tunnel",
        "originalName": "",
        "role": "street",
        "period": "夏商",
        "periodLabel": "赫梯时期／青铜时代",
        "heritageId": "whc-377",
        "tentative": false,
        "sourceUrl": "https://www.openstreetmap.org/way/369086256",
        "referenceUrl": "https://www.dainst.org/en/research/projects/noslug/2280",
        "note": "公开遗迹矢量，包含部分修复与展示形态，不等于考古实测台基或法定保护范围。",
        "label": true
      }
    },
    {
      "type": "Feature",
      "geometry": {
        "type": "Point",
        "coordinates": [
          34.6166153,
          40.0188015
        ]
      },
      "properties": {
        "id": "hattusa-node-9392977330",
        "siteKey": "hattusa",
        "siteName": "哈图莎（赫梯首都）",
        "siteEnName": "Hattusha (Hittite capital)",
        "name": "坡上住宅遗址",
        "enName": "House on the Slope",
        "originalName": "The House on the Slope",
        "role": "house",
        "period": "夏商",
        "periodLabel": "赫梯时期／青铜时代",
        "heritageId": "whc-377",
        "tentative": false,
        "sourceUrl": "https://www.openstreetmap.org/node/9392977330",
        "referenceUrl": "https://www.dainst.org/en/research/projects/noslug/2280",
        "note": "公开遗迹矢量，包含部分修复与展示形态，不等于考古实测台基或法定保护范围。",
        "label": true
      }
    },
    {
      "type": "Feature",
      "geometry": {
        "type": "Point",
        "coordinates": [
          34.6153949,
          40.0193265
        ]
      },
      "properties": {
        "id": "hattusa-node-9392977331",
        "siteKey": "hattusa",
        "siteName": "哈图莎（赫梯首都）",
        "siteEnName": "Hattusha (Hittite capital)",
        "name": "大神庙 · 绿石",
        "enName": "Great Temple · Green Stone",
        "originalName": "Green stone",
        "role": "public",
        "period": "夏商",
        "periodLabel": "赫梯时期／青铜时代",
        "heritageId": "whc-377",
        "tentative": false,
        "sourceUrl": "https://www.openstreetmap.org/node/9392977331",
        "referenceUrl": "https://www.dainst.org/en/research/projects/noslug/2280",
        "note": "现存绿石地点；用途和意义有不同解释，不据此认定特定祭祀功能。",
        "label": true
      }
    },
    {
      "type": "Feature",
      "geometry": {
        "type": "Point",
        "coordinates": [
          34.6174097,
          40.013332
        ]
      },
      "properties": {
        "id": "hattusa-node-11132377170",
        "siteKey": "hattusa",
        "siteName": "哈图莎（赫梯首都）",
        "siteEnName": "Hattusha (Hittite capital)",
        "name": "尼尚塔什岩刻铭文",
        "enName": "Nişantaş inscription",
        "originalName": "Nişantaş",
        "role": "public",
        "period": "夏商",
        "periodLabel": "赫梯时期／青铜时代",
        "heritageId": "whc-377",
        "tentative": false,
        "sourceUrl": "https://www.openstreetmap.org/node/11132377170",
        "referenceUrl": "https://www.dainst.org/en/research/projects/noslug/2280",
        "note": "公开遗迹矢量，包含部分修复与展示形态，不等于考古实测台基或法定保护范围。",
        "label": true
      }
    },
    {
      "type": "Feature",
      "geometry": {
        "type": "Point",
        "coordinates": [
          34.6327074,
          40.0254251
        ]
      },
      "properties": {
        "id": "hattusa-node-610607807",
        "siteKey": "hattusa",
        "siteName": "哈图莎（赫梯首都）",
        "siteEnName": "Hattusha (Hittite capital)",
        "name": "亚兹勒卡亚岩刻圣所",
        "enName": "Yazılıkaya rock sanctuary",
        "originalName": "Yazılıkaya",
        "role": "temple",
        "period": "夏商",
        "periodLabel": "赫梯时期／青铜时代",
        "heritageId": "whc-377",
        "tentative": false,
        "sourceUrl": "https://www.openstreetmap.org/node/610607807",
        "referenceUrl": "https://www.dainst.org/en/research/projects/noslug/2280",
        "note": "位于城外的岩刻圣所，单独保留地点；不能把它并入城内大神庙或城区范围。",
        "label": true
      }
    },
    {
      "type": "Feature",
      "geometry": {
        "type": "Point",
        "coordinates": [
          34.6266617,
          40.0250079
        ]
      },
      "properties": {
        "id": "hattusa-node-7945418689",
        "siteKey": "hattusa",
        "siteName": "哈图莎（赫梯首都）",
        "siteEnName": "Hattusha (Hittite capital)",
        "name": "奥斯曼卡亚岩墓区（参照）",
        "enName": "Osmankayasi rock necropolis (reference)",
        "originalName": "Osmankayasi (rock necropolis)",
        "role": "tomb",
        "period": "夏商",
        "periodLabel": "赫梯时期／青铜时代",
        "heritageId": "whc-377",
        "tentative": false,
        "sourceUrl": "https://www.openstreetmap.org/node/7945418689",
        "referenceUrl": "https://www.dainst.org/en/research/projects/noslug/2280",
        "note": "公开遗迹矢量，包含部分修复与展示形态，不等于考古实测台基或法定保护范围。",
        "label": true
      }
    },
    {
      "type": "Feature",
      "geometry": {
        "type": "Point",
        "coordinates": [
          34.6328817,
          40.0252404
        ]
      },
      "properties": {
        "id": "hattusa-node-13039815850",
        "siteKey": "hattusa",
        "siteName": "哈图莎（赫梯首都）",
        "siteEnName": "Hattusha (Hittite capital)",
        "name": "亚兹勒卡亚 · B室岩刻参照点",
        "enName": "Yazılıkaya · Chamber B relief reference",
        "originalName": "",
        "role": "public",
        "period": "夏商",
        "periodLabel": "赫梯时期／青铜时代",
        "heritageId": "whc-377",
        "tentative": false,
        "sourceUrl": "https://www.openstreetmap.org/node/13039815850",
        "referenceUrl": "https://www.dainst.org/en/research/projects/noslug/2280",
        "note": "公开节点的照片索引与A室／B室相关，仅作岩刻地点参照，不代表浮雕或室内轮廓实测范围。",
        "label": true
      }
    },
    {
      "type": "Feature",
      "geometry": {
        "type": "Point",
        "coordinates": [
          34.632678,
          40.025496
        ]
      },
      "properties": {
        "id": "hattusa-node-13039815855",
        "siteKey": "hattusa",
        "siteName": "哈图莎（赫梯首都）",
        "siteEnName": "Hattusha (Hittite capital)",
        "name": "亚兹勒卡亚 · A室岩刻参照点",
        "enName": "Yazılıkaya · Chamber A relief reference",
        "originalName": "",
        "role": "public",
        "period": "夏商",
        "periodLabel": "赫梯时期／青铜时代",
        "heritageId": "whc-377",
        "tentative": false,
        "sourceUrl": "https://www.openstreetmap.org/node/13039815855",
        "referenceUrl": "https://www.dainst.org/en/research/projects/noslug/2280",
        "note": "公开节点的照片索引与A室／B室相关，仅作岩刻地点参照，不代表浮雕或室内轮廓实测范围。",
        "label": true
      }
    },
    {
      "type": "Feature",
      "geometry": {
        "type": "LineString",
        "coordinates": [
          [
            34.6154617,
            40.0061277
          ],
          [
            34.6157206,
            40.0061298
          ],
          [
            34.6157131,
            40.0060935
          ],
          [
            34.6158118,
            40.0060804
          ],
          [
            34.6158198,
            40.0061092
          ],
          [
            34.6160235,
            40.0060948
          ],
          [
            34.6160215,
            40.0060688
          ],
          [
            34.6160977,
            40.0060643
          ],
          [
            34.6160986,
            40.0060907
          ],
          [
            34.6164312,
            40.0060866
          ],
          [
            34.6164307,
            40.0060624
          ],
          [
            34.6165063,
            40.006062
          ],
          [
            34.6165063,
            40.0060866
          ],
          [
            34.6169328,
            40.006101
          ],
          [
            34.6169382,
            40.0060702
          ],
          [
            34.6170347,
            40.0060784
          ],
          [
            34.6170294,
            40.0061092
          ],
          [
            34.617311,
            40.006138
          ],
          [
            34.6173164,
            40.0061154
          ],
          [
            34.6173916,
            40.0061225
          ],
          [
            34.6173888,
            40.0061462
          ],
          [
            34.617515,
            40.0061622
          ]
        ]
      },
      "properties": {
        "id": "hattusa-way-369087238",
        "siteKey": "hattusa",
        "siteName": "哈图莎（赫梯首都）",
        "siteEnName": "Hattusha (Hittite capital)",
        "name": "哈图莎 · 城墙与塔楼遗迹",
        "enName": "City wall and tower remains",
        "originalName": "",
        "role": "wall",
        "period": "夏商",
        "periodLabel": "赫梯时期／青铜时代",
        "heritageId": "whc-377",
        "tentative": false,
        "sourceUrl": "https://www.openstreetmap.org/way/369087238",
        "referenceUrl": "https://www.dainst.org/en/research/projects/noslug/2280",
        "note": "保留公开城墙、塔楼及分区墙体矢量。开放线保持开放；已修复段可能包含现代重建，统一按赫梯遗存时期分组，不冒充完整原始城墙实测。",
        "label": false
      }
    },
    {
      "type": "Feature",
      "geometry": {
        "type": "Polygon",
        "coordinates": [
          [
            [
              34.6131711,
              40.0202088
            ],
            [
              34.613082,
              40.0202211
            ],
            [
              34.6131061,
              40.0202949
            ],
            [
              34.6130784,
              40.0203001
            ],
            [
              34.6131086,
              40.0203891
            ],
            [
              34.613132,
              40.0203849
            ],
            [
              34.6131398,
              40.0204022
            ],
            [
              34.6131586,
              40.0203987
            ],
            [
              34.6131519,
              40.0203815
            ],
            [
              34.6131812,
              40.0203759
            ],
            [
              34.6131889,
              40.0203931
            ],
            [
              34.6132087,
              40.0203894
            ],
            [
              34.6132019,
              40.0203723
            ],
            [
              34.6132268,
              40.0203676
            ],
            [
              34.6132367,
              40.0203842
            ],
            [
              34.6132559,
              40.0203807
            ],
            [
              34.6132444,
              40.0203584
            ],
            [
              34.6133668,
              40.0203472
            ],
            [
              34.6135107,
              40.0202951
            ],
            [
              34.6135,
              40.0202871
            ],
            [
              34.6134755,
              40.0202961
            ],
            [
              34.6134561,
              40.0202656
            ],
            [
              34.6134466,
              40.0202729
            ],
            [
              34.6134645,
              40.0202997
            ],
            [
              34.613361,
              40.0203366
            ],
            [
              34.6132388,
              40.0203496
            ],
            [
              34.6132021,
              40.0202849
            ],
            [
              34.6131762,
              40.0202049
            ],
            [
              34.6131711,
              40.0202088
            ]
          ]
        ]
      },
      "properties": {
        "id": "hattusa-way-1192997156",
        "siteKey": "hattusa",
        "siteName": "哈图莎（赫梯首都）",
        "siteEnName": "Hattusha (Hittite capital)",
        "name": "哈图莎 · 城墙与塔楼遗迹",
        "enName": "City wall and tower remains",
        "originalName": "",
        "role": "wall",
        "period": "夏商",
        "periodLabel": "赫梯时期／青铜时代",
        "heritageId": "whc-377",
        "tentative": false,
        "sourceUrl": "https://www.openstreetmap.org/way/1192997156",
        "referenceUrl": "https://www.dainst.org/en/research/projects/noslug/2280",
        "note": "保留公开城墙、塔楼及分区墙体矢量。开放线保持开放；已修复段可能包含现代重建，统一按赫梯遗存时期分组，不冒充完整原始城墙实测。",
        "label": false
      }
    },
    {
      "type": "Feature",
      "geometry": {
        "type": "Polygon",
        "coordinates": [
          [
            [
              34.61312,
              40.0202736
            ],
            [
              34.6131715,
              40.0202642
            ],
            [
              34.6131773,
              40.0202822
            ],
            [
              34.6131251,
              40.0202919
            ],
            [
              34.61312,
              40.0202736
            ]
          ]
        ]
      },
      "properties": {
        "id": "hattusa-way-1192997157",
        "siteKey": "hattusa",
        "siteName": "哈图莎（赫梯首都）",
        "siteEnName": "Hattusha (Hittite capital)",
        "name": "哈图莎 · 城墙与塔楼遗迹",
        "enName": "City wall and tower remains",
        "originalName": "",
        "role": "wall",
        "period": "夏商",
        "periodLabel": "赫梯时期／青铜时代",
        "heritageId": "whc-377",
        "tentative": false,
        "sourceUrl": "https://www.openstreetmap.org/way/1192997157",
        "referenceUrl": "https://www.dainst.org/en/research/projects/noslug/2280",
        "note": "保留公开城墙、塔楼及分区墙体矢量。开放线保持开放；已修复段可能包含现代重建，统一按赫梯遗存时期分组，不冒充完整原始城墙实测。",
        "label": false
      }
    },
    {
      "type": "Feature",
      "geometry": {
        "type": "Polygon",
        "coordinates": [
          [
            [
              34.6131267,
              40.0203534
            ],
            [
              34.6132058,
              40.0203382
            ],
            [
              34.6132129,
              40.0203513
            ],
            [
              34.6131348,
              40.0203678
            ],
            [
              34.6131267,
              40.0203534
            ]
          ]
        ]
      },
      "properties": {
        "id": "hattusa-way-1192997158",
        "siteKey": "hattusa",
        "siteName": "哈图莎（赫梯首都）",
        "siteEnName": "Hattusha (Hittite capital)",
        "name": "哈图莎 · 城墙与塔楼遗迹",
        "enName": "City wall and tower remains",
        "originalName": "",
        "role": "wall",
        "period": "夏商",
        "periodLabel": "赫梯时期／青铜时代",
        "heritageId": "whc-377",
        "tentative": false,
        "sourceUrl": "https://www.openstreetmap.org/way/1192997158",
        "referenceUrl": "https://www.dainst.org/en/research/projects/noslug/2280",
        "note": "保留公开城墙、塔楼及分区墙体矢量。开放线保持开放；已修复段可能包含现代重建，统一按赫梯遗存时期分组，不冒充完整原始城墙实测。",
        "label": false
      }
    },
    {
      "type": "Feature",
      "geometry": {
        "type": "Polygon",
        "coordinates": [
          [
            [
              34.613117,
              40.0202591
            ],
            [
              34.6131099,
              40.0202378
            ],
            [
              34.6131601,
              40.0202279
            ],
            [
              34.6131675,
              40.0202493
            ],
            [
              34.613117,
              40.0202591
            ]
          ]
        ]
      },
      "properties": {
        "id": "hattusa-way-1192997159",
        "siteKey": "hattusa",
        "siteName": "哈图莎（赫梯首都）",
        "siteEnName": "Hattusha (Hittite capital)",
        "name": "哈图莎 · 城墙与塔楼遗迹",
        "enName": "City wall and tower remains",
        "originalName": "",
        "role": "wall",
        "period": "夏商",
        "periodLabel": "赫梯时期／青铜时代",
        "heritageId": "whc-377",
        "tentative": false,
        "sourceUrl": "https://www.openstreetmap.org/way/1192997159",
        "referenceUrl": "https://www.dainst.org/en/research/projects/noslug/2280",
        "note": "保留公开城墙、塔楼及分区墙体矢量。开放线保持开放；已修复段可能包含现代重建，统一按赫梯遗存时期分组，不冒充完整原始城墙实测。",
        "label": false
      }
    },
    {
      "type": "Feature",
      "geometry": {
        "type": "Polygon",
        "coordinates": [
          [
            [
              34.6131962,
              40.0203224
            ],
            [
              34.6131204,
              40.0203376
            ],
            [
              34.6131126,
              40.0203142
            ],
            [
              34.6131839,
              40.0202997
            ],
            [
              34.6131962,
              40.0203224
            ]
          ]
        ]
      },
      "properties": {
        "id": "hattusa-way-1192997160",
        "siteKey": "hattusa",
        "siteName": "哈图莎（赫梯首都）",
        "siteEnName": "Hattusha (Hittite capital)",
        "name": "哈图莎 · 城墙与塔楼遗迹",
        "enName": "City wall and tower remains",
        "originalName": "",
        "role": "wall",
        "period": "夏商",
        "periodLabel": "赫梯时期／青铜时代",
        "heritageId": "whc-377",
        "tentative": false,
        "sourceUrl": "https://www.openstreetmap.org/way/1192997160",
        "referenceUrl": "https://www.dainst.org/en/research/projects/noslug/2280",
        "note": "保留公开城墙、塔楼及分区墙体矢量。开放线保持开放；已修复段可能包含现代重建，统一按赫梯遗存时期分组，不冒充完整原始城墙实测。",
        "label": false
      }
    },
    {
      "type": "Feature",
      "geometry": {
        "type": "Polygon",
        "coordinates": [
          [
            [
              34.6142236,
              40.0210449
            ],
            [
              34.6141953,
              40.0210678
            ],
            [
              34.614168,
              40.0210496
            ],
            [
              34.6141976,
              40.0210256
            ],
            [
              34.6142236,
              40.0210449
            ]
          ]
        ]
      },
      "properties": {
        "id": "hattusa-way-1193161096",
        "siteKey": "hattusa",
        "siteName": "哈图莎（赫梯首都）",
        "siteEnName": "Hattusha (Hittite capital)",
        "name": "哈图莎 · 城墙与塔楼遗迹",
        "enName": "City wall and tower remains",
        "originalName": "",
        "role": "wall",
        "period": "夏商",
        "periodLabel": "赫梯时期／青铜时代",
        "heritageId": "whc-377",
        "tentative": false,
        "sourceUrl": "https://www.openstreetmap.org/way/1193161096",
        "referenceUrl": "https://www.dainst.org/en/research/projects/noslug/2280",
        "note": "保留公开城墙、塔楼及分区墙体矢量。开放线保持开放；已修复段可能包含现代重建，统一按赫梯遗存时期分组，不冒充完整原始城墙实测。",
        "label": false
      }
    },
    {
      "type": "Feature",
      "geometry": {
        "type": "Polygon",
        "coordinates": [
          [
            [
              34.6132926,
              40.0205306
            ],
            [
              34.6133443,
              40.0205098
            ],
            [
              34.6133661,
              40.0205302
            ],
            [
              34.6133229,
              40.0205567
            ],
            [
              34.6132926,
              40.0205306
            ]
          ]
        ]
      },
      "properties": {
        "id": "hattusa-way-1193161097",
        "siteKey": "hattusa",
        "siteName": "哈图莎（赫梯首都）",
        "siteEnName": "Hattusha (Hittite capital)",
        "name": "哈图莎 · 城墙与塔楼遗迹",
        "enName": "City wall and tower remains",
        "originalName": "",
        "role": "wall",
        "period": "夏商",
        "periodLabel": "赫梯时期／青铜时代",
        "heritageId": "whc-377",
        "tentative": false,
        "sourceUrl": "https://www.openstreetmap.org/way/1193161097",
        "referenceUrl": "https://www.dainst.org/en/research/projects/noslug/2280",
        "note": "保留公开城墙、塔楼及分区墙体矢量。开放线保持开放；已修复段可能包含现代重建，统一按赫梯遗存时期分组，不冒充完整原始城墙实测。",
        "label": false
      }
    },
    {
      "type": "Feature",
      "geometry": {
        "type": "Polygon",
        "coordinates": [
          [
            [
              34.6139734,
              40.0208718
            ],
            [
              34.6140015,
              40.0208883
            ],
            [
              34.6139682,
              40.0209169
            ],
            [
              34.6139433,
              40.0209019
            ],
            [
              34.6139734,
              40.0208718
            ]
          ]
        ]
      },
      "properties": {
        "id": "hattusa-way-1193161098",
        "siteKey": "hattusa",
        "siteName": "哈图莎（赫梯首都）",
        "siteEnName": "Hattusha (Hittite capital)",
        "name": "哈图莎 · 城墙与塔楼遗迹",
        "enName": "City wall and tower remains",
        "originalName": "",
        "role": "wall",
        "period": "夏商",
        "periodLabel": "赫梯时期／青铜时代",
        "heritageId": "whc-377",
        "tentative": false,
        "sourceUrl": "https://www.openstreetmap.org/way/1193161098",
        "referenceUrl": "https://www.dainst.org/en/research/projects/noslug/2280",
        "note": "保留公开城墙、塔楼及分区墙体矢量。开放线保持开放；已修复段可能包含现代重建，统一按赫梯遗存时期分组，不冒充完整原始城墙实测。",
        "label": false
      }
    },
    {
      "type": "Feature",
      "geometry": {
        "type": "Polygon",
        "coordinates": [
          [
            [
              34.6135957,
              40.0207427
            ],
            [
              34.6137233,
              40.0208005
            ],
            [
              34.6137058,
              40.0208237
            ],
            [
              34.6137949,
              40.0208616
            ],
            [
              34.6138154,
              40.0208386
            ],
            [
              34.6139928,
              40.0209501
            ],
            [
              34.613971,
              40.0209689
            ],
            [
              34.6140546,
              40.021024
            ],
            [
              34.6140743,
              40.0210057
            ],
            [
              34.6142014,
              40.0210884
            ],
            [
              34.6142128,
              40.0210795
            ],
            [
              34.614208,
              40.0210762
            ],
            [
              34.6142362,
              40.0210542
            ],
            [
              34.6142407,
              40.0210576
            ],
            [
              34.6142523,
              40.0210486
            ],
            [
              34.6140551,
              40.0209025
            ],
            [
              34.6138573,
              40.0207882
            ],
            [
              34.6137633,
              40.0207432
            ],
            [
              34.6136282,
              40.020686
            ],
            [
              34.6136232,
              40.020684
            ],
            [
              34.6135233,
              40.0206322
            ],
            [
              34.6134693,
              40.0205949
            ],
            [
              34.6133595,
              40.020498
            ],
            [
              34.6132954,
              40.0204317
            ],
            [
              34.6133247,
              40.020416
            ],
            [
              34.6134519,
              40.0205419
            ],
            [
              34.6134653,
              40.0205364
            ],
            [
              34.6133285,
              40.0203986
            ],
            [
              34.6132865,
              40.0204218
            ],
            [
              34.6132674,
              40.0204028
            ],
            [
              34.6132492,
              40.0204065
            ],
            [
              34.6132585,
              40.0204234
            ],
            [
              34.6132273,
              40.0204299
            ],
            [
              34.6132195,
              40.0204125
            ],
            [
              34.6131994,
              40.0204163
            ],
            [
              34.6132073,
              40.0204342
            ],
            [
              34.6131763,
              40.0204401
            ],
            [
              34.6131691,
              40.0204227
            ],
            [
              34.6131507,
              40.0204264
            ],
            [
              34.6131584,
              40.0204436
            ],
            [
              34.6131388,
              40.0204487
            ],
            [
              34.6131876,
              40.0205292
            ],
            [
              34.613236,
              40.0205113
            ],
            [
              34.6132617,
              40.0205373
            ],
            [
              34.6133958,
              40.0206469
            ],
            [
              34.6133767,
              40.0206689
            ],
            [
              34.613471,
              40.0207196
            ],
            [
              34.6134933,
              40.0206966
            ],
            [
              34.6135826,
              40.0207374
            ],
            [
              34.6135955,
              40.0207429
            ],
            [
              34.6135957,
              40.0207427
            ]
          ]
        ]
      },
      "properties": {
        "id": "hattusa-way-1193161099",
        "siteKey": "hattusa",
        "siteName": "哈图莎（赫梯首都）",
        "siteEnName": "Hattusha (Hittite capital)",
        "name": "哈图莎 · 城墙与塔楼遗迹",
        "enName": "City wall and tower remains",
        "originalName": "",
        "role": "wall",
        "period": "夏商",
        "periodLabel": "赫梯时期／青铜时代",
        "heritageId": "whc-377",
        "tentative": false,
        "sourceUrl": "https://www.openstreetmap.org/way/1193161099",
        "referenceUrl": "https://www.dainst.org/en/research/projects/noslug/2280",
        "note": "保留公开城墙、塔楼及分区墙体矢量。开放线保持开放；已修复段可能包含现代重建，统一按赫梯遗存时期分组，不冒充完整原始城墙实测。",
        "label": false
      }
    },
    {
      "type": "Feature",
      "geometry": {
        "type": "Polygon",
        "coordinates": [
          [
            [
              34.61411,
              40.0210109
            ],
            [
              34.6140857,
              40.0209947
            ],
            [
              34.6141186,
              40.0209668
            ],
            [
              34.6141428,
              40.0209849
            ],
            [
              34.61411,
              40.0210109
            ]
          ]
        ]
      },
      "properties": {
        "id": "hattusa-way-1193161100",
        "siteKey": "hattusa",
        "siteName": "哈图莎（赫梯首都）",
        "siteEnName": "Hattusha (Hittite capital)",
        "name": "哈图莎 · 城墙与塔楼遗迹",
        "enName": "City wall and tower remains",
        "originalName": "",
        "role": "wall",
        "period": "夏商",
        "periodLabel": "赫梯时期／青铜时代",
        "heritageId": "whc-377",
        "tentative": false,
        "sourceUrl": "https://www.openstreetmap.org/way/1193161100",
        "referenceUrl": "https://www.dainst.org/en/research/projects/noslug/2280",
        "note": "保留公开城墙、塔楼及分区墙体矢量。开放线保持开放；已修复段可能包含现代重建，统一按赫梯遗存时期分组，不冒充完整原始城墙实测。",
        "label": false
      }
    },
    {
      "type": "Feature",
      "geometry": {
        "type": "Polygon",
        "coordinates": [
          [
            [
              34.6135089,
              40.0206805
            ],
            [
              34.6135318,
              40.0206556
            ],
            [
              34.613557,
              40.0206677
            ],
            [
              34.6135346,
              40.0206934
            ],
            [
              34.6135089,
              40.0206805
            ]
          ]
        ]
      },
      "properties": {
        "id": "hattusa-way-1193161101",
        "siteKey": "hattusa",
        "siteName": "哈图莎（赫梯首都）",
        "siteEnName": "Hattusha (Hittite capital)",
        "name": "哈图莎 · 城墙与塔楼遗迹",
        "enName": "City wall and tower remains",
        "originalName": "",
        "role": "wall",
        "period": "夏商",
        "periodLabel": "赫梯时期／青铜时代",
        "heritageId": "whc-377",
        "tentative": false,
        "sourceUrl": "https://www.openstreetmap.org/way/1193161101",
        "referenceUrl": "https://www.dainst.org/en/research/projects/noslug/2280",
        "note": "保留公开城墙、塔楼及分区墙体矢量。开放线保持开放；已修复段可能包含现代重建，统一按赫梯遗存时期分组，不冒充完整原始城墙实测。",
        "label": false
      }
    },
    {
      "type": "Feature",
      "geometry": {
        "type": "Polygon",
        "coordinates": [
          [
            [
              34.6136334,
              40.0207405
            ],
            [
              34.6136125,
              40.0207322
            ],
            [
              34.613633,
              40.0207042
            ],
            [
              34.6136567,
              40.0207148
            ],
            [
              34.6136334,
              40.0207405
            ]
          ]
        ]
      },
      "properties": {
        "id": "hattusa-way-1193161102",
        "siteKey": "hattusa",
        "siteName": "哈图莎（赫梯首都）",
        "siteEnName": "Hattusha (Hittite capital)",
        "name": "哈图莎 · 城墙与塔楼遗迹",
        "enName": "City wall and tower remains",
        "originalName": "",
        "role": "wall",
        "period": "夏商",
        "periodLabel": "赫梯时期／青铜时代",
        "heritageId": "whc-377",
        "tentative": false,
        "sourceUrl": "https://www.openstreetmap.org/way/1193161102",
        "referenceUrl": "https://www.dainst.org/en/research/projects/noslug/2280",
        "note": "保留公开城墙、塔楼及分区墙体矢量。开放线保持开放；已修复段可能包含现代重建，统一按赫梯遗存时期分组，不冒充完整原始城墙实测。",
        "label": false
      }
    },
    {
      "type": "Feature",
      "geometry": {
        "type": "Polygon",
        "coordinates": [
          [
            [
              34.6137375,
              40.020816
            ],
            [
              34.6137747,
              40.0207658
            ],
            [
              34.6137896,
              40.0207729
            ],
            [
              34.613752,
              40.0208221
            ],
            [
              34.6137375,
              40.020816
            ]
          ]
        ]
      },
      "properties": {
        "id": "hattusa-way-1193161103",
        "siteKey": "hattusa",
        "siteName": "哈图莎（赫梯首都）",
        "siteEnName": "Hattusha (Hittite capital)",
        "name": "哈图莎 · 城墙与塔楼遗迹",
        "enName": "City wall and tower remains",
        "originalName": "",
        "role": "wall",
        "period": "夏商",
        "periodLabel": "赫梯时期／青铜时代",
        "heritageId": "whc-377",
        "tentative": false,
        "sourceUrl": "https://www.openstreetmap.org/way/1193161103",
        "referenceUrl": "https://www.dainst.org/en/research/projects/noslug/2280",
        "note": "保留公开城墙、塔楼及分区墙体矢量。开放线保持开放；已修复段可能包含现代重建，统一按赫梯遗存时期分组，不冒充完整原始城墙实测。",
        "label": false
      }
    },
    {
      "type": "Feature",
      "geometry": {
        "type": "Polygon",
        "coordinates": [
          [
            [
              34.6133763,
              40.0206027
            ],
            [
              34.6134167,
              40.0205775
            ],
            [
              34.6134424,
              40.0206015
            ],
            [
              34.6134125,
              40.0206337
            ],
            [
              34.6133763,
              40.0206027
            ]
          ]
        ]
      },
      "properties": {
        "id": "hattusa-way-1193161104",
        "siteKey": "hattusa",
        "siteName": "哈图莎（赫梯首都）",
        "siteEnName": "Hattusha (Hittite capital)",
        "name": "哈图莎 · 城墙与塔楼遗迹",
        "enName": "City wall and tower remains",
        "originalName": "",
        "role": "wall",
        "period": "夏商",
        "periodLabel": "赫梯时期／青铜时代",
        "heritageId": "whc-377",
        "tentative": false,
        "sourceUrl": "https://www.openstreetmap.org/way/1193161104",
        "referenceUrl": "https://www.dainst.org/en/research/projects/noslug/2280",
        "note": "保留公开城墙、塔楼及分区墙体矢量。开放线保持开放；已修复段可能包含现代重建，统一按赫梯遗存时期分组，不冒充完整原始城墙实测。",
        "label": false
      }
    },
    {
      "type": "Feature",
      "geometry": {
        "type": "Polygon",
        "coordinates": [
          [
            [
              34.6138596,
              40.0208497
            ],
            [
              34.6138873,
              40.0208219
            ],
            [
              34.6139192,
              40.0208415
            ],
            [
              34.6138924,
              40.0208694
            ],
            [
              34.6138596,
              40.0208497
            ]
          ]
        ]
      },
      "properties": {
        "id": "hattusa-way-1193161105",
        "siteKey": "hattusa",
        "siteName": "哈图莎（赫梯首都）",
        "siteEnName": "Hattusha (Hittite capital)",
        "name": "哈图莎 · 城墙与塔楼遗迹",
        "enName": "City wall and tower remains",
        "originalName": "",
        "role": "wall",
        "period": "夏商",
        "periodLabel": "赫梯时期／青铜时代",
        "heritageId": "whc-377",
        "tentative": false,
        "sourceUrl": "https://www.openstreetmap.org/way/1193161105",
        "referenceUrl": "https://www.dainst.org/en/research/projects/noslug/2280",
        "note": "保留公开城墙、塔楼及分区墙体矢量。开放线保持开放；已修复段可能包含现代重建，统一按赫梯遗存时期分组，不冒充完整原始城墙实测。",
        "label": false
      }
    },
    {
      "type": "Feature",
      "geometry": {
        "type": "Polygon",
        "coordinates": [
          [
            [
              34.6131906,
              40.0204917
            ],
            [
              34.6132913,
              40.0204572
            ],
            [
              34.6133011,
              40.0204665
            ],
            [
              34.6131996,
              40.0205021
            ],
            [
              34.6131906,
              40.0204917
            ]
          ]
        ]
      },
      "properties": {
        "id": "hattusa-way-1193161106",
        "siteKey": "hattusa",
        "siteName": "哈图莎（赫梯首都）",
        "siteEnName": "Hattusha (Hittite capital)",
        "name": "哈图莎 · 城墙与塔楼遗迹",
        "enName": "City wall and tower remains",
        "originalName": "",
        "role": "wall",
        "period": "夏商",
        "periodLabel": "赫梯时期／青铜时代",
        "heritageId": "whc-377",
        "tentative": false,
        "sourceUrl": "https://www.openstreetmap.org/way/1193161106",
        "referenceUrl": "https://www.dainst.org/en/research/projects/noslug/2280",
        "note": "保留公开城墙、塔楼及分区墙体矢量。开放线保持开放；已修复段可能包含现代重建，统一按赫梯遗存时期分组，不冒充完整原始城墙实测。",
        "label": false
      }
    },
    {
      "type": "Feature",
      "geometry": {
        "type": "Polygon",
        "coordinates": [
          [
            [
              34.6140825,
              40.0209411
            ],
            [
              34.6140999,
              40.0209535
            ],
            [
              34.614052,
              40.0209972
            ],
            [
              34.614033,
              40.020985
            ],
            [
              34.6140825,
              40.0209411
            ]
          ]
        ]
      },
      "properties": {
        "id": "hattusa-way-1193161107",
        "siteKey": "hattusa",
        "siteName": "哈图莎（赫梯首都）",
        "siteEnName": "Hattusha (Hittite capital)",
        "name": "哈图莎 · 城墙与塔楼遗迹",
        "enName": "City wall and tower remains",
        "originalName": "",
        "role": "wall",
        "period": "夏商",
        "periodLabel": "赫梯时期／青铜时代",
        "heritageId": "whc-377",
        "tentative": false,
        "sourceUrl": "https://www.openstreetmap.org/way/1193161107",
        "referenceUrl": "https://www.dainst.org/en/research/projects/noslug/2280",
        "note": "保留公开城墙、塔楼及分区墙体矢量。开放线保持开放；已修复段可能包含现代重建，统一按赫梯遗存时期分组，不冒充完整原始城墙实测。",
        "label": false
      }
    },
    {
      "type": "Feature",
      "geometry": {
        "type": "Polygon",
        "coordinates": [
          [
            [
              34.6132607,
              40.0205023
            ],
            [
              34.6133157,
              40.0204825
            ],
            [
              34.6133301,
              40.0204961
            ],
            [
              34.6132756,
              40.0205164
            ],
            [
              34.6132607,
              40.0205023
            ]
          ]
        ]
      },
      "properties": {
        "id": "hattusa-way-1193161108",
        "siteKey": "hattusa",
        "siteName": "哈图莎（赫梯首都）",
        "siteEnName": "Hattusha (Hittite capital)",
        "name": "哈图莎 · 城墙与塔楼遗迹",
        "enName": "City wall and tower remains",
        "originalName": "",
        "role": "wall",
        "period": "夏商",
        "periodLabel": "赫梯时期／青铜时代",
        "heritageId": "whc-377",
        "tentative": false,
        "sourceUrl": "https://www.openstreetmap.org/way/1193161108",
        "referenceUrl": "https://www.dainst.org/en/research/projects/noslug/2280",
        "note": "保留公开城墙、塔楼及分区墙体矢量。开放线保持开放；已修复段可能包含现代重建，统一按赫梯遗存时期分组，不冒充完整原始城墙实测。",
        "label": false
      }
    },
    {
      "type": "Feature",
      "geometry": {
        "type": "Polygon",
        "coordinates": [
          [
            [
              34.613756,
              40.020757
            ],
            [
              34.6137335,
              40.0207853
            ],
            [
              34.6136878,
              40.0207652
            ],
            [
              34.6137089,
              40.0207374
            ],
            [
              34.613756,
              40.020757
            ]
          ]
        ]
      },
      "properties": {
        "id": "hattusa-way-1193161109",
        "siteKey": "hattusa",
        "siteName": "哈图莎（赫梯首都）",
        "siteEnName": "Hattusha (Hittite capital)",
        "name": "哈图莎 · 城墙与塔楼遗迹",
        "enName": "City wall and tower remains",
        "originalName": "",
        "role": "wall",
        "period": "夏商",
        "periodLabel": "赫梯时期／青铜时代",
        "heritageId": "whc-377",
        "tentative": false,
        "sourceUrl": "https://www.openstreetmap.org/way/1193161109",
        "referenceUrl": "https://www.dainst.org/en/research/projects/noslug/2280",
        "note": "保留公开城墙、塔楼及分区墙体矢量。开放线保持开放；已修复段可能包含现代重建，统一按赫梯遗存时期分组，不冒充完整原始城墙实测。",
        "label": false
      }
    },
    {
      "type": "Feature",
      "geometry": {
        "type": "Polygon",
        "coordinates": [
          [
            [
              34.6134616,
              40.0206125
            ],
            [
              34.6134803,
              40.0206247
            ],
            [
              34.6134299,
              40.0206729
            ],
            [
              34.613413,
              40.020664
            ],
            [
              34.6134616,
              40.0206125
            ]
          ]
        ]
      },
      "properties": {
        "id": "hattusa-way-1193161110",
        "siteKey": "hattusa",
        "siteName": "哈图莎（赫梯首都）",
        "siteEnName": "Hattusha (Hittite capital)",
        "name": "哈图莎 · 城墙与塔楼遗迹",
        "enName": "City wall and tower remains",
        "originalName": "",
        "role": "wall",
        "period": "夏商",
        "periodLabel": "赫梯时期／青铜时代",
        "heritageId": "whc-377",
        "tentative": false,
        "sourceUrl": "https://www.openstreetmap.org/way/1193161110",
        "referenceUrl": "https://www.dainst.org/en/research/projects/noslug/2280",
        "note": "保留公开城墙、塔楼及分区墙体矢量。开放线保持开放；已修复段可能包含现代重建，统一按赫梯遗存时期分组，不冒充完整原始城墙实测。",
        "label": false
      }
    },
    {
      "type": "Feature",
      "geometry": {
        "type": "Polygon",
        "coordinates": [
          [
            [
              34.6135527,
              40.0207037
            ],
            [
              34.6135756,
              40.0206788
            ],
            [
              34.6136136,
              40.0206981
            ],
            [
              34.6135938,
              40.0207233
            ],
            [
              34.6135527,
              40.0207037
            ]
          ]
        ]
      },
      "properties": {
        "id": "hattusa-way-1193161111",
        "siteKey": "hattusa",
        "siteName": "哈图莎（赫梯首都）",
        "siteEnName": "Hattusha (Hittite capital)",
        "name": "哈图莎 · 城墙与塔楼遗迹",
        "enName": "City wall and tower remains",
        "originalName": "",
        "role": "wall",
        "period": "夏商",
        "periodLabel": "赫梯时期／青铜时代",
        "heritageId": "whc-377",
        "tentative": false,
        "sourceUrl": "https://www.openstreetmap.org/way/1193161111",
        "referenceUrl": "https://www.dainst.org/en/research/projects/noslug/2280",
        "note": "保留公开城墙、塔楼及分区墙体矢量。开放线保持开放；已修复段可能包含现代重建，统一按赫梯遗存时期分组，不冒充完整原始城墙实测。",
        "label": false
      }
    },
    {
      "type": "Feature",
      "geometry": {
        "type": "Polygon",
        "coordinates": [
          [
            [
              34.6137699,
              40.0208309
            ],
            [
              34.613806,
              40.0207819
            ],
            [
              34.6138271,
              40.0207922
            ],
            [
              34.613788,
              40.0208387
            ],
            [
              34.6137699,
              40.0208309
            ]
          ]
        ]
      },
      "properties": {
        "id": "hattusa-way-1193161112",
        "siteKey": "hattusa",
        "siteName": "哈图莎（赫梯首都）",
        "siteEnName": "Hattusha (Hittite capital)",
        "name": "哈图莎 · 城墙与塔楼遗迹",
        "enName": "City wall and tower remains",
        "originalName": "",
        "role": "wall",
        "period": "夏商",
        "periodLabel": "赫梯时期／青铜时代",
        "heritageId": "whc-377",
        "tentative": false,
        "sourceUrl": "https://www.openstreetmap.org/way/1193161112",
        "referenceUrl": "https://www.dainst.org/en/research/projects/noslug/2280",
        "note": "保留公开城墙、塔楼及分区墙体矢量。开放线保持开放；已修复段可能包含现代重建，统一按赫梯遗存时期分组，不冒充完整原始城墙实测。",
        "label": false
      }
    },
    {
      "type": "Feature",
      "geometry": {
        "type": "Polygon",
        "coordinates": [
          [
            [
              34.6133372,
              40.020569
            ],
            [
              34.6133794,
              40.0205427
            ],
            [
              34.613403,
              40.0205648
            ],
            [
              34.6133624,
              40.0205906
            ],
            [
              34.6133372,
              40.020569
            ]
          ]
        ]
      },
      "properties": {
        "id": "hattusa-way-1193161113",
        "siteKey": "hattusa",
        "siteName": "哈图莎（赫梯首都）",
        "siteEnName": "Hattusha (Hittite capital)",
        "name": "哈图莎 · 城墙与塔楼遗迹",
        "enName": "City wall and tower remains",
        "originalName": "",
        "role": "wall",
        "period": "夏商",
        "periodLabel": "赫梯时期／青铜时代",
        "heritageId": "whc-377",
        "tentative": false,
        "sourceUrl": "https://www.openstreetmap.org/way/1193161113",
        "referenceUrl": "https://www.dainst.org/en/research/projects/noslug/2280",
        "note": "保留公开城墙、塔楼及分区墙体矢量。开放线保持开放；已修复段可能包含现代重建，统一按赫梯遗存时期分组，不冒充完整原始城墙实测。",
        "label": false
      }
    },
    {
      "type": "Feature",
      "geometry": {
        "type": "Polygon",
        "coordinates": [
          [
            [
              34.6139052,
              40.0208776
            ],
            [
              34.6139336,
              40.0208488
            ],
            [
              34.6139593,
              40.0208641
            ],
            [
              34.6139295,
              40.0208929
            ],
            [
              34.6139052,
              40.0208776
            ]
          ]
        ]
      },
      "properties": {
        "id": "hattusa-way-1193161114",
        "siteKey": "hattusa",
        "siteName": "哈图莎（赫梯首都）",
        "siteEnName": "Hattusha (Hittite capital)",
        "name": "哈图莎 · 城墙与塔楼遗迹",
        "enName": "City wall and tower remains",
        "originalName": "",
        "role": "wall",
        "period": "夏商",
        "periodLabel": "赫梯时期／青铜时代",
        "heritageId": "whc-377",
        "tentative": false,
        "sourceUrl": "https://www.openstreetmap.org/way/1193161114",
        "referenceUrl": "https://www.dainst.org/en/research/projects/noslug/2280",
        "note": "保留公开城墙、塔楼及分区墙体矢量。开放线保持开放；已修复段可能包含现代重建，统一按赫梯遗存时期分组，不冒充完整原始城墙实测。",
        "label": false
      }
    },
    {
      "type": "Feature",
      "geometry": {
        "type": "Polygon",
        "coordinates": [
          [
            [
              34.613184,
              40.0204804
            ],
            [
              34.6131719,
              40.0204615
            ],
            [
              34.613273,
              40.0204398
            ],
            [
              34.6132815,
              40.0204475
            ],
            [
              34.613184,
              40.0204804
            ]
          ]
        ]
      },
      "properties": {
        "id": "hattusa-way-1193161115",
        "siteKey": "hattusa",
        "siteName": "哈图莎（赫梯首都）",
        "siteEnName": "Hattusha (Hittite capital)",
        "name": "哈图莎 · 城墙与塔楼遗迹",
        "enName": "City wall and tower remains",
        "originalName": "",
        "role": "wall",
        "period": "夏商",
        "periodLabel": "赫梯时期／青铜时代",
        "heritageId": "whc-377",
        "tentative": false,
        "sourceUrl": "https://www.openstreetmap.org/way/1193161115",
        "referenceUrl": "https://www.dainst.org/en/research/projects/noslug/2280",
        "note": "保留公开城墙、塔楼及分区墙体矢量。开放线保持开放；已修复段可能包含现代重建，统一按赫梯遗存时期分组，不冒充完整原始城墙实测。",
        "label": false
      }
    },
    {
      "type": "Feature",
      "geometry": {
        "type": "Polygon",
        "coordinates": [
          [
            [
              34.6139792,
              40.0209246
            ],
            [
              34.6140138,
              40.0208953
            ],
            [
              34.6140394,
              40.0209102
            ],
            [
              34.6140028,
              40.0209411
            ],
            [
              34.6139792,
              40.0209246
            ]
          ]
        ]
      },
      "properties": {
        "id": "hattusa-way-1193161116",
        "siteKey": "hattusa",
        "siteName": "哈图莎（赫梯首都）",
        "siteEnName": "Hattusha (Hittite capital)",
        "name": "哈图莎 · 城墙与塔楼遗迹",
        "enName": "City wall and tower remains",
        "originalName": "",
        "role": "wall",
        "period": "夏商",
        "periodLabel": "赫梯时期／青铜时代",
        "heritageId": "whc-377",
        "tentative": false,
        "sourceUrl": "https://www.openstreetmap.org/way/1193161116",
        "referenceUrl": "https://www.dainst.org/en/research/projects/noslug/2280",
        "note": "保留公开城墙、塔楼及分区墙体矢量。开放线保持开放；已修复段可能包含现代重建，统一按赫梯遗存时期分组，不冒充完整原始城墙实测。",
        "label": false
      }
    },
    {
      "type": "Feature",
      "geometry": {
        "type": "Polygon",
        "coordinates": [
          [
            [
              34.6141853,
              40.0210165
            ],
            [
              34.6141542,
              40.0210404
            ],
            [
              34.6141225,
              40.0210193
            ],
            [
              34.6141559,
              40.0209946
            ],
            [
              34.6141853,
              40.0210165
            ]
          ]
        ]
      },
      "properties": {
        "id": "hattusa-way-1193161117",
        "siteKey": "hattusa",
        "siteName": "哈图莎（赫梯首都）",
        "siteEnName": "Hattusha (Hittite capital)",
        "name": "哈图莎 · 城墙与塔楼遗迹",
        "enName": "City wall and tower remains",
        "originalName": "",
        "role": "wall",
        "period": "夏商",
        "periodLabel": "赫梯时期／青铜时代",
        "heritageId": "whc-377",
        "tentative": false,
        "sourceUrl": "https://www.openstreetmap.org/way/1193161117",
        "referenceUrl": "https://www.dainst.org/en/research/projects/noslug/2280",
        "note": "保留公开城墙、塔楼及分区墙体矢量。开放线保持开放；已修复段可能包含现代重建，统一按赫梯遗存时期分组，不冒充完整原始城墙实测。",
        "label": false
      }
    },
    {
      "type": "Feature",
      "geometry": {
        "type": "Polygon",
        "coordinates": [
          [
            [
              34.613511,
              40.0206447
            ],
            [
              34.6134654,
              40.0206915
            ],
            [
              34.6134485,
              40.0206826
            ],
            [
              34.6134968,
              40.0206355
            ],
            [
              34.613511,
              40.0206447
            ]
          ]
        ]
      },
      "properties": {
        "id": "hattusa-way-1193161118",
        "siteKey": "hattusa",
        "siteName": "哈图莎（赫梯首都）",
        "siteEnName": "Hattusha (Hittite capital)",
        "name": "哈图莎 · 城墙与塔楼遗迹",
        "enName": "City wall and tower remains",
        "originalName": "",
        "role": "wall",
        "period": "夏商",
        "periodLabel": "赫梯时期／青铜时代",
        "heritageId": "whc-377",
        "tentative": false,
        "sourceUrl": "https://www.openstreetmap.org/way/1193161118",
        "referenceUrl": "https://www.dainst.org/en/research/projects/noslug/2280",
        "note": "保留公开城墙、塔楼及分区墙体矢量。开放线保持开放；已修复段可能包含现代重建，统一按赫梯遗存时期分组，不冒充完整原始城墙实测。",
        "label": false
      }
    },
    {
      "type": "Feature",
      "geometry": {
        "type": "Polygon",
        "coordinates": [
          [
            [
              34.6140178,
              40.0209753
            ],
            [
              34.6140018,
              40.0209651
            ],
            [
              34.6140526,
              40.0209189
            ],
            [
              34.6140683,
              40.0209307
            ],
            [
              34.6140178,
              40.0209753
            ]
          ]
        ]
      },
      "properties": {
        "id": "hattusa-way-1193161119",
        "siteKey": "hattusa",
        "siteName": "哈图莎（赫梯首都）",
        "siteEnName": "Hattusha (Hittite capital)",
        "name": "哈图莎 · 城墙与塔楼遗迹",
        "enName": "City wall and tower remains",
        "originalName": "",
        "role": "wall",
        "period": "夏商",
        "periodLabel": "赫梯时期／青铜时代",
        "heritageId": "whc-377",
        "tentative": false,
        "sourceUrl": "https://www.openstreetmap.org/way/1193161119",
        "referenceUrl": "https://www.dainst.org/en/research/projects/noslug/2280",
        "note": "保留公开城墙、塔楼及分区墙体矢量。开放线保持开放；已修复段可能包含现代重建，统一按赫梯遗存时期分组，不冒充完整原始城墙实测。",
        "label": false
      }
    },
    {
      "type": "Feature",
      "geometry": {
        "type": "Polygon",
        "coordinates": [
          [
            [
              34.6136734,
              40.0207598
            ],
            [
              34.6136529,
              40.0207505
            ],
            [
              34.6136749,
              40.0207217
            ],
            [
              34.6136953,
              40.0207316
            ],
            [
              34.6136734,
              40.0207598
            ]
          ]
        ]
      },
      "properties": {
        "id": "hattusa-way-1193161120",
        "siteKey": "hattusa",
        "siteName": "哈图莎（赫梯首都）",
        "siteEnName": "Hattusha (Hittite capital)",
        "name": "哈图莎 · 城墙与塔楼遗迹",
        "enName": "City wall and tower remains",
        "originalName": "",
        "role": "wall",
        "period": "夏商",
        "periodLabel": "赫梯时期／青铜时代",
        "heritageId": "whc-377",
        "tentative": false,
        "sourceUrl": "https://www.openstreetmap.org/way/1193161120",
        "referenceUrl": "https://www.dainst.org/en/research/projects/noslug/2280",
        "note": "保留公开城墙、塔楼及分区墙体矢量。开放线保持开放；已修复段可能包含现代重建，统一按赫梯遗存时期分组，不冒充完整原始城墙实测。",
        "label": false
      }
    },
    {
      "type": "Feature",
      "geometry": {
        "type": "Polygon",
        "coordinates": [
          [
            [
              34.6138737,
              40.0208139
            ],
            [
              34.6138462,
              40.0208408
            ],
            [
              34.6138248,
              40.0208278
            ],
            [
              34.6138497,
              40.0207996
            ],
            [
              34.6138737,
              40.0208139
            ]
          ]
        ]
      },
      "properties": {
        "id": "hattusa-way-1193161121",
        "siteKey": "hattusa",
        "siteName": "哈图莎（赫梯首都）",
        "siteEnName": "Hattusha (Hittite capital)",
        "name": "哈图莎 · 城墙与塔楼遗迹",
        "enName": "City wall and tower remains",
        "originalName": "",
        "role": "wall",
        "period": "夏商",
        "periodLabel": "赫梯时期／青铜时代",
        "heritageId": "whc-377",
        "tentative": false,
        "sourceUrl": "https://www.openstreetmap.org/way/1193161121",
        "referenceUrl": "https://www.dainst.org/en/research/projects/noslug/2280",
        "note": "保留公开城墙、塔楼及分区墙体矢量。开放线保持开放；已修复段可能包含现代重建，统一按赫梯遗存时期分组，不冒充完整原始城墙实测。",
        "label": false
      }
    },
    {
      "type": "Feature",
      "geometry": {
        "type": "Polygon",
        "coordinates": [
          [
            [
              34.6143259,
              40.016883
            ],
            [
              34.6143618,
              40.0169024
            ],
            [
              34.6143793,
              40.0168817
            ],
            [
              34.6142907,
              40.0168371
            ],
            [
              34.6142734,
              40.0168546
            ],
            [
              34.6142981,
              40.016868
            ],
            [
              34.6142619,
              40.0169051
            ],
            [
              34.6142384,
              40.0168916
            ],
            [
              34.6142177,
              40.0169121
            ],
            [
              34.6142749,
              40.0169474
            ],
            [
              34.6143395,
              40.0169501
            ],
            [
              34.6142896,
              40.0169213
            ],
            [
              34.6143259,
              40.016883
            ]
          ]
        ]
      },
      "properties": {
        "id": "hattusa-way-1193174703",
        "siteKey": "hattusa",
        "siteName": "哈图莎（赫梯首都）",
        "siteEnName": "Hattusha (Hittite capital)",
        "name": "哈图莎 · 城墙与塔楼遗迹",
        "enName": "City wall and tower remains",
        "originalName": "",
        "role": "wall",
        "period": "夏商",
        "periodLabel": "赫梯时期／青铜时代",
        "heritageId": "whc-377",
        "tentative": false,
        "sourceUrl": "https://www.openstreetmap.org/way/1193174703",
        "referenceUrl": "https://www.dainst.org/en/research/projects/noslug/2280",
        "note": "保留公开城墙、塔楼及分区墙体矢量。开放线保持开放；已修复段可能包含现代重建，统一按赫梯遗存时期分组，不冒充完整原始城墙实测。",
        "label": false
      }
    },
    {
      "type": "Feature",
      "geometry": {
        "type": "LineString",
        "coordinates": [
          [
            34.6175683,
            40.006169
          ],
          [
            34.6175873,
            40.0061714
          ],
          [
            34.6176121,
            40.0061433
          ],
          [
            34.6176865,
            40.0061775
          ],
          [
            34.617665,
            40.0062063
          ],
          [
            34.6178857,
            40.0062743
          ]
        ]
      },
      "properties": {
        "id": "hattusa-way-1418962958",
        "siteKey": "hattusa",
        "siteName": "哈图莎（赫梯首都）",
        "siteEnName": "Hattusha (Hittite capital)",
        "name": "哈图莎 · 城墙与塔楼遗迹",
        "enName": "City wall and tower remains",
        "originalName": "",
        "role": "wall",
        "period": "夏商",
        "periodLabel": "赫梯时期／青铜时代",
        "heritageId": "whc-377",
        "tentative": false,
        "sourceUrl": "https://www.openstreetmap.org/way/1418962958",
        "referenceUrl": "https://www.dainst.org/en/research/projects/noslug/2280",
        "note": "保留公开城墙、塔楼及分区墙体矢量。开放线保持开放；已修复段可能包含现代重建，统一按赫梯遗存时期分组，不冒充完整原始城墙实测。",
        "label": false
      }
    },
    {
      "type": "Feature",
      "geometry": {
        "type": "Polygon",
        "coordinates": [
          [
            [
              34.6143337,
              40.0212556
            ],
            [
              34.6143428,
              40.0212691
            ],
            [
              34.6142934,
              40.0212863
            ],
            [
              34.6143441,
              40.021374
            ],
            [
              34.6143489,
              40.0213723
            ],
            [
              34.6143525,
              40.0213783
            ],
            [
              34.6143792,
              40.0213697
            ],
            [
              34.6143754,
              40.0213634
            ],
            [
              34.6144337,
              40.0213439
            ],
            [
              34.6144381,
              40.0213511
            ],
            [
              34.6144653,
              40.0213425
            ],
            [
              34.6144608,
              40.0213346
            ],
            [
              34.6144959,
              40.0213229
            ],
            [
              34.6144346,
              40.0212306
            ],
            [
              34.614428,
              40.021234
            ],
            [
              34.6144129,
              40.021234
            ],
            [
              34.6144199,
              40.0212445
            ],
            [
              34.6143611,
              40.0212626
            ],
            [
              34.6143559,
              40.0212548
            ],
            [
              34.6143337,
              40.0212556
            ]
          ],
          [
            [
              34.6143631,
              40.0213454
            ],
            [
              34.6143515,
              40.0213283
            ],
            [
              34.6144447,
              40.0212982
            ],
            [
              34.6144551,
              40.0213143
            ],
            [
              34.6143631,
              40.0213454
            ]
          ],
          [
            [
              34.6143426,
              40.0213119
            ],
            [
              34.6143319,
              40.021295
            ],
            [
              34.6144217,
              40.021266
            ],
            [
              34.6144243,
              40.0212678
            ],
            [
              34.6144344,
              40.0212826
            ],
            [
              34.6143426,
              40.0213119
            ]
          ]
        ]
      },
      "properties": {
        "id": "hattusa-relation-16140306",
        "siteKey": "hattusa",
        "siteName": "哈图莎（赫梯首都）",
        "siteEnName": "Hattusha (Hittite capital)",
        "name": "哈图莎 · 城墙与塔楼遗迹",
        "enName": "City wall and tower remains",
        "originalName": "",
        "role": "wall",
        "period": "夏商",
        "periodLabel": "赫梯时期／青铜时代",
        "heritageId": "whc-377",
        "tentative": false,
        "sourceUrl": "https://www.openstreetmap.org/relation/16140306",
        "referenceUrl": "https://www.dainst.org/en/research/projects/noslug/2280",
        "note": "保留公开城墙、塔楼及分区墙体矢量。开放线保持开放；已修复段可能包含现代重建，统一按赫梯遗存时期分组，不冒充完整原始城墙实测。",
        "label": false
      }
    },
    {
      "type": "Feature",
      "geometry": {
        "type": "Polygon",
        "coordinates": [
          [
            [
              34.6143693,
              40.0214067
            ],
            [
              34.6143568,
              40.0214108
            ],
            [
              34.6142903,
              40.0215306
            ],
            [
              34.6142538,
              40.0215181
            ],
            [
              34.6142065,
              40.0216017
            ],
            [
              34.6142416,
              40.021611
            ],
            [
              34.6141656,
              40.021766
            ],
            [
              34.6141813,
              40.0217662
            ],
            [
              34.614183,
              40.0217619
            ],
            [
              34.6141933,
              40.0217616
            ],
            [
              34.6142682,
              40.0217668
            ],
            [
              34.6143692,
              40.0215622
            ],
            [
              34.6144704,
              40.0214029
            ],
            [
              34.6144955,
              40.0213949
            ],
            [
              34.6144766,
              40.0213621
            ],
            [
              34.6144498,
              40.0213705
            ],
            [
              34.6144562,
              40.0213812
            ],
            [
              34.6143974,
              40.0213999
            ],
            [
              34.614391,
              40.0213891
            ],
            [
              34.614364,
              40.0213977
            ],
            [
              34.6143693,
              40.0214067
            ]
          ],
          [
            [
              34.614247,
              40.0217597
            ],
            [
              34.6142041,
              40.0217477
            ],
            [
              34.6142118,
              40.0217337
            ],
            [
              34.6142538,
              40.021744
            ],
            [
              34.614247,
              40.0217597
            ]
          ],
          [
            [
              34.6143929,
              40.0214792
            ],
            [
              34.6143551,
              40.021467
            ],
            [
              34.6143674,
              40.0214456
            ],
            [
              34.6144054,
              40.0214577
            ],
            [
              34.6143929,
              40.0214792
            ]
          ],
          [
            [
              34.6142588,
              40.0216371
            ],
            [
              34.614268,
              40.0216181
            ],
            [
              34.614309,
              40.0216291
            ],
            [
              34.6143003,
              40.0216475
            ],
            [
              34.6142588,
              40.0216371
            ]
          ],
          [
            [
              34.6143172,
              40.0216117
            ],
            [
              34.6142432,
              40.0215907
            ],
            [
              34.6142511,
              40.0215776
            ],
            [
              34.6143231,
              40.0215991
            ],
            [
              34.6143172,
              40.0216117
            ]
          ],
          [
            [
              34.6143802,
              40.0214264
            ],
            [
              34.6144332,
              40.0214142
            ],
            [
              34.6144187,
              40.0214378
            ],
            [
              34.6143802,
              40.0214264
            ]
          ],
          [
            [
              34.6143682,
              40.0215142
            ],
            [
              34.6143351,
              40.0215035
            ],
            [
              34.6143392,
              40.0214936
            ],
            [
              34.6143741,
              40.0215049
            ],
            [
              34.6143682,
              40.0215142
            ]
          ],
          [
            [
              34.6142639,
              40.0217242
            ],
            [
              34.6142219,
              40.0217118
            ],
            [
              34.6142306,
              40.0216951
            ],
            [
              34.6142724,
              40.0217064
            ],
            [
              34.6142639,
              40.0217242
            ]
          ],
          [
            [
              34.6142623,
              40.0215588
            ],
            [
              34.6142699,
              40.0215461
            ],
            [
              34.6143381,
              40.0215672
            ],
            [
              34.6143317,
              40.0215809
            ],
            [
              34.6142623,
              40.0215588
            ]
          ],
          [
            [
              34.6142495,
              40.0216562
            ],
            [
              34.6142912,
              40.0216668
            ],
            [
              34.6142818,
              40.0216867
            ],
            [
              34.61424,
              40.0216758
            ],
            [
              34.6142495,
              40.0216562
            ]
          ],
          [
            [
              34.6143473,
              40.0215485
            ],
            [
              34.6143143,
              40.0215378
            ],
            [
              34.6143184,
              40.0215279
            ],
            [
              34.6143533,
              40.0215392
            ],
            [
              34.6143473,
              40.0215485
            ]
          ]
        ]
      },
      "properties": {
        "id": "hattusa-relation-16140307",
        "siteKey": "hattusa",
        "siteName": "哈图莎（赫梯首都）",
        "siteEnName": "Hattusha (Hittite capital)",
        "name": "哈图莎 · 城墙与塔楼遗迹",
        "enName": "City wall and tower remains",
        "originalName": "",
        "role": "wall",
        "period": "夏商",
        "periodLabel": "赫梯时期／青铜时代",
        "heritageId": "whc-377",
        "tentative": false,
        "sourceUrl": "https://www.openstreetmap.org/relation/16140307",
        "referenceUrl": "https://www.dainst.org/en/research/projects/noslug/2280",
        "note": "保留公开城墙、塔楼及分区墙体矢量。开放线保持开放；已修复段可能包含现代重建，统一按赫梯遗存时期分组，不冒充完整原始城墙实测。",
        "label": false
      }
    },
    {
      "type": "Feature",
      "geometry": {
        "type": "Polygon",
        "coordinates": [
          [
            [
              34.6144209,
              40.0210533
            ],
            [
              34.6141301,
              40.0208117
            ],
            [
              34.6140977,
              40.0208426
            ],
            [
              34.6138351,
              40.020699
            ],
            [
              34.6137871,
              40.0207546
            ],
            [
              34.6138059,
              40.0207636
            ],
            [
              34.6138389,
              40.0207198
            ],
            [
              34.6138786,
              40.0207424
            ],
            [
              34.6138415,
              40.0207807
            ],
            [
              34.6138573,
              40.0207882
            ],
            [
              34.6138941,
              40.0207517
            ],
            [
              34.6139289,
              40.0207714
            ],
            [
              34.6138921,
              40.0208084
            ],
            [
              34.6139079,
              40.0208176
            ],
            [
              34.613944,
              40.0207801
            ],
            [
              34.6139748,
              40.0207978
            ],
            [
              34.6139384,
              40.0208352
            ],
            [
              34.613958,
              40.0208466
            ],
            [
              34.613995,
              40.0208094
            ],
            [
              34.6140204,
              40.0208239
            ],
            [
              34.6139826,
              40.0208608
            ],
            [
              34.6139989,
              40.0208702
            ],
            [
              34.6140369,
              40.0208335
            ],
            [
              34.6140825,
              40.0208595
            ],
            [
              34.6140441,
              40.0208962
            ],
            [
              34.6140639,
              40.020909
            ],
            [
              34.6141329,
              40.0208432
            ],
            [
              34.6141479,
              40.0208556
            ],
            [
              34.6140778,
              40.0209194
            ],
            [
              34.6140944,
              40.0209317
            ],
            [
              34.6141657,
              40.0208701
            ],
            [
              34.6141817,
              40.0208832
            ],
            [
              34.6141101,
              40.0209433
            ],
            [
              34.6141278,
              40.0209564
            ],
            [
              34.6142004,
              40.0208985
            ],
            [
              34.6142584,
              40.020946
            ],
            [
              34.6141625,
              40.0209821
            ],
            [
              34.6141766,
              40.0209925
            ],
            [
              34.6142715,
              40.0209568
            ],
            [
              34.6143055,
              40.0209845
            ],
            [
              34.6142224,
              40.0210265
            ],
            [
              34.6142387,
              40.0210386
            ],
            [
              34.6143197,
              40.0209961
            ],
            [
              34.6143323,
              40.0210064
            ],
            [
              34.6142526,
              40.0210488
            ],
            [
              34.6142408,
              40.0210576
            ],
            [
              34.6142949,
              40.0210978
            ],
            [
              34.6142638,
              40.0211135
            ],
            [
              34.6142128,
              40.0210795
            ],
            [
              34.6142014,
              40.0210884
            ],
            [
              34.6142663,
              40.0211306
            ],
            [
              34.6144209,
              40.0210533
            ]
          ],
          [
            [
              34.6142657,
              40.0210603
            ],
            [
              34.6143446,
              40.0210184
            ],
            [
              34.6143578,
              40.0210292
            ],
            [
              34.6142812,
              40.021071
            ],
            [
              34.6142657,
              40.0210603
            ]
          ],
          [
            [
              34.6142924,
              40.0210794
            ],
            [
              34.6143714,
              40.0210375
            ],
            [
              34.6143846,
              40.0210483
            ],
            [
              34.614308,
              40.0210902
            ],
            [
              34.6142924,
              40.0210794
            ]
          ]
        ]
      },
      "properties": {
        "id": "hattusa-relation-16140364",
        "siteKey": "hattusa",
        "siteName": "哈图莎（赫梯首都）",
        "siteEnName": "Hattusha (Hittite capital)",
        "name": "哈图莎 · 分区城墙遗迹",
        "enName": "Section wall remains",
        "originalName": "",
        "role": "wall",
        "period": "夏商",
        "periodLabel": "赫梯时期／青铜时代",
        "heritageId": "whc-377",
        "tentative": false,
        "sourceUrl": "https://www.openstreetmap.org/relation/16140364",
        "referenceUrl": "https://www.dainst.org/en/research/projects/noslug/2280",
        "note": "保留公开城墙、塔楼及分区墙体矢量。开放线保持开放；已修复段可能包含现代重建，统一按赫梯遗存时期分组，不冒充完整原始城墙实测。",
        "label": false
      }
    },
    {
      "type": "Feature",
      "geometry": {
        "type": "Polygon",
        "coordinates": [
          [
            [
              34.613583,
              40.0186896
            ],
            [
              34.6136878,
              40.0185793
            ],
            [
              34.6137048,
              40.0185672
            ],
            [
              34.6137751,
              40.0184428
            ],
            [
              34.6137753,
              40.0183882
            ],
            [
              34.6137526,
              40.0183798
            ],
            [
              34.6137702,
              40.0183254
            ],
            [
              34.6137422,
              40.0183258
            ],
            [
              34.6137286,
              40.0183683
            ],
            [
              34.6136588,
              40.0183359
            ],
            [
              34.6136601,
              40.0183616
            ],
            [
              34.6136845,
              40.0183714
            ],
            [
              34.6136258,
              40.018456
            ],
            [
              34.6136557,
              40.0184666
            ],
            [
              34.6136239,
              40.0185142
            ],
            [
              34.6135982,
              40.0184989
            ],
            [
              34.6135278,
              40.0185753
            ],
            [
              34.6134831,
              40.0185598
            ],
            [
              34.6134791,
              40.0185803
            ],
            [
              34.6135509,
              40.0186059
            ],
            [
              34.6134926,
              40.0186612
            ],
            [
              34.6134928,
              40.0186906
            ],
            [
              34.6135017,
              40.0186905
            ],
            [
              34.6135191,
              40.0186765
            ],
            [
              34.6135437,
              40.01869
            ],
            [
              34.613583,
              40.0186896
            ]
          ],
          [
            [
              34.6136839,
              40.0185377
            ],
            [
              34.6136535,
              40.0185252
            ],
            [
              34.6136646,
              40.0185103
            ],
            [
              34.613694,
              40.0185235
            ],
            [
              34.6136839,
              40.0185377
            ]
          ],
          [
            [
              34.6136861,
              40.0184784
            ],
            [
              34.6137166,
              40.0184911
            ],
            [
              34.6137064,
              40.0185076
            ],
            [
              34.6136747,
              40.0184958
            ],
            [
              34.6136861,
              40.0184784
            ]
          ],
          [
            [
              34.6135616,
              40.0186345
            ],
            [
              34.6135775,
              40.0186161
            ],
            [
              34.6136042,
              40.0186301
            ],
            [
              34.6135883,
              40.0186485
            ],
            [
              34.6135616,
              40.0186345
            ]
          ],
          [
            [
              34.6137253,
              40.0184742
            ],
            [
              34.613667,
              40.0184462
            ],
            [
              34.6136843,
              40.0184253
            ],
            [
              34.6137409,
              40.0184512
            ],
            [
              34.6137253,
              40.0184742
            ]
          ],
          [
            [
              34.6135908,
              40.0185498
            ],
            [
              34.6136108,
              40.0185287
            ],
            [
              34.6136696,
              40.0185567
            ],
            [
              34.6136544,
              40.0185784
            ],
            [
              34.6135908,
              40.0185498
            ]
          ],
          [
            [
              34.6137507,
              40.0184321
            ],
            [
              34.6136962,
              40.0184058
            ],
            [
              34.6137145,
              40.0183841
            ],
            [
              34.6137656,
              40.0184054
            ],
            [
              34.6137507,
              40.0184321
            ]
          ],
          [
            [
              34.6136147,
              40.0186152
            ],
            [
              34.6135543,
              40.018586
            ],
            [
              34.6135742,
              40.0185657
            ],
            [
              34.6136326,
              40.0185939
            ],
            [
              34.6136147,
              40.0186152
            ]
          ],
          [
            [
              34.6135319,
              40.0186662
            ],
            [
              34.6135489,
              40.0186452
            ],
            [
              34.6135777,
              40.0186588
            ],
            [
              34.6135575,
              40.0186802
            ],
            [
              34.6135319,
              40.0186662
            ]
          ]
        ]
      },
      "properties": {
        "id": "hattusa-relation-16140366",
        "siteKey": "hattusa",
        "siteName": "哈图莎（赫梯首都）",
        "siteEnName": "Hattusha (Hittite capital)",
        "name": "哈图莎 · 城墙与塔楼遗迹",
        "enName": "City wall and tower remains",
        "originalName": "",
        "role": "wall",
        "period": "夏商",
        "periodLabel": "赫梯时期／青铜时代",
        "heritageId": "whc-377",
        "tentative": false,
        "sourceUrl": "https://www.openstreetmap.org/relation/16140366",
        "referenceUrl": "https://www.dainst.org/en/research/projects/noslug/2280",
        "note": "保留公开城墙、塔楼及分区墙体矢量。开放线保持开放；已修复段可能包含现代重建，统一按赫梯遗存时期分组，不冒充完整原始城墙实测。",
        "label": false
      }
    },
    {
      "type": "Feature",
      "geometry": {
        "type": "Polygon",
        "coordinates": [
          [
            [
              34.6142112,
              40.017389
            ],
            [
              34.6142735,
              40.017329
            ],
            [
              34.6144558,
              40.0174317
            ],
            [
              34.6144652,
              40.0174122
            ],
            [
              34.6143747,
              40.0173603
            ],
            [
              34.6143828,
              40.0173531
            ],
            [
              34.61448,
              40.0174029
            ],
            [
              34.6144947,
              40.0173896
            ],
            [
              34.6143231,
              40.0172951
            ],
            [
              34.6145417,
              40.0170614
            ],
            [
              34.6147643,
              40.0168041
            ],
            [
              34.6148528,
              40.0168534
            ],
            [
              34.6148863,
              40.0168226
            ],
            [
              34.6147938,
              40.0167671
            ],
            [
              34.614879,
              40.0166562
            ],
            [
              34.6149602,
              40.016591
            ],
            [
              34.6152103,
              40.0164126
            ],
            [
              34.6154009,
              40.0162964
            ],
            [
              34.6153193,
              40.0162593
            ],
            [
              34.6152897,
              40.0162775
            ],
            [
              34.6152648,
              40.0162529
            ],
            [
              34.6151375,
              40.0163293
            ],
            [
              34.6151678,
              40.0163545
            ],
            [
              34.6150273,
              40.0164431
            ],
            [
              34.6150046,
              40.0164229
            ],
            [
              34.6149041,
              40.0165023
            ],
            [
              34.6149267,
              40.0165217
            ],
            [
              34.6148776,
              40.016557
            ],
            [
              34.614811,
              40.0166138
            ],
            [
              34.6147758,
              40.0165918
            ],
            [
              34.6146981,
              40.0166791
            ],
            [
              34.6147236,
              40.0166966
            ],
            [
              34.6146803,
              40.0167508
            ],
            [
              34.6146561,
              40.0167362
            ],
            [
              34.6145878,
              40.0168224
            ],
            [
              34.6146219,
              40.0168425
            ],
            [
              34.6145362,
              40.0169443
            ],
            [
              34.6145038,
              40.0169284
            ],
            [
              34.6144235,
              40.0170138
            ],
            [
              34.6144594,
              40.0170324
            ],
            [
              34.6144022,
              40.0170955
            ],
            [
              34.6143497,
              40.0171511
            ],
            [
              34.6143183,
              40.0171332
            ],
            [
              34.6142368,
              40.0172178
            ],
            [
              34.6142672,
              40.0172367
            ],
            [
              34.6142543,
              40.0172507
            ],
            [
              34.6142483,
              40.0172563
            ],
            [
              34.6141259,
              40.0171831
            ],
            [
              34.6141119,
              40.0171985
            ],
            [
              34.6142312,
              40.0172668
            ],
            [
              34.6142245,
              40.0172797
            ],
            [
              34.6141085,
              40.017218
            ],
            [
              34.6140897,
              40.0172314
            ],
            [
              34.6142118,
              40.0172981
            ],
            [
              34.6141528,
              40.0173567
            ],
            [
              34.6142112,
              40.017389
            ]
          ],
          [
            [
              34.6146508,
              40.0168075
            ],
            [
              34.6146344,
              40.0168274
            ],
            [
              34.6146179,
              40.0168189
            ],
            [
              34.6146344,
              40.0167981
            ],
            [
              34.6146508,
              40.0168075
            ]
          ],
          [
            [
              34.6149166,
              40.0165907
            ],
            [
              34.6149004,
              40.0165789
            ],
            [
              34.6149161,
              40.0165659
            ],
            [
              34.6149317,
              40.0165782
            ],
            [
              34.6149166,
              40.0165907
            ]
          ],
          [
            [
              34.6145217,
              40.0170439
            ],
            [
              34.6144963,
              40.0170303
            ],
            [
              34.6145154,
              40.0170083
            ],
            [
              34.6145402,
              40.0170215
            ],
            [
              34.6145217,
              40.0170439
            ]
          ],
          [
            [
              34.6151944,
              40.016393
            ],
            [
              34.6151803,
              40.0163797
            ],
            [
              34.6151968,
              40.0163694
            ],
            [
              34.6152108,
              40.0163827
            ],
            [
              34.6151944,
              40.016393
            ]
          ],
          [
            [
              34.6147375,
              40.0167858
            ],
            [
              34.6147041,
              40.0167653
            ],
            [
              34.6147466,
              40.016712
            ],
            [
              34.6147812,
              40.0167351
            ],
            [
              34.6147375,
              40.0167858
            ]
          ],
          [
            [
              34.6144279,
              40.0171451
            ],
            [
              34.6144038,
              40.0171312
            ],
            [
              34.6144214,
              40.0171122
            ],
            [
              34.6144458,
              40.017126
            ],
            [
              34.6144279,
              40.0171451
            ]
          ],
          [
            [
              34.6152449,
              40.0163089
            ],
            [
              34.6152374,
              40.0163017
            ],
            [
              34.6152613,
              40.0162874
            ],
            [
              34.6152688,
              40.0162946
            ],
            [
              34.6152449,
              40.0163089
            ]
          ],
          [
            [
              34.6146323,
              40.0169102
            ],
            [
              34.6146096,
              40.0168982
            ],
            [
              34.6146216,
              40.016884
            ],
            [
              34.6146441,
              40.0168959
            ],
            [
              34.6146323,
              40.0169102
            ]
          ],
          [
            [
              34.6146082,
              40.0169395
            ],
            [
              34.6145849,
              40.0169276
            ],
            [
              34.614597,
              40.0169133
            ],
            [
              34.6146198,
              40.0169253
            ],
            [
              34.6146082,
              40.0169395
            ]
          ],
          [
            [
              34.6153318,
              40.0163062
            ],
            [
              34.6153178,
              40.0162929
            ],
            [
              34.615331,
              40.0162846
            ],
            [
              34.6153449,
              40.0162979
            ],
            [
              34.6153318,
              40.0163062
            ]
          ],
          [
            [
              34.6151311,
              40.016436
            ],
            [
              34.615111,
              40.0164493
            ],
            [
              34.6150967,
              40.0164362
            ],
            [
              34.6151168,
              40.0164229
            ],
            [
              34.6151311,
              40.016436
            ]
          ],
          [
            [
              34.6144595,
              40.0171116
            ],
            [
              34.6144349,
              40.0170977
            ],
            [
              34.6144525,
              40.0170786
            ],
            [
              34.6144774,
              40.0170926
            ],
            [
              34.6144595,
              40.0171116
            ]
          ],
          [
            [
              34.6146565,
              40.0168808
            ],
            [
              34.6146342,
              40.016869
            ],
            [
              34.6146461,
              40.0168549
            ],
            [
              34.6146687,
              40.0168666
            ],
            [
              34.6146565,
              40.0168808
            ]
          ],
          [
            [
              34.614491,
              40.0170782
            ],
            [
              34.614466,
              40.017064
            ],
            [
              34.6144834,
              40.0170452
            ],
            [
              34.6145092,
              40.017059
            ],
            [
              34.614491,
              40.0170782
            ]
          ],
          [
            [
              34.6145045,
              40.0169807
            ],
            [
              34.6144904,
              40.0169732
            ],
            [
              34.61451,
              40.0169524
            ],
            [
              34.6145232,
              40.0169592
            ],
            [
              34.6145045,
              40.0169807
            ]
          ],
          [
            [
              34.614359,
              40.0172125
            ],
            [
              34.6143385,
              40.0172004
            ],
            [
              34.614359,
              40.0171791
            ],
            [
              34.6143803,
              40.0171917
            ],
            [
              34.614359,
              40.0172125
            ]
          ],
          [
            [
              34.6149954,
              40.0164796
            ],
            [
              34.6149861,
              40.0164724
            ],
            [
              34.6150062,
              40.016456
            ],
            [
              34.6150159,
              40.0164634
            ],
            [
              34.6149954,
              40.0164796
            ]
          ],
          [
            [
              34.6144724,
              40.0170176
            ],
            [
              34.6144566,
              40.0170092
            ],
            [
              34.6144767,
              40.0169877
            ],
            [
              34.6144915,
              40.0169956
            ],
            [
              34.6144724,
              40.0170176
            ]
          ],
          [
            [
              34.6148559,
              40.0166425
            ],
            [
              34.6148387,
              40.0166315
            ],
            [
              34.6148534,
              40.0166185
            ],
            [
              34.6148705,
              40.0166301
            ],
            [
              34.6148559,
              40.0166425
            ]
          ],
          [
            [
              34.6152836,
              40.0163366
            ],
            [
              34.6152697,
              40.0163233
            ],
            [
              34.6152939,
              40.016308
            ],
            [
              34.6153079,
              40.0163213
            ],
            [
              34.6152836,
              40.0163366
            ]
          ],
          [
            [
              34.6145527,
              40.0170065
            ],
            [
              34.6145284,
              40.0169935
            ],
            [
              34.6145474,
              40.0169716
            ],
            [
              34.6145713,
              40.016984
            ],
            [
              34.6145527,
              40.0170065
            ]
          ],
          [
            [
              34.6142685,
              40.017215
            ],
            [
              34.614289,
              40.0171937
            ],
            [
              34.6143015,
              40.0172011
            ],
            [
              34.614281,
              40.0172224
            ],
            [
              34.6142685,
              40.017215
            ]
          ],
          [
            [
              34.6149527,
              40.0165133
            ],
            [
              34.6149432,
              40.016506
            ],
            [
              34.6149677,
              40.0164877
            ],
            [
              34.6149765,
              40.0164945
            ],
            [
              34.6149527,
              40.0165133
            ]
          ],
          [
            [
              34.6143153,
              40.0171868
            ],
            [
              34.6143028,
              40.0171794
            ],
            [
              34.6143234,
              40.0171581
            ],
            [
              34.6143359,
              40.0171655
            ],
            [
              34.6143153,
              40.0171868
            ]
          ],
          [
            [
              34.6148855,
              40.0166165
            ],
            [
              34.6148692,
              40.0166047
            ],
            [
              34.6148846,
              40.0165919
            ],
            [
              34.6149008,
              40.0166038
            ],
            [
              34.6148855,
              40.0166165
            ]
          ],
          [
            [
              34.6150695,
              40.0164768
            ],
            [
              34.6150551,
              40.0164637
            ],
            [
              34.6150768,
              40.0164493
            ],
            [
              34.6150911,
              40.0164625
            ],
            [
              34.6150695,
              40.0164768
            ]
          ],
          [
            [
              34.6147095,
              40.0168187
            ],
            [
              34.6146852,
              40.0168049
            ],
            [
              34.6147007,
              40.0167861
            ],
            [
              34.6147248,
              40.0168008
            ],
            [
              34.6147095,
              40.0168187
            ]
          ],
          [
            [
              34.6145838,
              40.0169689
            ],
            [
              34.6145603,
              40.0169568
            ],
            [
              34.6145723,
              40.0169426
            ],
            [
              34.6145957,
              40.0169546
            ],
            [
              34.6145838,
              40.0169689
            ]
          ],
          [
            [
              34.6152005,
              40.0163356
            ],
            [
              34.615193,
              40.0163284
            ],
            [
              34.6152124,
              40.0163168
            ],
            [
              34.6152199,
              40.0163239
            ],
            [
              34.6152005,
              40.0163356
            ]
          ],
          [
            [
              34.6152361,
              40.0163666
            ],
            [
              34.6152222,
              40.0163533
            ],
            [
              34.6152472,
              40.0163375
            ],
            [
              34.6152611,
              40.0163508
            ],
            [
              34.6152361,
              40.0163666
            ]
          ],
          [
            [
              34.6147802,
              40.0166524
            ],
            [
              34.6147604,
              40.0166391
            ],
            [
              34.6147806,
              40.0166167
            ],
            [
              34.6148035,
              40.0166291
            ],
            [
              34.6147802,
              40.0166524
            ]
          ],
          [
            [
              34.6148251,
              40.0166827
            ],
            [
              34.614795,
              40.0166611
            ],
            [
              34.6148175,
              40.0166386
            ],
            [
              34.6148466,
              40.0166575
            ],
            [
              34.6148251,
              40.0166827
            ]
          ],
          [
            [
              34.6143946,
              40.0171776
            ],
            [
              34.6143728,
              40.0171648
            ],
            [
              34.6143904,
              40.0171458
            ],
            [
              34.6144135,
              40.0171591
            ],
            [
              34.6143946,
              40.0171776
            ]
          ],
          [
            [
              34.6147946,
              40.0167195
            ],
            [
              34.6147593,
              40.0166975
            ],
            [
              34.6147796,
              40.0166774
            ],
            [
              34.6148136,
              40.0166972
            ],
            [
              34.6147946,
              40.0167195
            ]
          ],
          [
            [
              34.6149482,
              40.0165656
            ],
            [
              34.6149326,
              40.0165533
            ],
            [
              34.6149489,
              40.0165407
            ],
            [
              34.6149638,
              40.0165536
            ],
            [
              34.6149482,
              40.0165656
            ]
          ],
          [
            [
              34.6150088,
              40.016519
            ],
            [
              34.6149868,
              40.0165359
            ],
            [
              34.6149712,
              40.0165236
            ],
            [
              34.6149938,
              40.0165062
            ],
            [
              34.6150088,
              40.016519
            ]
          ],
          [
            [
              34.6146814,
              40.0168516
            ],
            [
              34.614657,
              40.016839
            ],
            [
              34.6146727,
              40.01682
            ],
            [
              34.6146967,
              40.0168337
            ],
            [
              34.6146814,
              40.0168516
            ]
          ],
          [
            [
              34.6143234,
              40.0172474
            ],
            [
              34.6143041,
              40.017236
            ],
            [
              34.6143247,
              40.0172147
            ],
            [
              34.6143447,
              40.0172265
            ],
            [
              34.6143234,
              40.0172474
            ]
          ],
          [
            [
              34.6146793,
              40.016773
            ],
            [
              34.6146633,
              40.0167924
            ],
            [
              34.6146465,
              40.0167827
            ],
            [
              34.6146624,
              40.0167626
            ],
            [
              34.6146793,
              40.016773
            ]
          ],
          [
            [
              34.6150495,
              40.0164901
            ],
            [
              34.6150281,
              40.0165053
            ],
            [
              34.6150131,
              40.0164925
            ],
            [
              34.6150351,
              40.0164769
            ],
            [
              34.6150495,
              40.0164901
            ]
          ],
          [
            [
              34.6147479,
              40.0166875
            ],
            [
              34.614732,
              40.0166785
            ],
            [
              34.6147486,
              40.0166577
            ],
            [
              34.6147663,
              40.0166675
            ],
            [
              34.6147479,
              40.0166875
            ]
          ],
          [
            [
              34.6151547,
              40.0164204
            ],
            [
              34.6151391,
              40.0164081
            ],
            [
              34.615158,
              40.0163951
            ],
            [
              34.6151725,
              40.0164081
            ],
            [
              34.6151547,
              40.0164204
            ]
          ],
          [
            [
              34.6142403,
              40.017336
            ],
            [
              34.614221,
              40.0173247
            ],
            [
              34.6142415,
              40.0173034
            ],
            [
              34.6142615,
              40.0173152
            ],
            [
              34.6142403,
              40.017336
            ]
          ],
          [
            [
              34.6142014,
              40.0173668
            ],
            [
              34.6141821,
              40.0173555
            ],
            [
              34.6142026,
              40.0173342
            ],
            [
              34.6142226,
              40.017346
            ],
            [
              34.6142014,
              40.0173668
            ]
          ]
        ]
      },
      "properties": {
        "id": "hattusa-relation-16140376",
        "siteKey": "hattusa",
        "siteName": "哈图莎（赫梯首都）",
        "siteEnName": "Hattusha (Hittite capital)",
        "name": "哈图莎 · 地下通道城墙遗迹",
        "enName": "Postern wall remains",
        "originalName": "",
        "role": "wall",
        "period": "夏商",
        "periodLabel": "赫梯时期／青铜时代",
        "heritageId": "whc-377",
        "tentative": false,
        "sourceUrl": "https://www.openstreetmap.org/relation/16140376",
        "referenceUrl": "https://www.dainst.org/en/research/projects/noslug/2280",
        "note": "保留公开城墙、塔楼及分区墙体矢量。开放线保持开放；已修复段可能包含现代重建，统一按赫梯遗存时期分组，不冒充完整原始城墙实测。",
        "label": false
      }
    },
    {
      "type": "Feature",
      "geometry": {
        "type": "Polygon",
        "coordinates": [
          [
            [
              34.614309748887464,
              40.02196498227212
            ],
            [
              34.61468936111641,
              40.022338357165
            ],
            [
              34.61552534214576,
              40.022479537691076
            ],
            [
              34.616199401707284,
              40.022157321494774
            ],
            [
              34.616507921403034,
              40.02223840385269
            ],
            [
              34.61802828172689,
              40.022626928710345
            ],
            [
              34.61869448821589,
              40.023081758439126
            ],
            [
              34.619624425371676,
              40.02356663725199
            ],
            [
              34.620423122632424,
              40.02407101034268
            ],
            [
              34.621347430842945,
              40.0242452197767
            ],
            [
              34.62222351011352,
              40.02417854242759
            ],
            [
              34.62228084300273,
              40.02371142092538
            ],
            [
              34.622012734267386,
              40.0234397401022
            ],
            [
              34.62141105320878,
              40.02291475529973
            ],
            [
              34.62083317390097,
              40.022492954478885
            ],
            [
              34.620408459923894,
              40.022051286902226
            ],
            [
              34.62050714193105,
              40.021445345164565
            ],
            [
              34.62043042045259,
              40.020842383250766
            ],
            [
              34.619782699488304,
              40.02019732753471
            ],
            [
              34.61959728898887,
              40.01964800624063
            ],
            [
              34.620380037571366,
              40.0192721494246
            ],
            [
              34.62087525373627,
              40.01876305954287
            ],
            [
              34.62119569185391,
              40.01829146830487
            ],
            [
              34.62173569704777,
              40.01783341169697
            ],
            [
              34.62221086409206,
              40.01742825075283
            ],
            [
              34.6222456461072,
              40.016926982908736
            ],
            [
              34.62250218423283,
              40.01656006556429
            ],
            [
              34.622756220605,
              40.01605507294037
            ],
            [
              34.622768451746076,
              40.01551965875438
            ],
            [
              34.62317377713389,
              40.01489124291502
            ],
            [
              34.623544633225755,
              40.0147813543297
            ],
            [
              34.6235336880544,
              40.014177274981954
            ],
            [
              34.62341405386208,
              40.01362683625393
            ],
            [
              34.623289416162855,
              40.012800246966925
            ],
            [
              34.62285938595969,
              40.01206516942136
            ],
            [
              34.62278078816614,
              40.01135865104795
            ],
            [
              34.62272724300011,
              40.01082435429591
            ],
            [
              34.62268874344778,
              40.009909978047304
            ],
            [
              34.6226969092395,
              40.00915019153215
            ],
            [
              34.62244540971378,
              40.008584728262086
            ],
            [
              34.62186502865251,
              40.00802485216175
            ],
            [
              34.62106664411094,
              40.007537738481
            ],
            [
              34.61969663464518,
              40.00697401217811
            ],
            [
              34.61828465062311,
              40.0065145872908
            ],
            [
              34.61729050075612,
              40.00611712296156
            ],
            [
              34.61669726311541,
              40.00605814222735
            ],
            [
              34.6159079474301,
              40.00607155143473
            ],
            [
              34.61514462252986,
              40.006308960493286
            ],
            [
              34.61412225775054,
              40.0067752116168
            ],
            [
              34.612882514929275,
              40.007348743979755
            ],
            [
              34.61201394091906,
              40.00782964716733
            ],
            [
              34.61130040855467,
              40.00839424005869
            ],
            [
              34.61076353055263,
              40.00902489076594
            ],
            [
              34.61031153982077,
              40.009498716871846
            ],
            [
              34.61014395431469,
              40.0099331819441
            ],
            [
              34.609978245123685,
              40.010471203475966
            ],
            [
              34.609792486812076,
              40.01111315394543
            ],
            [
              34.60993592275519,
              40.01176677665509
            ],
            [
              34.60994968239918,
              40.012526190692256
            ],
            [
              34.60984943679611,
              40.01304583538024
            ],
            [
              34.610234990689506,
              40.0137471390619
            ],
            [
              34.61018015955375,
              40.01435233584359
            ],
            [
              34.61023651919241,
              40.01504196728505
            ],
            [
              34.61033735514085,
              40.01576537259042
            ],
            [
              34.6106339564147,
              40.016399128544265
            ],
            [
              34.611059608549326,
              40.01689257435073
            ],
            [
              34.61152723524027,
              40.017281718741614
            ],
            [
              34.611668794868294,
              40.01783178499166
            ],
            [
              34.61237885222869,
              40.018285869764476
            ],
            [
              34.61299870609282,
              40.01860336916974
            ],
            [
              34.61324645298836,
              40.018961719520576
            ],
            [
              34.613620748991224,
              40.01904168444455
            ],
            [
              34.6139778103461,
              40.019380912995544
            ],
            [
              34.61400473928871,
              40.019656691076534
            ],
            [
              34.613637323107845,
              40.019956433171146
            ],
            [
              34.61320444333905,
              40.02027455210964
            ],
            [
              34.61309763063317,
              40.02043174918897
            ],
            [
              34.61349854285945,
              40.020770232783995
            ],
            [
              34.61409678400707,
              40.02110536407718
            ],
            [
              34.61430005459284,
              40.02142994056411
            ],
            [
              34.61432729625463,
              40.02172297805504
            ],
            [
              34.614309748887464,
              40.02196498227212
            ]
          ]
        ]
      },
      "properties": {
        "id": "hattusa-dai-city-reference",
        "siteKey": "hattusa",
        "siteName": "哈图莎（赫梯首都）",
        "siteEnName": "Hattusha (Hittite capital)",
        "name": "哈图莎城界（总图参照）",
        "enName": "Hattusha city extent (plan reference)",
        "role": "area",
        "period": "夏商",
        "periodLabel": "赫梯时期／青铜时代",
        "heritageId": "whc-377",
        "tentative": false,
        "sourceUrl": "https://www.dainst.org/en/research/projects/noslug/2280",
        "referenceUrl": "https://www.dainst.org/en/research/projects/noslug/2280",
        "note": "依据德国考古研究院赫梯时期总图与城门、大神庙、王宫区配准描摹。包含自然崖边防线及缺失墙段，用虚线标注；配准控制点残差约13–25米，局部未核对区域误差可能更大。不是整圈现存墙体实测线或世界遗产法定边界。",
        "label": true,
        "boundaryLabel": true,
        "inferredBoundary": true,
        "derived": true,
        "labelCoordinates": [
          34.622,
          40.0105
        ]
      }
    },
    {
      "type": "Feature",
      "geometry": {
        "type": "Point",
        "coordinates": [
          34.618511,
          40.013191
        ]
      },
      "properties": {
        "id": "hattusa-vici-24115",
        "siteKey": "hattusa",
        "siteName": "哈图莎（赫梯首都）",
        "siteEnName": "Hattusha (Hittite capital)",
        "name": "南堡（居内伊卡莱）",
        "enName": "Southern Fort (Güney Kale / Südburg)",
        "originalName": "Southern Fort (Güney Kale / Südburg)",
        "role": "fortress",
        "period": "周",
        "periodLabel": "弗里吉亚时期／铁器时代",
        "heritageId": "whc-377",
        "tentative": false,
        "sourceUrl": "https://vici.org/vici/24115/",
        "referenceUrl": "https://publications.dainst.org/books/dai/catalog/book/2090",
        "note": "南堡地表为弗里吉亚时期堡垒遗迹，下方另有赫梯时期祭祀室。此点为公开位置参照，未据此虚构堡垒轮廓。",
        "label": true,
        "attribution": "Vici.org · coordinate metadata CC0",
        "license": "CC0",
        "positionReference": true
      }
    },
    {
      "type": "Feature",
      "geometry": {
        "type": "Point",
        "coordinates": [
          34.618713,
          40.012527
        ]
      },
      "properties": {
        "id": "hattusa-vici-24141",
        "siteKey": "hattusa",
        "siteName": "哈图莎（赫梯首都）",
        "siteEnName": "Hattusha (Hittite capital)",
        "name": "南堡 · 第一祭祀室",
        "enName": "Southern Fort · Chamber I",
        "originalName": "Southern Fort · Chamber I",
        "role": "temple",
        "period": "夏商",
        "periodLabel": "赫梯时期／青铜时代",
        "heritageId": "whc-377",
        "tentative": false,
        "sourceUrl": "https://vici.org/vici/24141/",
        "referenceUrl": "https://publications.dainst.org/books/dai/catalog/book/2090",
        "note": "赫梯祭祀建筑参照点，与第二室及后来堡垒分别标注；没有已核实的室内矢量轮廓。",
        "label": true,
        "attribution": "Vici.org · coordinate metadata CC0",
        "license": "CC0",
        "positionReference": true
      }
    },
    {
      "type": "Feature",
      "geometry": {
        "type": "Point",
        "coordinates": [
          34.619354,
          40.013245
        ]
      },
      "properties": {
        "id": "hattusa-vici-24117",
        "siteKey": "hattusa",
        "siteName": "哈图莎（赫梯首都）",
        "siteEnName": "Hattusha (Hittite capital)",
        "name": "南堡 · 象形文字室（第二室）",
        "enName": "Southern Fort · Hieroglyph Chamber (Chamber II)",
        "originalName": "Southern Fort · Hieroglyph Chamber (Chamber II)",
        "role": "temple",
        "period": "夏商",
        "periodLabel": "赫梯时期／青铜时代",
        "heritageId": "whc-377",
        "tentative": false,
        "sourceUrl": "https://vici.org/vici/24117/",
        "referenceUrl": "https://publications.dainst.org/books/dai/catalog/book/2090",
        "note": "保留卢维象形文字与浮雕的赫梯祭祀室，位于后来的弗里吉亚堡垒下。点位来自公开考古地图；并非建筑实测范围。",
        "label": true,
        "attribution": "Vici.org · coordinate metadata CC0",
        "license": "CC0",
        "positionReference": true
      }
    },
    {
      "type": "Feature",
      "geometry": {
        "type": "Point",
        "coordinates": [
          34.619194,
          40.013996
        ]
      },
      "properties": {
        "id": "hattusa-vici-24140",
        "siteKey": "hattusa",
        "siteName": "哈图莎（赫梯首都）",
        "siteEnName": "Hattusha (Hittite capital)",
        "name": "第三十一神庙",
        "enName": "Temple 31",
        "originalName": "Temple 31",
        "role": "temple",
        "period": "夏商",
        "periodLabel": "赫梯时期／青铜时代",
        "heritageId": "whc-377",
        "tentative": false,
        "sourceUrl": "https://vici.org/vici/24140/",
        "referenceUrl": "https://publications.dainst.org/books/dai/catalog/book/2090",
        "note": "王宫南侧、南堡祭祀室附近的神庙位置参照；未用矩形代替未核实的建筑轮廓。",
        "label": true,
        "attribution": "Vici.org · coordinate metadata CC0",
        "license": "CC0",
        "positionReference": true
      }
    },
    {
      "type": "Feature",
      "geometry": {
        "type": "Point",
        "coordinates": [
          34.615101,
          40.012558
        ]
      },
      "properties": {
        "id": "hattusa-vici-24110",
        "siteKey": "hattusa",
        "siteName": "哈图莎（赫梯首都）",
        "siteEnName": "Hattusha (Hittite capital)",
        "name": "萨勒卡莱（黄堡）",
        "enName": "Sarıkale (Yellow Fortress)",
        "originalName": "Sarıkale (Yellow Fortress)",
        "role": "fortress",
        "period": "夏商",
        "periodLabel": "赫梯时期／青铜时代；后有拜占庭改建",
        "heritageId": "whc-377",
        "tentative": false,
        "sourceUrl": "https://vici.org/vici/24110/",
        "referenceUrl": "https://publications.dainst.org/books/dai/catalog/book/2090",
        "note": "岩丘上的赫梯建筑遗迹，后期曾改建；原始功能尚有讨论，未将其直接认定为另一座王宫。公开坐标仅作位置参照。",
        "label": true,
        "attribution": "Vici.org · coordinate metadata CC0",
        "license": "CC0",
        "positionReference": true
      }
    },
    {
      "type": "Feature",
      "geometry": {
        "type": "Point",
        "coordinates": [
          34.615929,
          40.012459
        ]
      },
      "properties": {
        "id": "hattusa-vici-25605",
        "siteKey": "hattusa",
        "siteName": "哈图莎（赫梯首都）",
        "siteEnName": "Hattusha (Hittite capital)",
        "name": "第七神庙",
        "enName": "Temple VII",
        "originalName": "Temple VII",
        "role": "temple",
        "period": "夏商",
        "periodLabel": "赫梯时期／青铜时代",
        "heritageId": "whc-377",
        "tentative": false,
        "sourceUrl": "https://vici.org/vici/25605/",
        "referenceUrl": "https://publications.dainst.org/books/dai/catalog/book/2090",
        "note": "萨勒卡莱附近第七神庙位置参照；点位不代表完整神庙平面。",
        "label": true,
        "attribution": "Vici.org · coordinate metadata CC0",
        "license": "CC0",
        "positionReference": true
      }
    },
    {
      "type": "Feature",
      "geometry": {
        "type": "Point",
        "coordinates": [
          34.619579,
          40.012623
        ]
      },
      "properties": {
        "id": "hattusa-vici-25613",
        "siteKey": "hattusa",
        "siteName": "哈图莎（赫梯首都）",
        "siteEnName": "Hattusha (Hittite capital)",
        "name": "东部圣池（第一池）",
        "enName": "Eastern Sacred Pond I",
        "originalName": "Eastern Sacred Pond I",
        "role": "water",
        "period": "夏商",
        "periodLabel": "赫梯时期／青铜时代",
        "heritageId": "whc-377",
        "tentative": false,
        "sourceUrl": "https://vici.org/vici/25613/",
        "referenceUrl": "https://publications.dainst.org/books/dai/catalog/book/2090",
        "note": "南堡祭祀室附近的古代池区位置参照；尚未核实池岸实测矢量，暂不填充推测池面。",
        "label": true,
        "attribution": "Vici.org · coordinate metadata CC0",
        "license": "CC0",
        "positionReference": true
      }
    },
    {
      "type": "Feature",
      "geometry": {
        "type": "LineString",
        "coordinates": [
          [
            34.6181314,
            40.0131195
          ],
          [
            34.6182544,
            40.0130522
          ],
          [
            34.6184126,
            40.0129906
          ],
          [
            34.6185253,
            40.0129351
          ],
          [
            34.6187698,
            40.0128504
          ],
          [
            34.6189656,
            40.0131216
          ],
          [
            34.6190407,
            40.0131811
          ],
          [
            34.6190859,
            40.013194
          ],
          [
            34.6192817,
            40.0132084
          ],
          [
            34.6193997,
            40.0133665
          ]
        ]
      },
      "properties": {
        "id": "hattusa-way-369118841",
        "siteKey": "hattusa",
        "siteName": "哈图莎（赫梯首都）",
        "siteEnName": "Hattusha (Hittite capital)",
        "name": "南堡 · 墙体遗迹（公开标绘）",
        "enName": "Southern Fort · mapped wall remains",
        "originalName": "",
        "role": "wall",
        "period": "周",
        "periodLabel": "弗里吉亚时期／铁器时代",
        "heritageId": "whc-377",
        "tentative": false,
        "sourceUrl": "https://www.openstreetmap.org/way/369118841",
        "referenceUrl": "https://publications.dainst.org/books/dai/catalog/book/2090",
        "note": "南堡周边公开墙线，保留原始开放线形。各段具体建筑分期未逐段核实；按南堡遗址分组，不代表完整闭合外墙。",
        "label": false,
        "attribution": "© OpenStreetMap contributors · ODbL",
        "license": "ODbL",
        "positionReference": false
      }
    },
    {
      "type": "Feature",
      "geometry": {
        "type": "LineString",
        "coordinates": [
          [
            34.6185726,
            40.0134275
          ],
          [
            34.6184315,
            40.0133568
          ],
          [
            34.6184174,
            40.0133708
          ],
          [
            34.6183486,
            40.0133373
          ],
          [
            34.6183592,
            40.0133239
          ],
          [
            34.6181958,
            40.0132161
          ],
          [
            34.6180804,
            40.0131606
          ]
        ]
      },
      "properties": {
        "id": "hattusa-way-369118847",
        "siteKey": "hattusa",
        "siteName": "哈图莎（赫梯首都）",
        "siteEnName": "Hattusha (Hittite capital)",
        "name": "南堡 · 墙体遗迹（公开标绘）",
        "enName": "Southern Fort · mapped wall remains",
        "originalName": "",
        "role": "wall",
        "period": "周",
        "periodLabel": "弗里吉亚时期／铁器时代",
        "heritageId": "whc-377",
        "tentative": false,
        "sourceUrl": "https://www.openstreetmap.org/way/369118847",
        "referenceUrl": "https://publications.dainst.org/books/dai/catalog/book/2090",
        "note": "南堡周边公开墙线，保留原始开放线形。各段具体建筑分期未逐段核实；按南堡遗址分组，不代表完整闭合外墙。",
        "label": false,
        "attribution": "© OpenStreetMap contributors · ODbL",
        "license": "ODbL",
        "positionReference": false
      }
    },
    {
      "type": "Feature",
      "geometry": {
        "type": "LineString",
        "coordinates": [
          [
            34.6182253,
            40.0131811
          ],
          [
            34.6183808,
            40.0132818
          ],
          [
            34.6186111,
            40.0134035
          ],
          [
            34.618686,
            40.0134629
          ]
        ]
      },
      "properties": {
        "id": "hattusa-way-369118884",
        "siteKey": "hattusa",
        "siteName": "哈图莎（赫梯首都）",
        "siteEnName": "Hattusha (Hittite capital)",
        "name": "南堡 · 墙体遗迹（公开标绘）",
        "enName": "Southern Fort · mapped wall remains",
        "originalName": "",
        "role": "wall",
        "period": "周",
        "periodLabel": "弗里吉亚时期／铁器时代",
        "heritageId": "whc-377",
        "tentative": false,
        "sourceUrl": "https://www.openstreetmap.org/way/369118884",
        "referenceUrl": "https://publications.dainst.org/books/dai/catalog/book/2090",
        "note": "南堡周边公开墙线，保留原始开放线形。各段具体建筑分期未逐段核实；按南堡遗址分组，不代表完整闭合外墙。",
        "label": false,
        "attribution": "© OpenStreetMap contributors · ODbL",
        "license": "ODbL",
        "positionReference": false
      }
    }
  ]
}
